#
# A fatal error has been detected by the Java Runtime Environment:
#
#  SIGSEGV (0xb) at pc=0x000000010541f620, pid=13617, tid=34839
#
# JRE version: OpenJDK Runtime Environment Homebrew (26.0.2) (build 26.0.2)
# Java VM: OpenJDK 64-Bit Server VM Homebrew (26.0.2, mixed mode, sharing, tiered, compressed oops, compressed class ptrs, g1 gc, bsd-aarch64)
# Problematic frame:
# C  [Python+0xaf620]  PyObject_RichCompare+0x40
#
# No core dump will be written. Core dumps have been disabled. To enable core dumping, try "ulimit -c unlimited" before starting Java again
#
# If you would like to submit a bug report, please visit:
#   https://github.com/Homebrew/homebrew-core/issues
# The crash happened outside the Java Virtual Machine in native code.
# See problematic frame for where to report the bug.
#

---------------  S U M M A R Y ------------

Command Line: -Dfile.encoding=UTF8 -ea -Xmx1024m 

Host: "MacBookPro18,3" arm64, 8 cores, 16G, Darwin 25.5.0, macOS 26.5.2 (25F84)
Time: Mon Aug 17 12:50:03 2026 KST elapsed time: 289.550511 seconds (0d 0h 4m 49s)

---------------  T H R E A D  ---------------

Current thread (0x00000009212a7000):  JavaThread "SIGTERM handler" daemon [_thread_in_native, id=34839, stack(0x0000000175400000,0x0000000175603000) (2060K)]

Stack: [0x0000000175400000,0x0000000175603000],  sp=0x0000000175602610,  free space=2057k
Native frames: (J=compiled Java code, j=interpreted, Vv=VM code, C=native code)
C  [Python+0xaf620]  PyObject_RichCompare+0x40
C  [Python+0x1de6e8]  compare_handler+0x3c
C  [Python+0x1deaa8]  PyErr_SetInterruptEx+0x4c
j  org.jpype.JPypeSignal.interruptPy(I)V+0
j  org.jpype.JPypeSignal.lambda$getSignalHandler$0(ILjava/lang/Object;Ljava/lang/reflect/Method;[Ljava/lang/Object;)Ljava/lang/Object;+7
j  org.jpype.JPypeSignal$$Lambda+0x00001e0001047d40.invoke(Ljava/lang/Object;Ljava/lang/reflect/Method;[Ljava/lang/Object;)Ljava/lang/Object;+7
j  jdk.proxy2.$Proxy2.handle(Lsun/misc/Signal;)V+16 jdk.proxy2
j  sun.misc.Signal$InternalMiscHandler.handle(Ljdk/internal/misc/Signal;)V+8 jdk.unsupported@26.0.2
j  jdk.internal.misc.Signal$1.run()V+8 java.base@26.0.2
j  java.lang.Thread.runWith(Ljava/lang/Object;Ljava/lang/Runnable;)V+5 java.base@26.0.2
j  java.lang.Thread.run()V+19 java.base@26.0.2
v  ~StubRoutines::Stub Generator call_stub_stub 0x000000012a33c454
V  [libjvm.dylib+0x40a594]  JavaCalls::call_helper(JavaValue*, methodHandle const&, JavaCallArguments*, JavaThread*)+0x270
V  [libjvm.dylib+0x409944]  JavaCalls::call_virtual(JavaValue*, Klass*, Symbol*, Symbol*, JavaCallArguments*, JavaThread*)+0x118
V  [libjvm.dylib+0x409a0c]  JavaCalls::call_virtual(JavaValue*, Handle, Klass*, Symbol*, Symbol*, JavaThread*)+0x64
V  [libjvm.dylib+0x4c78cc]  thread_entry(JavaThread*, JavaThread*)+0x9c
V  [libjvm.dylib+0x41b438]  JavaThread::thread_main_inner()+0x88
V  [libjvm.dylib+0x41b27c]  JavaThread::run()+0x178
V  [libjvm.dylib+0x8d1224]  Thread::call_run()+0x8c
V  [libjvm.dylib+0x6f4368]  thread_native_entry(Thread*)+0xcc
C  [libsystem_pthread.dylib+0x6c58]  _pthread_start+0x88
Java frames: (J=compiled Java code, j=interpreted, Vv=VM code)
j  org.jpype.JPypeSignal.interruptPy(I)V+0
j  org.jpype.JPypeSignal.lambda$getSignalHandler$0(ILjava/lang/Object;Ljava/lang/reflect/Method;[Ljava/lang/Object;)Ljava/lang/Object;+7
j  org.jpype.JPypeSignal$$Lambda+0x00001e0001047d40.invoke(Ljava/lang/Object;Ljava/lang/reflect/Method;[Ljava/lang/Object;)Ljava/lang/Object;+7
j  jdk.proxy2.$Proxy2.handle(Lsun/misc/Signal;)V+16 jdk.proxy2
j  sun.misc.Signal$InternalMiscHandler.handle(Ljdk/internal/misc/Signal;)V+8 jdk.unsupported@26.0.2
j  jdk.internal.misc.Signal$1.run()V+8 java.base@26.0.2
j  java.lang.Thread.runWith(Ljava/lang/Object;Ljava/lang/Runnable;)V+5 java.base@26.0.2
j  java.lang.Thread.run()V+19 java.base@26.0.2
v  ~StubRoutines::Stub Generator call_stub_stub 0x000000012a33c454

siginfo: si_signo: 11 (SIGSEGV), si_code: 2 (SEGV_ACCERR), si_addr: 0x0000000000000024

Registers:
 x0=0x000000093514cb58  x1=0x00000001057f5ed0  x2=0x0000000000000002  x3=0x0000000000000000
 x4=0x0000000000000001  x5=0x0000000000000000  x6=0x00000000000000d6  x7=0x00000009212a7000
 x8=0x0000000183bbc388  x9=0x000000010571d808 x10=0x000000010c58c190 x11=0x0000000000000003
x12=0x000000013241b000 x13=0x000000013241b000 x14=0x0000000000001800 x15=0x0000000000000010
x16=0x0000000000000102 x17=0x0000000000000000 x18=0x0000000000000000 x19=0x0000000000000000
x20=0x00000001057f5ed0 x21=0x00000001057f5eb0 x22=0x0000000000000002 x23=0x000000000000000a
x24=0x0000000175602748 x25=0x000000012a343980 x26=0x000000013241b328 x27=0x0000000000000000
x28=0x00000009212a7000  fp=0x0000000175602660  lr=0x000000010541f614  sp=0x0000000175602610
pc=0x000000010541f620 cpsr=0x0000000080001000

Register to memory mapping:

x0 =0x000000093514cb58 points into unknown readable memory: 0x0000000000000000 | 00 00 00 00 00 00 00 00
x1 =0x00000001057f5ed0: _PyRuntime+0xaa0 in /opt/homebrew/Cellar/python@3.12/3.12.14/Frameworks/Python.framework/Versions/3.12/Python at 0x0000000105370000
x2 =0x0000000000000002 is an unknown value
x3 =0x0 is null
x4 =0x0000000000000001 is an unknown value
x5 =0x0 is null
x6 =0x00000000000000d6 is an unknown value
x7 =0x00000009212a7000 is a thread
x8 =0x0000000183bbc388: _tlv_get_addr+0 in /usr/lib/system/libdyld.dylib at 0x0000000183b9f000
x9 =0x000000010571d808: PyLong_Type+0 in /opt/homebrew/Cellar/python@3.12/3.12.14/Frameworks/Python.framework/Versions/3.12/Python at 0x0000000105370000
x10=0x000000010c58c190: Java_org_jpype_JPypeSignal_interruptPy+0 in /Users/shim/DA/movie_data_analysis/.venv/lib/python3.12/site-packages/_jpype.so at 0x000000010c578000
x11=0x0000000000000003 is an unknown value
x12={method} {0x000000013241b000} 'interruptPy' '(I)V' in 'org/jpype/JPypeSignal'
x13={method} {0x000000013241b000} 'interruptPy' '(I)V' in 'org/jpype/JPypeSignal'
x14=0x0000000000001800 is an unknown value
x15=0x0000000000000010 is an unknown value
x16=0x0000000000000102 is an unknown value
x17=0x0 is null
x18=0x0 is null
x19=0x0 is null
x20=0x00000001057f5ed0: _PyRuntime+0xaa0 in /opt/homebrew/Cellar/python@3.12/3.12.14/Frameworks/Python.framework/Versions/3.12/Python at 0x0000000105370000
x21=0x00000001057f5eb0: _PyRuntime+0xa80 in /opt/homebrew/Cellar/python@3.12/3.12.14/Frameworks/Python.framework/Versions/3.12/Python at 0x0000000105370000
x22=0x0000000000000002 is an unknown value
x23=0x000000000000000a is an unknown value
x24=0x0000000175602748 is pointing into the stack for thread: 0x00000009212a7000
x25=0x000000012a343980 is at code_begin+0 in an Interpreter codelet
method entry point (kind = zerolocals)  [0x000000012a343980, 0x000000012a343c70]  752 bytes
x26=0x000000013241b328 is pointing into metadata
x27=0x0 is null
x28=0x00000009212a7000 is a thread
 fp=0x0000000175602660 is pointing into the stack for thread: 0x00000009212a7000
 lr=0x000000010541f614: PyObject_RichCompare+0x34 in /opt/homebrew/Cellar/python@3.12/3.12.14/Frameworks/Python.framework/Versions/3.12/Python at 0x0000000105370000
 sp=0x0000000175602610 is pointing into the stack for thread: 0x00000009212a7000

Top of Stack: (sp=0x0000000175602610)
0x0000000175602610:   0000000175602748 000000000000000a   H'`u............
0x0000000175602620:   0000000000000000 000000013241b000   ..........A2....
0x0000000175602630:   0000000175602748 000000000000000a   H'`u............
0x0000000175602640:   0000000000000000 00000001057f5430   ........0T......
0x0000000175602650:   00000001057f5eb0 000000000000000f   .^..............
0x0000000175602660:   0000000175602680 000000010554e6e8   .&`u......T.....
0x0000000175602670:   00000009212a7001 000000013241b000   .p*!......A2....
0x0000000175602680:   00000001756026b0 000000010554eaa8   .&`u......T.....
0x0000000175602690:   0000000000000000 00000001133dd300   ..........=.....
0x00000001756026a0:   00000001756026c8 000000012a342730   .&`u....0'4*....
0x00000001756026b0:   0000000175602720 000000012a344974    '`u....tI4*....
0x00000001756026c0:   0000000175602710 0000000112bf1bb4   .'`u............
0x00000001756026d0:   fffffffffffffff6 0000000000000000   ................
0x00000001756026e0:   0000000000000005 000000013241b328   ........(.A2....
0x00000001756026f0:   0000000300834128 fffffffffffffff4   (A..............
0x0000000175602700:   0000000000000000 000000013241b000   ..........A2....
0x0000000175602710:   0000000000000000 0000000175602730   ........0'`u....
0x0000000175602720:   00000001756027a0 000000012a340d90   .'`u......4*....
0x0000000175602730:   0000000300834128 000000012a342730   (A......0'4*....
0x0000000175602740:   0000000000000000 000000000000000f   ................
0x0000000175602750:   fffffffffffffff6 000000013241b10f   ..........A2....
0x0000000175602760:   0000000000000005 000000013241b328   ........(.A2....
0x0000000175602770:   0000000300834128 fffffffffffffff2   (A..............
0x0000000175602780:   0000000000000000 000000013241b118   ..........A2....
0x0000000175602790:   fffffffffffffff5 0000000175602790   .........'`u....
0x00000001756027a0:   0000000175602820 000000012a340b20    (`u.... .4*....
0x00000001756027b0:   000000030fa80000 00000003008344a0   .........D......
0x00000001756027c0:   00000003008b7258 000000000000000f   Xr..............
0x00000001756027d0:   fffffffffffffff6 000000013241b677   ........w.A2....
0x00000001756027e0:   0000000000000005 000000013241b748   ........H.A2....
0x00000001756027f0:   00000003008341e0 ffffffffffffffee   .A..............
0x0000000175602800:   0000000000000000 000000013241b680   ..........A2....

Instructions: (pc=0x000000010541f620)
  0x000000010541f520:   a0 ff ff 17 1f 00 01 eb a0 02 00 54 ff 83 00 d1
  0x000000010541f530:   fd 7b 01 a9 fd 43 00 91 2a 00 00 94 40 04 00 b4
  0x000000010541f540:   e8 03 00 aa 09 04 40 f9 6a 17 00 b0 4a c1 10 91
  0x000000010541f550:   3f 01 0a eb c1 03 00 54 69 17 00 b0 29 41 17 91
  0x000000010541f560:   1f 01 09 eb e0 17 9f 1a 09 01 40 f9 09 01 f8 36
  0x000000010541f570:   fd 7b 41 a9 ff 83 00 91 c0 03 5f d6 5f 08 00 71
  0x000000010541f580:   a1 01 00 54 20 00 80 52 c0 03 5f d6 29 05 00 f1
  0x000000010541f590:   09 01 00 f9 e1 fe ff 54 09 05 40 f9 29 19 40 f9
  0x000000010541f5a0:   e0 0b 00 b9 e0 03 08 aa 20 01 3f d6 e0 0b 40 b9
  0x000000010541f5b0:   f0 ff ff 17 5f 0c 00 71 a1 fb ff 54 00 00 80 52
  0x000000010541f5c0:   c0 03 5f d6 00 00 80 12 ea ff ff 17 e0 03 08 aa
  0x000000010541f5d0:   e8 07 00 f9 b5 00 00 94 e8 07 40 f9 e3 ff ff 17
  0x000000010541f5e0:   ff 83 01 d1 f8 5f 02 a9 f6 57 03 a9 f4 4f 04 a9
  0x000000010541f5f0:   fd 7b 05 a9 fd 43 01 91 f6 03 02 aa f4 03 01 aa
  0x000000010541f600:   f5 03 00 aa 20 22 00 d0 00 00 11 91 08 00 40 f9
  0x000000010541f610:   00 01 3f d6 13 00 40 f9 95 12 00 b4 74 12 00 b4
=>0x000000010541f620:   68 26 40 b9 09 05 00 51 69 26 00 b9 1f 01 00 71
  0x000000010541f630:   0d 13 00 54 88 06 40 f9 a9 06 40 f9 17 18 00 d0
  0x000000010541f640:   f7 c2 33 91 3f 01 08 eb 61 08 00 54 38 00 80 52
  0x000000010541f650:   a8 06 40 f9 08 65 40 f9 68 02 00 b4 e0 03 15 aa
  0x000000010541f660:   e1 03 14 aa e2 03 16 aa 00 01 3f d6 1f 00 17 eb
  0x000000010541f670:   40 01 00 54 68 26 40 b9 08 05 00 11 68 26 00 b9
  0x000000010541f680:   fd 7b 45 a9 f4 4f 44 a9 f6 57 43 a9 f8 5f 42 a9
  0x000000010541f690:   ff 83 01 91 c0 03 5f d6 08 18 00 d0 09 79 46 f9
  0x000000010541f6a0:   a9 03 f8 36 f8 01 00 34 88 06 40 f9 08 65 40 f9
  0x000000010541f6b0:   88 01 00 b4 09 18 00 d0 29 61 1c 91 22 d9 76 b8
  0x000000010541f6c0:   e0 03 14 aa e1 03 15 aa 00 01 3f d6 1f 00 17 eb
  0x000000010541f6d0:   21 fd ff 54 08 18 00 d0 09 79 46 f9 c9 02 f8 36
  0x000000010541f6e0:   df 0a 00 71 01 05 00 54 68 17 00 b0 08 c1 17 91
  0x000000010541f6f0:   69 17 00 b0 29 41 17 91 bf 02 14 eb 20 01 88 9a
  0x000000010541f700:   08 00 40 b9 08 05 00 31 62 fb ff 54 08 00 00 b9
  0x000000010541f710:   d9 ff ff 17 29 05 00 f1 09 79 06 f9 41 fc ff 54


Stack slot to memory mapping:

stack at sp + 0 slots: 0x0000000175602748 is pointing into the stack for thread: 0x00000009212a7000
stack at sp + 1 slots: 0x000000000000000a is an unknown value
stack at sp + 2 slots: 0x0 is null
stack at sp + 3 slots: {method} {0x000000013241b000} 'interruptPy' '(I)V' in 'org/jpype/JPypeSignal'
stack at sp + 4 slots: 0x0000000175602748 is pointing into the stack for thread: 0x00000009212a7000
stack at sp + 5 slots: 0x000000000000000a is an unknown value
stack at sp + 6 slots: 0x0 is null
stack at sp + 7 slots: 0x00000001057f5430: _PyRuntime+0 in /opt/homebrew/Cellar/python@3.12/3.12.14/Frameworks/Python.framework/Versions/3.12/Python at 0x0000000105370000

Lock stack of current Java thread (top to bottom):


---------------  P R O C E S S  ---------------

Threads class SMR info:
_java_thread_list=0x00000009353e5d40, length=13, elements={
0x0000000923e8b800, 0x0000000923f18800, 0x0000000923f19000, 0x0000000923f19800,
0x0000000923f1a000, 0x0000000923f1a800, 0x0000000923f48000, 0x0000000923f48a00,
0x0000000923f1b000, 0x0000000923f1b800, 0x0000000923f55000, 0x00000009212a5800,
0x00000009212a7000
}

Java Threads: ( => current thread )
  0x0000000923e8b800 JavaThread "main"                              [_thread_in_native, id=259, stack(0x000000016a564000,0x000000016b564000) (16384K)]
  0x0000000923f18800 JavaThread "Reference Handler"          daemon [_thread_blocked, id=28675, stack(0x0000000173964000,0x0000000173b67000) (2060K)]
  0x0000000923f19000 JavaThread "Finalizer"                  daemon [_thread_blocked, id=26371, stack(0x0000000173b70000,0x0000000173d73000) (2060K)]
  0x0000000923f19800 JavaThread "Signal Dispatcher"          daemon [_thread_blocked, id=26883, stack(0x0000000173d7c000,0x0000000173f7f000) (2060K)]
  0x0000000923f1a000 JavaThread "Service Thread"             daemon [_thread_blocked, id=28163, stack(0x0000000173f88000,0x000000017418b000) (2060K)]
  0x0000000923f1a800 JavaThread "Monitor Deflation Thread"   daemon [_thread_blocked, id=27395, stack(0x0000000174194000,0x0000000174397000) (2060K)]
  0x0000000923f48000 JavaThread "C2 CompilerThread0"         daemon [_thread_blocked, id=27907, stack(0x00000001743a0000,0x00000001745a3000) (2060K)]
  0x0000000923f48a00 JavaThread "C1 CompilerThread0"         daemon [_thread_blocked, id=33027, stack(0x00000001745ac000,0x00000001747af000) (2060K)]
  0x0000000923f1b000 JavaThread "Notification Thread"        daemon [_thread_blocked, id=43011, stack(0x00000001747b8000,0x00000001749bb000) (2060K)]
  0x0000000923f1b800 JavaThread "Common-Cleaner"             daemon [_thread_blocked, id=42499, stack(0x00000001749c4000,0x0000000174bc7000) (2060K)]
  0x0000000923f55000 JavaThread "Python Reference Queue"     daemon [_thread_blocked, id=34051, stack(0x0000000174ddc000,0x0000000174fdf000) (2060K)]
  0x00000009212a5800 JavaThread "Thread-1"                   daemon [_thread_in_native, id=34827, stack(0x000000017746c000,0x000000017846f000) (16396K)]
=>0x00000009212a7000 JavaThread "SIGTERM handler"            daemon [_thread_in_native, id=34839, stack(0x0000000175400000,0x0000000175603000) (2060K)]
Total: 13

Other Threads:
  0x0000000926b8d400 VMThread "VM Thread"                           [id=32259, stack(0x00000001736cc000,0x00000001738cf000) (2060K)]
  0x0000000926b8cc00 WatcherThread "VM Periodic Task Thread"        [id=19215, stack(0x00000001734c0000,0x00000001736c3000) (2060K)]
  0x0000000926b41000 WorkerThread "GC Thread#0"                     [id=13571, stack(0x0000000172878000,0x0000000172a7b000) (2060K)]
  0x0000000926bef400 WorkerThread "GC Thread#1"                     [id=34307, stack(0x0000000174fe8000,0x00000001751eb000) (2060K)]
  0x00000009285af800 WorkerThread "GC Thread#2"                     [id=41987, stack(0x00000001751f4000,0x00000001753f7000) (2060K)]
  0x00000009353bb400 WorkerThread "GC Thread#3"                     [id=41219, stack(0x0000000176a30000,0x0000000176c33000) (2060K)]
  0x00000009353bb800 WorkerThread "GC Thread#4"                     [id=36099, stack(0x0000000176c3c000,0x0000000176e3f000) (2060K)]
  0x000000093fe69800 WorkerThread "GC Thread#5"                     [id=40707, stack(0x0000000176e48000,0x000000017704b000) (2060K)]
  0x0000000941115800 WorkerThread "GC Thread#6"                     [id=40451, stack(0x0000000177054000,0x0000000177257000) (2060K)]
  0x0000000941115c00 WorkerThread "GC Thread#7"                     [id=40195, stack(0x0000000177260000,0x0000000177463000) (2060K)]
  0x0000000926b41800 ConcurrentGCThread "G1 Main Marker"            [id=21507, stack(0x0000000172a84000,0x0000000172c87000) (2060K)]
  0x0000000926b42000 WorkerThread "G1 Conc#0"                       [id=20739, stack(0x0000000172c90000,0x0000000172e93000) (2060K)]
  0x0000000927dd2c00 WorkerThread "G1 Conc#1"                       [id=35331, stack(0x000000017560c000,0x000000017580f000) (2060K)]
  0x0000000926b42c00 WorkerThread "G1 Refinement Workers#0"         [id=19971, stack(0x00000001730a8000,0x00000001732ab000) (2060K)]
  0x0000000923e0d400 ConcurrentGCThread "G1 Refine Control"         [id=20227, stack(0x0000000172e9c000,0x000000017309f000) (2060K)]
  0x0000000923e0d900 ConcurrentGCThread "G1 Service"                [id=17667, stack(0x00000001732b4000,0x00000001734b7000) (2060K)]
Total: 16

Threads with active compile tasks:
Total: 0

VM state: not at safepoint (normal execution)

VM Mutex/Monitor currently owned by a thread: None

Heap address: 0x0000000300800000, size: 1024 MB, Compressed Oops mode: Zero based, Oop shift amount: 3

CDS archive(s) mapped at: [0x00001e0000000000-0x00001e0000dac000-0x00001e0000dac000), size 14336000, SharedBaseAddress: 0x00001e0000000000, ArchiveRelocationMode: 1.
Compressed class space mapped at: 0x00001e0001000000-0x00001e0041000000, reserved size: 1073741824
UseCompressedClassPointers 1, UseCompactObjectHeaders 0
Narrow klass pointer bits 32, Max shift 3
Narrow klass base: 0x00001e0000000000, Narrow klass shift: 0
Encoding Range: [0x00001e0000000000 - 0x00001e0100000000), (4294967296 bytes)
Klass Range:    [0x00001e0000000000 - 0x00001e0041000000), (1090519040 bytes)
Klass ID Range:  [8 - 1090519033) (1090519025)
Protection zone: [0x00001e0000000000 - 0x00001e0000004000), (16384 bytes)

GC Precious Log:
 CardTable entry size: 512
 Card Set container configuration: InlinePtr #cards 5 size 8 Array Of Cards #cards 10 size 36 Howl #buckets 4 coarsen threshold 1843 Howl Bitmap #cards 512 size 80 coarsen threshold 460 Card regions per heap region 1 cards per card region 2048
 CPUs: 8 total, 8 available
 Memory: 16384M
 Large Page Support: Disabled
 NUMA Support: Disabled
 Compressed Oops: Enabled (Zero based)
 Heap Region Size: 1M
 Heap Min Capacity: 8M
 Heap Initial Capacity: 8M
 Heap Max Capacity: 1G
 Pre-touch: Disabled
 Parallel Workers: 8
 Concurrent Workers: 2
 Concurrent Refinement Workers: 8
 Periodic GC: Disabled

Heap:
 garbage-first heap   total reserved 1048576K, committed 280576K, used 109426K [0x0000000300800000, 0x0000000340800000)
  region size 1M, 30 eden (30M), 0 survivor (0M), 67 old (67M), 15 humongous (15M), 162 free (162M)

Heap Regions: E=young(eden), S=young(survivor), O=old, HS=humongous(starts), HC=humongous(continues), CS=collection set, F=free, TAMS=top-at-mark-start, PB=parsable bottom
|    0|0x0000000300800000, 0x00000003008ff778, 0x0000000300900000| 99%| O|  |TAMS 0x0000000300800000| PB 0x0000000300800000| Untracked |  0
|    1|0x0000000300900000, 0x00000003009fffe8, 0x0000000300a00000| 99%| O|  |TAMS 0x0000000300900000| PB 0x0000000300900000| Untracked |  0
|    2|0x0000000300a00000, 0x0000000300b00000, 0x0000000300b00000|100%| O|  |TAMS 0x0000000300a00000| PB 0x0000000300a00000| Untracked |  0
|    3|0x0000000300b00000, 0x0000000300bfffe8, 0x0000000300c00000| 99%| O|  |TAMS 0x0000000300b00000| PB 0x0000000300b00000| Untracked |  0
|    4|0x0000000300c00000, 0x0000000300cffff0, 0x0000000300d00000| 99%| O|  |TAMS 0x0000000300c00000| PB 0x0000000300c00000| Untracked |  0
|    5|0x0000000300d00000, 0x0000000300dffff0, 0x0000000300e00000| 99%| O|  |TAMS 0x0000000300d00000| PB 0x0000000300d00000| Untracked |  0
|    6|0x0000000300e00000, 0x0000000300effff8, 0x0000000300f00000| 99%| O|  |TAMS 0x0000000300e00000| PB 0x0000000300e00000| Untracked |  0
|    7|0x0000000300f00000, 0x0000000301000000, 0x0000000301000000|100%| O|  |TAMS 0x0000000300f00000| PB 0x0000000300f00000| Untracked |  0
|    8|0x0000000301000000, 0x0000000301100000, 0x0000000301100000|100%| O|  |TAMS 0x0000000301000000| PB 0x0000000301000000| Untracked |  0
|    9|0x0000000301100000, 0x00000003011fffe0, 0x0000000301200000| 99%| O|  |TAMS 0x0000000301100000| PB 0x0000000301100000| Untracked |  0
|   10|0x0000000301200000, 0x0000000301300000, 0x0000000301300000|100%| O|  |TAMS 0x0000000301200000| PB 0x0000000301200000| Untracked |  0
|   11|0x0000000301300000, 0x0000000301400000, 0x0000000301400000|100%|HS|  |TAMS 0x0000000301300000| PB 0x0000000301300000| Untracked |  0
|   12|0x0000000301400000, 0x0000000301500000, 0x0000000301500000|100%|HC|  |TAMS 0x0000000301400000| PB 0x0000000301400000| Untracked |  0
|   13|0x0000000301500000, 0x0000000301600000, 0x0000000301600000|100%| O|  |TAMS 0x0000000301500000| PB 0x0000000301500000| Untracked |  0
|   14|0x0000000301600000, 0x00000003016ffff0, 0x0000000301700000| 99%| O|  |TAMS 0x0000000301600000| PB 0x0000000301600000| Untracked |  0
|   15|0x0000000301700000, 0x00000003017fffe8, 0x0000000301800000| 99%| O|  |TAMS 0x0000000301700000| PB 0x0000000301700000| Untracked |  0
|   16|0x0000000301800000, 0x0000000301900000, 0x0000000301900000|100%|HS|  |TAMS 0x0000000301800000| PB 0x0000000301800000| Untracked |  0
|   17|0x0000000301900000, 0x0000000301a00000, 0x0000000301a00000|100%|HC|  |TAMS 0x0000000301900000| PB 0x0000000301900000| Untracked |  0
|   18|0x0000000301a00000, 0x0000000301affff0, 0x0000000301b00000| 99%| O|  |TAMS 0x0000000301a00000| PB 0x0000000301a00000| Untracked |  0
|   19|0x0000000301b00000, 0x0000000301c00000, 0x0000000301c00000|100%|HS|  |TAMS 0x0000000301b00000| PB 0x0000000301b00000| Untracked |  0
|   20|0x0000000301c00000, 0x0000000301d00000, 0x0000000301d00000|100%| O|  |TAMS 0x0000000301c00000| PB 0x0000000301c00000| Untracked |  0
|   21|0x0000000301d00000, 0x0000000301e00000, 0x0000000301e00000|100%|HS|  |TAMS 0x0000000301d00000| PB 0x0000000301d00000| Untracked |  0
|   22|0x0000000301e00000, 0x0000000301effff8, 0x0000000301f00000| 99%| O|  |TAMS 0x0000000301e00000| PB 0x0000000301e00000| Untracked |  0
|   23|0x0000000301f00000, 0x0000000301fffff8, 0x0000000302000000| 99%| O|  |TAMS 0x0000000301f00000| PB 0x0000000301f00000| Untracked |  0
|   24|0x0000000302000000, 0x0000000302100000, 0x0000000302100000|100%| O|  |TAMS 0x0000000302000000| PB 0x0000000302000000| Untracked |  0
|   25|0x0000000302100000, 0x0000000302200000, 0x0000000302200000|100%| O|  |TAMS 0x0000000302100000| PB 0x0000000302100000| Untracked |  0
|   26|0x0000000302200000, 0x00000003022ffff8, 0x0000000302300000| 99%| O|  |TAMS 0x0000000302200000| PB 0x0000000302200000| Untracked |  0
|   27|0x0000000302300000, 0x0000000302400000, 0x0000000302400000|100%| O|  |TAMS 0x0000000302300000| PB 0x0000000302300000| Untracked |  0
|   28|0x0000000302400000, 0x0000000302500000, 0x0000000302500000|100%| O|  |TAMS 0x0000000302400000| PB 0x0000000302400000| Untracked |  0
|   29|0x0000000302500000, 0x0000000302600000, 0x0000000302600000|100%| O|  |TAMS 0x0000000302500000| PB 0x0000000302500000| Untracked |  0
|   30|0x0000000302600000, 0x00000003026fffe8, 0x0000000302700000| 99%| O|  |TAMS 0x0000000302600000| PB 0x0000000302600000| Untracked |  0
|   31|0x0000000302700000, 0x00000003027ffff0, 0x0000000302800000| 99%| O|  |TAMS 0x0000000302700000| PB 0x0000000302700000| Untracked |  0
|   32|0x0000000302800000, 0x0000000302900000, 0x0000000302900000|100%| O|  |TAMS 0x0000000302800000| PB 0x0000000302800000| Untracked |  0
|   33|0x0000000302900000, 0x0000000302a00000, 0x0000000302a00000|100%| O|  |TAMS 0x0000000302900000| PB 0x0000000302900000| Untracked |  0
|   34|0x0000000302a00000, 0x0000000302a0ad10, 0x0000000302b00000|  4%| O|  |TAMS 0x0000000302a00000| PB 0x0000000302a00000| Untracked |  0
|   35|0x0000000302b00000, 0x0000000302c00000, 0x0000000302c00000|100%| O|  |TAMS 0x0000000302b00000| PB 0x0000000302b00000| Untracked |  0
|   36|0x0000000302c00000, 0x0000000302d00000, 0x0000000302d00000|100%| O|  |TAMS 0x0000000302c00000| PB 0x0000000302c00000| Untracked |  0
|   37|0x0000000302d00000, 0x0000000302e00000, 0x0000000302e00000|100%|HS|  |TAMS 0x0000000302d00000| PB 0x0000000302d00000| Untracked |  0
|   38|0x0000000302e00000, 0x0000000302f00000, 0x0000000302f00000|100%|HC|  |TAMS 0x0000000302e00000| PB 0x0000000302e00000| Untracked |  0
|   39|0x0000000302f00000, 0x0000000302fffff8, 0x0000000303000000| 99%| O|  |TAMS 0x0000000302f00000| PB 0x0000000302f00000| Untracked |  0
|   40|0x0000000303000000, 0x0000000303100000, 0x0000000303100000|100%| O|  |TAMS 0x0000000303000000| PB 0x0000000303000000| Untracked |  0
|   41|0x0000000303100000, 0x0000000303200000, 0x0000000303200000|100%| O|  |TAMS 0x0000000303100000| PB 0x0000000303100000| Untracked |  0
|   42|0x0000000303200000, 0x0000000303300000, 0x0000000303300000|100%| O|  |TAMS 0x0000000303200000| PB 0x0000000303200000| Untracked |  0
|   43|0x0000000303300000, 0x0000000303400000, 0x0000000303400000|100%|HS|  |TAMS 0x0000000303300000| PB 0x0000000303300000| Untracked |  0
|   44|0x0000000303400000, 0x0000000303500000, 0x0000000303500000|100%|HC|  |TAMS 0x0000000303400000| PB 0x0000000303400000| Untracked |  0
|   45|0x0000000303500000, 0x0000000303600000, 0x0000000303600000|100%| O|  |TAMS 0x0000000303500000| PB 0x0000000303500000| Untracked |  0
|   46|0x0000000303600000, 0x0000000303700000, 0x0000000303700000|100%| O|  |TAMS 0x0000000303600000| PB 0x0000000303600000| Untracked |  0
|   47|0x0000000303700000, 0x0000000303800000, 0x0000000303800000|100%|HS|  |TAMS 0x0000000303700000| PB 0x0000000303700000| Untracked |  0
|   48|0x0000000303800000, 0x0000000303900000, 0x0000000303900000|100%|HC|  |TAMS 0x0000000303800000| PB 0x0000000303800000| Untracked |  0
|   49|0x0000000303900000, 0x0000000303a00000, 0x0000000303a00000|100%|HS|  |TAMS 0x0000000303900000| PB 0x0000000303900000| Untracked |  0
|   50|0x0000000303a00000, 0x0000000303b00000, 0x0000000303b00000|100%|HC|  |TAMS 0x0000000303a00000| PB 0x0000000303a00000| Untracked |  0
|   51|0x0000000303b00000, 0x0000000303c00000, 0x0000000303c00000|100%|HS|  |TAMS 0x0000000303b00000| PB 0x0000000303b00000| Untracked |  0
|   52|0x0000000303c00000, 0x0000000303cffff0, 0x0000000303d00000| 99%| O|  |TAMS 0x0000000303c00000| PB 0x0000000303c00000| Untracked |  0
|   53|0x0000000303d00000, 0x0000000303dffff8, 0x0000000303e00000| 99%| O|  |TAMS 0x0000000303d00000| PB 0x0000000303d00000| Untracked |  0
|   54|0x0000000303e00000, 0x0000000303effff8, 0x0000000303f00000| 99%| O|  |TAMS 0x0000000303e00000| PB 0x0000000303e00000| Untracked |  0
|   55|0x0000000303f00000, 0x0000000304000000, 0x0000000304000000|100%| O|  |TAMS 0x0000000303f00000| PB 0x0000000303f00000| Untracked |  0
|   56|0x0000000304000000, 0x00000003040ffff8, 0x0000000304100000| 99%| O|  |TAMS 0x0000000304000000| PB 0x0000000304000000| Untracked |  0
|   57|0x0000000304100000, 0x00000003041f0a78, 0x0000000304200000| 94%| O|  |TAMS 0x0000000304100000| PB 0x0000000304100000| Untracked |  0
|   58|0x0000000304200000, 0x0000000304200000, 0x0000000304300000|  0%| F|  |TAMS 0x0000000304200000| PB 0x0000000304200000| Untracked |  0
|   59|0x0000000304300000, 0x0000000304351400, 0x0000000304400000| 31%| O|  |TAMS 0x0000000304300000| PB 0x0000000304300000| Untracked |  0
|   60|0x0000000304400000, 0x00000003044c44f0, 0x0000000304500000| 76%| O|  |TAMS 0x0000000304400000| PB 0x0000000304400000| Untracked |  0
|   61|0x0000000304500000, 0x0000000304600000, 0x0000000304600000|100%| O|  |TAMS 0x0000000304500000| PB 0x0000000304500000| Untracked |  0
|   62|0x0000000304600000, 0x0000000304700000, 0x0000000304700000|100%| O|  |TAMS 0x0000000304600000| PB 0x0000000304600000| Untracked |  0
|   63|0x0000000304700000, 0x0000000304800000, 0x0000000304800000|100%| O|  |TAMS 0x0000000304700000| PB 0x0000000304700000| Untracked |  0
|   64|0x0000000304800000, 0x0000000304900000, 0x0000000304900000|100%| O|  |TAMS 0x0000000304800000| PB 0x0000000304800000| Untracked |  0
|   65|0x0000000304900000, 0x0000000304a00000, 0x0000000304a00000|100%| O|  |TAMS 0x0000000304900000| PB 0x0000000304900000| Untracked |  0
|   66|0x0000000304a00000, 0x0000000304a7f4b8, 0x0000000304b00000| 49%| O|  |TAMS 0x0000000304a00000| PB 0x0000000304a00000| Untracked |  0
|   67|0x0000000304b00000, 0x0000000304bfffe8, 0x0000000304c00000| 99%| O|  |TAMS 0x0000000304b00000| PB 0x0000000304b00000| Untracked |  0
|   68|0x0000000304c00000, 0x0000000304cd1a58, 0x0000000304d00000| 81%| O|  |TAMS 0x0000000304c00000| PB 0x0000000304c00000| Untracked |  0
|   69|0x0000000304d00000, 0x0000000304d4db38, 0x0000000304e00000| 30%| O|  |TAMS 0x0000000304d00000| PB 0x0000000304d00000| Untracked |  0
|   70|0x0000000304e00000, 0x0000000304e00000, 0x0000000304f00000|  0%| F|  |TAMS 0x0000000304e00000| PB 0x0000000304e00000| Untracked |  0
|   71|0x0000000304f00000, 0x0000000304f00000, 0x0000000305000000|  0%| F|  |TAMS 0x0000000304f00000| PB 0x0000000304f00000| Untracked |  0
|   72|0x0000000305000000, 0x0000000305100000, 0x0000000305100000|100%| O|  |TAMS 0x0000000305000000| PB 0x0000000305000000| Untracked |  0
|   73|0x0000000305100000, 0x0000000305200000, 0x0000000305200000|100%| O|  |TAMS 0x0000000305100000| PB 0x0000000305100000| Untracked |  0
|   74|0x0000000305200000, 0x0000000305200000, 0x0000000305300000|  0%| F|  |TAMS 0x0000000305200000| PB 0x0000000305200000| Untracked |  0
|   75|0x0000000305300000, 0x0000000305400000, 0x0000000305400000|100%| O|  |TAMS 0x0000000305300000| PB 0x0000000305300000| Untracked |  0
|   76|0x0000000305400000, 0x0000000305500000, 0x0000000305500000|100%| O|  |TAMS 0x0000000305400000| PB 0x0000000305400000| Untracked |  0
|   77|0x0000000305500000, 0x0000000305600000, 0x0000000305600000|100%| O|  |TAMS 0x0000000305500000| PB 0x0000000305500000| Untracked |  0
|   78|0x0000000305600000, 0x0000000305700000, 0x0000000305700000|100%| O|  |TAMS 0x0000000305600000| PB 0x0000000305600000| Untracked |  0
|   79|0x0000000305700000, 0x0000000305800000, 0x0000000305800000|100%| O|  |TAMS 0x0000000305700000| PB 0x0000000305700000| Untracked |  0
|   80|0x0000000305800000, 0x0000000305900000, 0x0000000305900000|100%| O|  |TAMS 0x0000000305800000| PB 0x0000000305800000| Untracked |  0
|   81|0x0000000305900000, 0x0000000305900000, 0x0000000305a00000|  0%| F|  |TAMS 0x0000000305900000| PB 0x0000000305900000| Untracked |  0
|   82|0x0000000305a00000, 0x0000000305a00000, 0x0000000305b00000|  0%| F|  |TAMS 0x0000000305a00000| PB 0x0000000305a00000| Untracked |  0
|   83|0x0000000305b00000, 0x0000000305bffff0, 0x0000000305c00000| 99%| O|  |TAMS 0x0000000305b00000| PB 0x0000000305b00000| Untracked |  0
|   84|0x0000000305c00000, 0x0000000305c00000, 0x0000000305d00000|  0%| F|  |TAMS 0x0000000305c00000| PB 0x0000000305c00000| Untracked |  0
|   85|0x0000000305d00000, 0x0000000305d00000, 0x0000000305e00000|  0%| F|  |TAMS 0x0000000305d00000| PB 0x0000000305d00000| Untracked |  0
|   86|0x0000000305e00000, 0x0000000305e00000, 0x0000000305f00000|  0%| F|  |TAMS 0x0000000305e00000| PB 0x0000000305e00000| Untracked |  0
|   87|0x0000000305f00000, 0x0000000305f00000, 0x0000000306000000|  0%| F|  |TAMS 0x0000000305f00000| PB 0x0000000305f00000| Untracked |  0
|   88|0x0000000306000000, 0x0000000306000000, 0x0000000306100000|  0%| F|  |TAMS 0x0000000306000000| PB 0x0000000306000000| Untracked |  0
|   89|0x0000000306100000, 0x0000000306100000, 0x0000000306200000|  0%| F|  |TAMS 0x0000000306100000| PB 0x0000000306100000| Untracked |  0
|   90|0x0000000306200000, 0x0000000306200000, 0x0000000306300000|  0%| F|  |TAMS 0x0000000306200000| PB 0x0000000306200000| Untracked |  0
|   91|0x0000000306300000, 0x000000030632dab0, 0x0000000306400000| 17%| O|  |TAMS 0x0000000306300000| PB 0x0000000306300000| Untracked |  0
|   92|0x0000000306400000, 0x0000000306400000, 0x0000000306500000|  0%| F|  |TAMS 0x0000000306400000| PB 0x0000000306400000| Untracked |  0
|   93|0x0000000306500000, 0x0000000306500000, 0x0000000306600000|  0%| F|  |TAMS 0x0000000306500000| PB 0x0000000306500000| Untracked |  0
|   94|0x0000000306600000, 0x0000000306600000, 0x0000000306700000|  0%| F|  |TAMS 0x0000000306600000| PB 0x0000000306600000| Untracked |  0
|   95|0x0000000306700000, 0x0000000306700000, 0x0000000306800000|  0%| F|  |TAMS 0x0000000306700000| PB 0x0000000306700000| Untracked |  0
|   96|0x0000000306800000, 0x0000000306800000, 0x0000000306900000|  0%| F|  |TAMS 0x0000000306800000| PB 0x0000000306800000| Untracked |  0
|   97|0x0000000306900000, 0x0000000306900000, 0x0000000306a00000|  0%| F|  |TAMS 0x0000000306900000| PB 0x0000000306900000| Untracked |  0
|   98|0x0000000306a00000, 0x0000000306a00000, 0x0000000306b00000|  0%| F|  |TAMS 0x0000000306a00000| PB 0x0000000306a00000| Untracked |  0
|   99|0x0000000306b00000, 0x0000000306b00000, 0x0000000306c00000|  0%| F|  |TAMS 0x0000000306b00000| PB 0x0000000306b00000| Untracked |  0
|  100|0x0000000306c00000, 0x0000000306c00000, 0x0000000306d00000|  0%| F|  |TAMS 0x0000000306c00000| PB 0x0000000306c00000| Untracked |  0
|  101|0x0000000306d00000, 0x0000000306d00000, 0x0000000306e00000|  0%| F|  |TAMS 0x0000000306d00000| PB 0x0000000306d00000| Untracked |  0
|  102|0x0000000306e00000, 0x0000000306e00000, 0x0000000306f00000|  0%| F|  |TAMS 0x0000000306e00000| PB 0x0000000306e00000| Untracked |  0
|  103|0x0000000306f00000, 0x0000000306f00000, 0x0000000307000000|  0%| F|  |TAMS 0x0000000306f00000| PB 0x0000000306f00000| Untracked |  0
|  104|0x0000000307000000, 0x0000000307000000, 0x0000000307100000|  0%| F|  |TAMS 0x0000000307000000| PB 0x0000000307000000| Untracked |  0
|  105|0x0000000307100000, 0x0000000307100000, 0x0000000307200000|  0%| F|  |TAMS 0x0000000307100000| PB 0x0000000307100000| Untracked |  0
|  106|0x0000000307200000, 0x0000000307200000, 0x0000000307300000|  0%| F|  |TAMS 0x0000000307200000| PB 0x0000000307200000| Untracked |  0
|  107|0x0000000307300000, 0x0000000307300000, 0x0000000307400000|  0%| F|  |TAMS 0x0000000307300000| PB 0x0000000307300000| Untracked |  0
|  108|0x0000000307400000, 0x0000000307400000, 0x0000000307500000|  0%| F|  |TAMS 0x0000000307400000| PB 0x0000000307400000| Untracked |  0
|  109|0x0000000307500000, 0x0000000307500000, 0x0000000307600000|  0%| F|  |TAMS 0x0000000307500000| PB 0x0000000307500000| Untracked |  0
|  110|0x0000000307600000, 0x0000000307600000, 0x0000000307700000|  0%| F|  |TAMS 0x0000000307600000| PB 0x0000000307600000| Untracked |  0
|  111|0x0000000307700000, 0x0000000307700000, 0x0000000307800000|  0%| F|  |TAMS 0x0000000307700000| PB 0x0000000307700000| Untracked |  0
|  112|0x0000000307800000, 0x0000000307800000, 0x0000000307900000|  0%| F|  |TAMS 0x0000000307800000| PB 0x0000000307800000| Untracked |  0
|  113|0x0000000307900000, 0x0000000307900000, 0x0000000307a00000|  0%| F|  |TAMS 0x0000000307900000| PB 0x0000000307900000| Untracked |  0
|  114|0x0000000307a00000, 0x0000000307a00000, 0x0000000307b00000|  0%| F|  |TAMS 0x0000000307a00000| PB 0x0000000307a00000| Untracked |  0
|  115|0x0000000307b00000, 0x0000000307b00000, 0x0000000307c00000|  0%| F|  |TAMS 0x0000000307b00000| PB 0x0000000307b00000| Untracked |  0
|  116|0x0000000307c00000, 0x0000000307c00000, 0x0000000307d00000|  0%| F|  |TAMS 0x0000000307c00000| PB 0x0000000307c00000| Untracked |  0
|  117|0x0000000307d00000, 0x0000000307d00000, 0x0000000307e00000|  0%| F|  |TAMS 0x0000000307d00000| PB 0x0000000307d00000| Untracked |  0
|  118|0x0000000307e00000, 0x0000000307e00000, 0x0000000307f00000|  0%| F|  |TAMS 0x0000000307e00000| PB 0x0000000307e00000| Untracked |  0
|  119|0x0000000307f00000, 0x0000000307f00000, 0x0000000308000000|  0%| F|  |TAMS 0x0000000307f00000| PB 0x0000000307f00000| Untracked |  0
|  120|0x0000000308000000, 0x0000000308100000, 0x0000000308100000|100%| O|  |TAMS 0x0000000308000000| PB 0x0000000308000000| Untracked |  0
|  121|0x0000000308100000, 0x0000000308100000, 0x0000000308200000|  0%| F|  |TAMS 0x0000000308100000| PB 0x0000000308100000| Untracked |  0
|  122|0x0000000308200000, 0x0000000308200000, 0x0000000308300000|  0%| F|  |TAMS 0x0000000308200000| PB 0x0000000308200000| Untracked |  0
|  123|0x0000000308300000, 0x0000000308300000, 0x0000000308400000|  0%| F|  |TAMS 0x0000000308300000| PB 0x0000000308300000| Untracked |  0
|  124|0x0000000308400000, 0x0000000308400000, 0x0000000308500000|  0%| F|  |TAMS 0x0000000308400000| PB 0x0000000308400000| Untracked |  0
|  125|0x0000000308500000, 0x0000000308500000, 0x0000000308600000|  0%| F|  |TAMS 0x0000000308500000| PB 0x0000000308500000| Untracked |  0
|  126|0x0000000308600000, 0x0000000308600000, 0x0000000308700000|  0%| F|  |TAMS 0x0000000308600000| PB 0x0000000308600000| Untracked |  0
|  127|0x0000000308700000, 0x0000000308700000, 0x0000000308800000|  0%| F|  |TAMS 0x0000000308700000| PB 0x0000000308700000| Untracked |  0
|  128|0x0000000308800000, 0x0000000308800000, 0x0000000308900000|  0%| F|  |TAMS 0x0000000308800000| PB 0x0000000308800000| Untracked |  0
|  129|0x0000000308900000, 0x0000000308900000, 0x0000000308a00000|  0%| F|  |TAMS 0x0000000308900000| PB 0x0000000308900000| Untracked |  0
|  130|0x0000000308a00000, 0x0000000308a00000, 0x0000000308b00000|  0%| F|  |TAMS 0x0000000308a00000| PB 0x0000000308a00000| Untracked |  0
|  131|0x0000000308b00000, 0x0000000308b00000, 0x0000000308c00000|  0%| F|  |TAMS 0x0000000308b00000| PB 0x0000000308b00000| Untracked |  0
|  132|0x0000000308c00000, 0x0000000308c00000, 0x0000000308d00000|  0%| F|  |TAMS 0x0000000308c00000| PB 0x0000000308c00000| Untracked |  0
|  133|0x0000000308d00000, 0x0000000308d00000, 0x0000000308e00000|  0%| F|  |TAMS 0x0000000308d00000| PB 0x0000000308d00000| Untracked |  0
|  134|0x0000000308e00000, 0x0000000308e00000, 0x0000000308f00000|  0%| F|  |TAMS 0x0000000308e00000| PB 0x0000000308e00000| Untracked |  0
|  135|0x0000000308f00000, 0x0000000308f00000, 0x0000000309000000|  0%| F|  |TAMS 0x0000000308f00000| PB 0x0000000308f00000| Untracked |  0
|  136|0x0000000309000000, 0x0000000309000000, 0x0000000309100000|  0%| F|  |TAMS 0x0000000309000000| PB 0x0000000309000000| Untracked |  0
|  137|0x0000000309100000, 0x0000000309100000, 0x0000000309200000|  0%| F|  |TAMS 0x0000000309100000| PB 0x0000000309100000| Untracked |  0
|  138|0x0000000309200000, 0x0000000309200000, 0x0000000309300000|  0%| F|  |TAMS 0x0000000309200000| PB 0x0000000309200000| Untracked |  0
|  139|0x0000000309300000, 0x0000000309300000, 0x0000000309400000|  0%| F|  |TAMS 0x0000000309300000| PB 0x0000000309300000| Untracked |  0
|  140|0x0000000309400000, 0x0000000309400000, 0x0000000309500000|  0%| F|  |TAMS 0x0000000309400000| PB 0x0000000309400000| Untracked |  0
|  141|0x0000000309500000, 0x0000000309500000, 0x0000000309600000|  0%| F|  |TAMS 0x0000000309500000| PB 0x0000000309500000| Untracked |  0
|  142|0x0000000309600000, 0x0000000309600000, 0x0000000309700000|  0%| F|  |TAMS 0x0000000309600000| PB 0x0000000309600000| Untracked |  0
|  143|0x0000000309700000, 0x0000000309700000, 0x0000000309800000|  0%| F|  |TAMS 0x0000000309700000| PB 0x0000000309700000| Untracked |  0
|  144|0x0000000309800000, 0x0000000309800000, 0x0000000309900000|  0%| F|  |TAMS 0x0000000309800000| PB 0x0000000309800000| Untracked |  0
|  145|0x0000000309900000, 0x0000000309900000, 0x0000000309a00000|  0%| F|  |TAMS 0x0000000309900000| PB 0x0000000309900000| Untracked |  0
|  146|0x0000000309a00000, 0x0000000309a00000, 0x0000000309b00000|  0%| F|  |TAMS 0x0000000309a00000| PB 0x0000000309a00000| Untracked |  0
|  147|0x0000000309b00000, 0x0000000309b00000, 0x0000000309c00000|  0%| F|  |TAMS 0x0000000309b00000| PB 0x0000000309b00000| Untracked |  0
|  148|0x0000000309c00000, 0x0000000309c00000, 0x0000000309d00000|  0%| F|  |TAMS 0x0000000309c00000| PB 0x0000000309c00000| Untracked |  0
|  149|0x0000000309d00000, 0x0000000309d00000, 0x0000000309e00000|  0%| F|  |TAMS 0x0000000309d00000| PB 0x0000000309d00000| Untracked |  0
|  150|0x0000000309e00000, 0x0000000309e00000, 0x0000000309f00000|  0%| F|  |TAMS 0x0000000309e00000| PB 0x0000000309e00000| Untracked |  0
|  151|0x0000000309f00000, 0x0000000309f00000, 0x000000030a000000|  0%| F|  |TAMS 0x0000000309f00000| PB 0x0000000309f00000| Untracked |  0
|  152|0x000000030a000000, 0x000000030a000000, 0x000000030a100000|  0%| F|  |TAMS 0x000000030a000000| PB 0x000000030a000000| Untracked |  0
|  153|0x000000030a100000, 0x000000030a100000, 0x000000030a200000|  0%| F|  |TAMS 0x000000030a100000| PB 0x000000030a100000| Untracked |  0
|  154|0x000000030a200000, 0x000000030a200000, 0x000000030a300000|  0%| F|  |TAMS 0x000000030a200000| PB 0x000000030a200000| Untracked |  0
|  155|0x000000030a300000, 0x000000030a300000, 0x000000030a400000|  0%| F|  |TAMS 0x000000030a300000| PB 0x000000030a300000| Untracked |  0
|  156|0x000000030a400000, 0x000000030a400000, 0x000000030a500000|  0%| F|  |TAMS 0x000000030a400000| PB 0x000000030a400000| Untracked |  0
|  157|0x000000030a500000, 0x000000030a500000, 0x000000030a600000|  0%| F|  |TAMS 0x000000030a500000| PB 0x000000030a500000| Untracked |  0
|  158|0x000000030a600000, 0x000000030a600000, 0x000000030a700000|  0%| F|  |TAMS 0x000000030a600000| PB 0x000000030a600000| Untracked |  0
|  159|0x000000030a700000, 0x000000030a700000, 0x000000030a800000|  0%| F|  |TAMS 0x000000030a700000| PB 0x000000030a700000| Untracked |  0
|  160|0x000000030a800000, 0x000000030a800000, 0x000000030a900000|  0%| F|  |TAMS 0x000000030a800000| PB 0x000000030a800000| Untracked |  0
|  161|0x000000030a900000, 0x000000030a900000, 0x000000030aa00000|  0%| F|  |TAMS 0x000000030a900000| PB 0x000000030a900000| Untracked |  0
|  162|0x000000030aa00000, 0x000000030aa00000, 0x000000030ab00000|  0%| F|  |TAMS 0x000000030aa00000| PB 0x000000030aa00000| Untracked |  0
|  163|0x000000030ab00000, 0x000000030ab00000, 0x000000030ac00000|  0%| F|  |TAMS 0x000000030ab00000| PB 0x000000030ab00000| Untracked |  0
|  164|0x000000030ac00000, 0x000000030ac00000, 0x000000030ad00000|  0%| F|  |TAMS 0x000000030ac00000| PB 0x000000030ac00000| Untracked |  0
|  165|0x000000030ad00000, 0x000000030ad00000, 0x000000030ae00000|  0%| F|  |TAMS 0x000000030ad00000| PB 0x000000030ad00000| Untracked |  0
|  166|0x000000030ae00000, 0x000000030ae00000, 0x000000030af00000|  0%| F|  |TAMS 0x000000030ae00000| PB 0x000000030ae00000| Untracked |  0
|  167|0x000000030af00000, 0x000000030af00000, 0x000000030b000000|  0%| F|  |TAMS 0x000000030af00000| PB 0x000000030af00000| Untracked |  0
|  168|0x000000030b000000, 0x000000030b000000, 0x000000030b100000|  0%| F|  |TAMS 0x000000030b000000| PB 0x000000030b000000| Untracked |  0
|  169|0x000000030b100000, 0x000000030b100000, 0x000000030b200000|  0%| F|  |TAMS 0x000000030b100000| PB 0x000000030b100000| Untracked |  0
|  170|0x000000030b200000, 0x000000030b200000, 0x000000030b300000|  0%| F|  |TAMS 0x000000030b200000| PB 0x000000030b200000| Untracked |  0
|  171|0x000000030b300000, 0x000000030b300000, 0x000000030b400000|  0%| F|  |TAMS 0x000000030b300000| PB 0x000000030b300000| Untracked |  0
|  172|0x000000030b400000, 0x000000030b400000, 0x000000030b500000|  0%| F|  |TAMS 0x000000030b400000| PB 0x000000030b400000| Untracked |  0
|  173|0x000000030b500000, 0x000000030b500000, 0x000000030b600000|  0%| F|  |TAMS 0x000000030b500000| PB 0x000000030b500000| Untracked |  0
|  174|0x000000030b600000, 0x000000030b600000, 0x000000030b700000|  0%| F|  |TAMS 0x000000030b600000| PB 0x000000030b600000| Untracked |  0
|  175|0x000000030b700000, 0x000000030b700000, 0x000000030b800000|  0%| F|  |TAMS 0x000000030b700000| PB 0x000000030b700000| Untracked |  0
|  176|0x000000030b800000, 0x000000030b800000, 0x000000030b900000|  0%| F|  |TAMS 0x000000030b800000| PB 0x000000030b800000| Untracked |  0
|  177|0x000000030b900000, 0x000000030b900000, 0x000000030ba00000|  0%| F|  |TAMS 0x000000030b900000| PB 0x000000030b900000| Untracked |  0
|  178|0x000000030ba00000, 0x000000030ba00000, 0x000000030bb00000|  0%| F|  |TAMS 0x000000030ba00000| PB 0x000000030ba00000| Untracked |  0
|  179|0x000000030bb00000, 0x000000030bb00000, 0x000000030bc00000|  0%| F|  |TAMS 0x000000030bb00000| PB 0x000000030bb00000| Untracked |  0
|  180|0x000000030bc00000, 0x000000030bc00000, 0x000000030bd00000|  0%| F|  |TAMS 0x000000030bc00000| PB 0x000000030bc00000| Untracked |  0
|  181|0x000000030bd00000, 0x000000030bd00000, 0x000000030be00000|  0%| F|  |TAMS 0x000000030bd00000| PB 0x000000030bd00000| Untracked |  0
|  182|0x000000030be00000, 0x000000030be00000, 0x000000030bf00000|  0%| F|  |TAMS 0x000000030be00000| PB 0x000000030be00000| Untracked |  0
|  183|0x000000030bf00000, 0x000000030bf00000, 0x000000030c000000|  0%| F|  |TAMS 0x000000030bf00000| PB 0x000000030bf00000| Untracked |  0
|  184|0x000000030c000000, 0x000000030c000000, 0x000000030c100000|  0%| F|  |TAMS 0x000000030c000000| PB 0x000000030c000000| Untracked |  0
|  185|0x000000030c100000, 0x000000030c100000, 0x000000030c200000|  0%| F|  |TAMS 0x000000030c100000| PB 0x000000030c100000| Untracked |  0
|  186|0x000000030c200000, 0x000000030c200000, 0x000000030c300000|  0%| F|  |TAMS 0x000000030c200000| PB 0x000000030c200000| Untracked |  0
|  187|0x000000030c300000, 0x000000030c300000, 0x000000030c400000|  0%| F|  |TAMS 0x000000030c300000| PB 0x000000030c300000| Untracked |  0
|  188|0x000000030c400000, 0x000000030c400000, 0x000000030c500000|  0%| F|  |TAMS 0x000000030c400000| PB 0x000000030c400000| Untracked |  0
|  189|0x000000030c500000, 0x000000030c500000, 0x000000030c600000|  0%| F|  |TAMS 0x000000030c500000| PB 0x000000030c500000| Untracked |  0
|  190|0x000000030c600000, 0x000000030c600000, 0x000000030c700000|  0%| F|  |TAMS 0x000000030c600000| PB 0x000000030c600000| Untracked |  0
|  191|0x000000030c700000, 0x000000030c700000, 0x000000030c800000|  0%| F|  |TAMS 0x000000030c700000| PB 0x000000030c700000| Untracked |  0
|  192|0x000000030c800000, 0x000000030c800000, 0x000000030c900000|  0%| F|  |TAMS 0x000000030c800000| PB 0x000000030c800000| Untracked |  0
|  193|0x000000030c900000, 0x000000030c900000, 0x000000030ca00000|  0%| F|  |TAMS 0x000000030c900000| PB 0x000000030c900000| Untracked |  0
|  194|0x000000030ca00000, 0x000000030ca00000, 0x000000030cb00000|  0%| F|  |TAMS 0x000000030ca00000| PB 0x000000030ca00000| Untracked |  0
|  195|0x000000030cb00000, 0x000000030cb00000, 0x000000030cc00000|  0%| F|  |TAMS 0x000000030cb00000| PB 0x000000030cb00000| Untracked |  0
|  196|0x000000030cc00000, 0x000000030cc00000, 0x000000030cd00000|  0%| F|  |TAMS 0x000000030cc00000| PB 0x000000030cc00000| Untracked |  0
|  197|0x000000030cd00000, 0x000000030cd00000, 0x000000030ce00000|  0%| F|  |TAMS 0x000000030cd00000| PB 0x000000030cd00000| Untracked |  0
|  198|0x000000030ce00000, 0x000000030ce00000, 0x000000030cf00000|  0%| F|  |TAMS 0x000000030ce00000| PB 0x000000030ce00000| Untracked |  0
|  199|0x000000030cf00000, 0x000000030cf00000, 0x000000030d000000|  0%| F|  |TAMS 0x000000030cf00000| PB 0x000000030cf00000| Untracked |  0
|  200|0x000000030d000000, 0x000000030d000000, 0x000000030d100000|  0%| F|  |TAMS 0x000000030d000000| PB 0x000000030d000000| Untracked |  0
|  201|0x000000030d100000, 0x000000030d100000, 0x000000030d200000|  0%| F|  |TAMS 0x000000030d100000| PB 0x000000030d100000| Untracked |  0
|  202|0x000000030d200000, 0x000000030d200000, 0x000000030d300000|  0%| F|  |TAMS 0x000000030d200000| PB 0x000000030d200000| Untracked |  0
|  203|0x000000030d300000, 0x000000030d300000, 0x000000030d400000|  0%| F|  |TAMS 0x000000030d300000| PB 0x000000030d300000| Untracked |  0
|  204|0x000000030d400000, 0x000000030d400000, 0x000000030d500000|  0%| F|  |TAMS 0x000000030d400000| PB 0x000000030d400000| Untracked |  0
|  205|0x000000030d500000, 0x000000030d500000, 0x000000030d600000|  0%| F|  |TAMS 0x000000030d500000| PB 0x000000030d500000| Untracked |  0
|  206|0x000000030d600000, 0x000000030d600000, 0x000000030d700000|  0%| F|  |TAMS 0x000000030d600000| PB 0x000000030d600000| Untracked |  0
|  207|0x000000030d700000, 0x000000030d700000, 0x000000030d800000|  0%| F|  |TAMS 0x000000030d700000| PB 0x000000030d700000| Untracked |  0
|  208|0x000000030d800000, 0x000000030d800000, 0x000000030d900000|  0%| F|  |TAMS 0x000000030d800000| PB 0x000000030d800000| Untracked |  0
|  209|0x000000030d900000, 0x000000030d900000, 0x000000030da00000|  0%| F|  |TAMS 0x000000030d900000| PB 0x000000030d900000| Untracked |  0
|  210|0x000000030da00000, 0x000000030da00000, 0x000000030db00000|  0%| F|  |TAMS 0x000000030da00000| PB 0x000000030da00000| Untracked |  0
|  211|0x000000030db00000, 0x000000030db00000, 0x000000030dc00000|  0%| F|  |TAMS 0x000000030db00000| PB 0x000000030db00000| Untracked |  0
|  212|0x000000030dc00000, 0x000000030dc00000, 0x000000030dd00000|  0%| F|  |TAMS 0x000000030dc00000| PB 0x000000030dc00000| Untracked |  0
|  213|0x000000030dd00000, 0x000000030dd00000, 0x000000030de00000|  0%| F|  |TAMS 0x000000030dd00000| PB 0x000000030dd00000| Untracked |  0
|  214|0x000000030de00000, 0x000000030de00000, 0x000000030df00000|  0%| F|  |TAMS 0x000000030de00000| PB 0x000000030de00000| Untracked |  0
|  215|0x000000030df00000, 0x000000030df00000, 0x000000030e000000|  0%| F|  |TAMS 0x000000030df00000| PB 0x000000030df00000| Untracked |  0
|  216|0x000000030e000000, 0x000000030e000000, 0x000000030e100000|  0%| F|  |TAMS 0x000000030e000000| PB 0x000000030e000000| Untracked |  0
|  217|0x000000030e100000, 0x000000030e100000, 0x000000030e200000|  0%| F|  |TAMS 0x000000030e100000| PB 0x000000030e100000| Untracked |  0
|  218|0x000000030e200000, 0x000000030e200000, 0x000000030e300000|  0%| F|  |TAMS 0x000000030e200000| PB 0x000000030e200000| Untracked |  0
|  219|0x000000030e300000, 0x000000030e300000, 0x000000030e400000|  0%| F|  |TAMS 0x000000030e300000| PB 0x000000030e300000| Untracked |  0
|  220|0x000000030e400000, 0x000000030e400000, 0x000000030e500000|  0%| F|  |TAMS 0x000000030e400000| PB 0x000000030e400000| Untracked |  0
|  221|0x000000030e500000, 0x000000030e500000, 0x000000030e600000|  0%| F|  |TAMS 0x000000030e500000| PB 0x000000030e500000| Untracked |  0
|  222|0x000000030e600000, 0x000000030e600000, 0x000000030e700000|  0%| F|  |TAMS 0x000000030e600000| PB 0x000000030e600000| Untracked |  0
|  223|0x000000030e700000, 0x000000030e700000, 0x000000030e800000|  0%| F|  |TAMS 0x000000030e700000| PB 0x000000030e700000| Untracked |  0
|  224|0x000000030e800000, 0x000000030e800000, 0x000000030e900000|  0%| F|  |TAMS 0x000000030e800000| PB 0x000000030e800000| Untracked |  0
|  225|0x000000030e900000, 0x000000030e900000, 0x000000030ea00000|  0%| F|  |TAMS 0x000000030e900000| PB 0x000000030e900000| Untracked |  0
|  226|0x000000030ea00000, 0x000000030ea00000, 0x000000030eb00000|  0%| F|  |TAMS 0x000000030ea00000| PB 0x000000030ea00000| Untracked |  0
|  227|0x000000030eb00000, 0x000000030eb00000, 0x000000030ec00000|  0%| F|  |TAMS 0x000000030eb00000| PB 0x000000030eb00000| Untracked |  0
|  228|0x000000030ec00000, 0x000000030ec00000, 0x000000030ed00000|  0%| F|  |TAMS 0x000000030ec00000| PB 0x000000030ec00000| Untracked |  0
|  229|0x000000030ed00000, 0x000000030ed00000, 0x000000030ee00000|  0%| F|  |TAMS 0x000000030ed00000| PB 0x000000030ed00000| Untracked |  0
|  230|0x000000030ee00000, 0x000000030ee00000, 0x000000030ef00000|  0%| F|  |TAMS 0x000000030ee00000| PB 0x000000030ee00000| Untracked |  0
|  231|0x000000030ef00000, 0x000000030ef00000, 0x000000030f000000|  0%| F|  |TAMS 0x000000030ef00000| PB 0x000000030ef00000| Untracked |  0
|  232|0x000000030f000000, 0x000000030f000000, 0x000000030f100000|  0%| F|  |TAMS 0x000000030f000000| PB 0x000000030f000000| Untracked |  0
|  233|0x000000030f100000, 0x000000030f100000, 0x000000030f200000|  0%| F|  |TAMS 0x000000030f100000| PB 0x000000030f100000| Untracked |  0
|  234|0x000000030f200000, 0x000000030f200000, 0x000000030f300000|  0%| F|  |TAMS 0x000000030f200000| PB 0x000000030f200000| Untracked |  0
|  235|0x000000030f300000, 0x000000030f300000, 0x000000030f400000|  0%| F|  |TAMS 0x000000030f300000| PB 0x000000030f300000| Untracked |  0
|  236|0x000000030f400000, 0x000000030f400000, 0x000000030f500000|  0%| F|  |TAMS 0x000000030f400000| PB 0x000000030f400000| Untracked |  0
|  237|0x000000030f500000, 0x000000030f500000, 0x000000030f600000|  0%| F|  |TAMS 0x000000030f500000| PB 0x000000030f500000| Untracked |  0
|  238|0x000000030f600000, 0x000000030f600000, 0x000000030f700000|  0%| F|  |TAMS 0x000000030f600000| PB 0x000000030f600000| Untracked |  0
|  239|0x000000030f700000, 0x000000030f700000, 0x000000030f800000|  0%| F|  |TAMS 0x000000030f700000| PB 0x000000030f700000| Untracked |  0
|  240|0x000000030f800000, 0x000000030f800000, 0x000000030f900000|  0%| F|  |TAMS 0x000000030f800000| PB 0x000000030f800000| Untracked |  0
|  241|0x000000030f900000, 0x000000030f900000, 0x000000030fa00000|  0%| F|  |TAMS 0x000000030f900000| PB 0x000000030f900000| Untracked |  0
|  242|0x000000030fa00000, 0x000000030fb00000, 0x000000030fb00000|100%| E|CS|TAMS 0x000000030fa00000| PB 0x000000030fa00000| Complete  |  0
|  243|0x000000030fb00000, 0x000000030fc00000, 0x000000030fc00000|100%| E|CS|TAMS 0x000000030fb00000| PB 0x000000030fb00000| Complete  |  0
|  244|0x000000030fc00000, 0x000000030fd00000, 0x000000030fd00000|100%| E|CS|TAMS 0x000000030fc00000| PB 0x000000030fc00000| Complete  |  0
|  245|0x000000030fd00000, 0x000000030fe00000, 0x000000030fe00000|100%| E|CS|TAMS 0x000000030fd00000| PB 0x000000030fd00000| Complete  |  0
|  246|0x000000030fe00000, 0x000000030ff00000, 0x000000030ff00000|100%| E|CS|TAMS 0x000000030fe00000| PB 0x000000030fe00000| Complete  |  0
|  247|0x000000030ff00000, 0x0000000310000000, 0x0000000310000000|100%| E|CS|TAMS 0x000000030ff00000| PB 0x000000030ff00000| Complete  |  0
|  248|0x0000000310000000, 0x0000000310100000, 0x0000000310100000|100%| E|CS|TAMS 0x0000000310000000| PB 0x0000000310000000| Complete  |  0
|  249|0x0000000310100000, 0x0000000310200000, 0x0000000310200000|100%| E|CS|TAMS 0x0000000310100000| PB 0x0000000310100000| Complete  |  0
|  250|0x0000000310200000, 0x0000000310300000, 0x0000000310300000|100%| E|CS|TAMS 0x0000000310200000| PB 0x0000000310200000| Complete  |  0
|  251|0x0000000310300000, 0x0000000310400000, 0x0000000310400000|100%| E|CS|TAMS 0x0000000310300000| PB 0x0000000310300000| Complete  |  0
|  252|0x0000000310400000, 0x0000000310500000, 0x0000000310500000|100%| E|CS|TAMS 0x0000000310400000| PB 0x0000000310400000| Complete  |  0
|  253|0x0000000310500000, 0x0000000310600000, 0x0000000310600000|100%| E|CS|TAMS 0x0000000310500000| PB 0x0000000310500000| Complete  |  0
|  254|0x0000000310600000, 0x0000000310700000, 0x0000000310700000|100%| E|CS|TAMS 0x0000000310600000| PB 0x0000000310600000| Complete  |  0
|  255|0x0000000310700000, 0x0000000310800000, 0x0000000310800000|100%| E|CS|TAMS 0x0000000310700000| PB 0x0000000310700000| Complete  |  0
|  256|0x0000000310800000, 0x0000000310900000, 0x0000000310900000|100%| E|CS|TAMS 0x0000000310800000| PB 0x0000000310800000| Complete  |  0
|  257|0x0000000310900000, 0x0000000310a00000, 0x0000000310a00000|100%| E|CS|TAMS 0x0000000310900000| PB 0x0000000310900000| Complete  |  0
|  258|0x0000000310a00000, 0x0000000310b00000, 0x0000000310b00000|100%| E|CS|TAMS 0x0000000310a00000| PB 0x0000000310a00000| Complete  |  0
|  259|0x0000000310b00000, 0x0000000310c00000, 0x0000000310c00000|100%| E|CS|TAMS 0x0000000310b00000| PB 0x0000000310b00000| Complete  |  0
|  260|0x0000000310c00000, 0x0000000310d00000, 0x0000000310d00000|100%| E|CS|TAMS 0x0000000310c00000| PB 0x0000000310c00000| Complete  |  0
|  261|0x0000000310d00000, 0x0000000310e00000, 0x0000000310e00000|100%| E|CS|TAMS 0x0000000310d00000| PB 0x0000000310d00000| Complete  |  0
|  262|0x0000000310e00000, 0x0000000310f00000, 0x0000000310f00000|100%| E|CS|TAMS 0x0000000310e00000| PB 0x0000000310e00000| Complete  |  0
|  263|0x0000000310f00000, 0x0000000311000000, 0x0000000311000000|100%| E|CS|TAMS 0x0000000310f00000| PB 0x0000000310f00000| Complete  |  0
|  264|0x0000000311000000, 0x0000000311100000, 0x0000000311100000|100%| E|CS|TAMS 0x0000000311000000| PB 0x0000000311000000| Complete  |  0
|  265|0x0000000311100000, 0x0000000311200000, 0x0000000311200000|100%| E|CS|TAMS 0x0000000311100000| PB 0x0000000311100000| Complete  |  0
|  266|0x0000000311200000, 0x0000000311300000, 0x0000000311300000|100%| E|CS|TAMS 0x0000000311200000| PB 0x0000000311200000| Complete  |  0
|  267|0x0000000311300000, 0x0000000311400000, 0x0000000311400000|100%| E|CS|TAMS 0x0000000311300000| PB 0x0000000311300000| Complete  |  0
|  268|0x0000000311400000, 0x0000000311500000, 0x0000000311500000|100%| E|CS|TAMS 0x0000000311400000| PB 0x0000000311400000| Complete  |  0
|  269|0x0000000311500000, 0x0000000311600000, 0x0000000311600000|100%| E|CS|TAMS 0x0000000311500000| PB 0x0000000311500000| Complete  |  0
|  270|0x0000000311600000, 0x0000000311700000, 0x0000000311700000|100%| E|CS|TAMS 0x0000000311600000| PB 0x0000000311600000| Complete  |  0
|  271|0x0000000311700000, 0x0000000311800000, 0x0000000311800000|100%| E|CS|TAMS 0x0000000311700000| PB 0x0000000311700000| Complete  |  0
| 1022|0x0000000340600000, 0x0000000340700000, 0x0000000340700000|100%| O|  |TAMS 0x0000000340600000| PB 0x0000000340600000| Untracked |  0
| 1023|0x0000000340700000, 0x0000000340800000, 0x0000000340800000|100%| O|  |TAMS 0x0000000340700000| PB 0x0000000340700000| Untracked |  0

Card table byte_map: [0x0000000111ed8000,0x00000001120d8000] _byte_map_base: 0x00000001106d4000
Refinement table byte_map: [0x0000000111cd8000,0x0000000111ed8000] _byte_map_base: 0x00000001104d4000

Marking Bits: (CMBitMap*) 0x0000000926acc710
 Bits: [0x000000011c710000, 0x000000011d710000)

Polling page: 0x0000000109f68000

Metaspace:
Metaspace        used 10165K, committed 10368K, reserved 1114112K
 class space     used 1648K, committed 1728K, reserved 1048576K

Usage:
  Non-class:      8.32 MB used.
      Class:      1.61 MB used.
       Both:      9.93 MB used.

Virtual space:
  Non-class space:       64.00 MB reserved,       8.44 MB ( 13%) committed,  1 nodes.
      Class space:        1.00 GB reserved,       1.69 MB ( <1%) committed,  1 nodes.
             Both:        1.06 GB reserved,      10.12 MB ( <1%) committed. 

Chunk freelists:
   Non-Class:  6.33 MB
       Class:  14.33 MB
        Both:  20.66 MB

MaxMetaspaceSize: unlimited
CompressedClassSpaceSize: 1.00 GB
Initial GC threshold: 21.00 MB
Current GC threshold: 21.00 MB
CDS: on
 - commit_granule_bytes: 65536.
 - commit_granule_words: 8192.
 - virtual_space_node_default_size: 8388608.
 - enlarge_chunks_in_place: 1.
UseCompressedClassPointers 1, UseCompactObjectHeaders 0
Narrow klass pointer bits 32, Max shift 3
Narrow klass base: 0x00001e0000000000, Narrow klass shift: 0
Encoding Range: [0x00001e0000000000 - 0x00001e0100000000), (4294967296 bytes)
Klass Range:    [0x00001e0000000000 - 0x00001e0041000000), (1090519040 bytes)
Klass ID Range:  [8 - 1090519033) (1090519025)
Protection zone: [0x00001e0000000000 - 0x00001e0000004000), (16384 bytes)


Internal statistics:

num_allocs_failed_limit: 0.
num_arena_births: 112.
num_arena_deaths: 0.
num_vsnodes_births: 2.
num_vsnodes_deaths: 0.
num_space_committed: 162.
num_space_uncommitted: 0.
num_chunks_returned_to_freelist: 0.
num_chunks_taken_from_freelist: 389.
num_chunk_merges: 0.
num_chunk_splits: 304.
num_chunks_enlarged: 251.
num_inconsistent_stats: 0.

CodeHeap 'non-profiled nmethods': size=120032Kb used=1237Kb max_used=1237Kb free=118794Kb
 bounds [0x000000012a8d0000, 0x000000012ab40000, 0x0000000131e08000]
CodeHeap 'profiled nmethods': size=120032Kb used=4337Kb max_used=4582Kb free=115694Kb
 bounds [0x0000000122e04000, 0x0000000123284000, 0x000000012a33c000]
CodeHeap 'non-nmethods': size=5712Kb used=1245Kb max_used=1566Kb free=4466Kb
 bounds [0x000000012a33c000, 0x000000012a5ac000, 0x000000012a8d0000]
CodeCache: size=245776Kb, used=6819Kb, max_used=7385Kb, free=238954Kb
 total_blobs=3596, nmethods=3159, adapters=344, full_count=0
Compilation: enabled, stopped_count=0, restarted_count=0

Compilation events (20 events):
Event: 167.300 Thread 0x0000000924b27200 4388       4       scala.collection.IterableLike::sliding (23 bytes)
Event: 167.304 Thread 0x0000000924b27200 nmethod 4388 0x000000012a9f6dc8 code [0x000000012a9f6ec0, 0x000000012a9f7530]
Event: 167.304 Thread 0x0000000924b27200 4398       4       scala.collection.AbstractIterator::sliding (7 bytes)
Event: 167.306 Thread 0x0000000924b27200 nmethod 4398 0x000000012a9f7588 code [0x000000012a9f7680, 0x000000012a9f7af0]
Event: 167.306 Thread 0x0000000924b27200 4399       4       scala.collection.Iterator::sliding (12 bytes)
Event: 167.307 Thread 0x0000000924b27200 nmethod 4399 0x000000012a9f7b48 code [0x000000012a9f7c40, 0x000000012a9f80b0]
Event: 167.307 Thread 0x0000000924b27200 4400       4       scala.collection.Iterator$GroupedIterator::<init> (127 bytes)
Event: 167.309 Thread 0x0000000924b27200 nmethod 4400 0x000000012a9f8108 code [0x000000012a9f8200, 0x000000012a9f8740]
Event: 167.309 Thread 0x0000000924b27200 4402       4       scala.collection.AbstractIterator::exists (6 bytes)
Event: 167.309 Thread 0x0000000924b27200 nmethod 4402 0x000000012a9f8788 code [0x000000012a9f8880, 0x000000012a9f8950]
Event: 167.309 Thread 0x0000000924b27200 4405       4       scala.collection.SeqViewLike$AbstractTransformed::<init> (104 bytes)
Event: 167.310 Thread 0x0000000924b27200 nmethod 4405 0x000000012a9f8988 code [0x000000012a9f8a80, 0x000000012a9f8ba8]
Event: 167.310 Thread 0x0000000924b27200 4439       4       scala.collection.AbstractSeq::equals (6 bytes)
Event: 167.313 Thread 0x0000000924b27200 nmethod 4439 0x000000012a9f8bc8 code [0x000000012a9f8cc0, 0x000000012a9f9248]
Event: 167.313 Thread 0x0000000924b27200 4358       4       org.openkoreantext.processor.tokenizer.KoreanTokenizer$KoreanToken::hashCode (85 bytes)
Event: 167.314 Thread 0x0000000924b27200 nmethod 4358 0x000000012a9f9288 code [0x000000012a9f9380, 0x000000012a9f97d8]
Event: 167.314 Thread 0x0000000924b27200 4372       4       scala.collection.immutable.List$$Lambda/0x00001e000117b220::apply (17 bytes)
Event: 167.316 Thread 0x0000000924b27200 nmethod 4372 0x000000012a9f9808 code [0x000000012a9f9900, 0x000000012a9f9d80]
Event: 167.332 Thread 0x0000000924b24a00 nmethod 4357 0x000000012a9f9dc8 code [0x000000012a9f9ec0, 0x000000012a9fd210]
Event: 167.341 Thread 0x0000000923f48000 nmethod 4369 0x000000012a9fd308 code [0x000000012a9fd400, 0x000000012aa05570]

GC Heap Usage History (20 events):
Event: 29.736 {heap Before GC invocations=31 (full 16):
 garbage-first heap   total reserved 1048576K, committed 82944K, used 58738K [0x0000000300800000, 0x0000000340800000)
  region size 1M, 39 eden (39M), 1 survivor (1M), 15 old (15M), 4 humongous (4M), 22 free (22M)
}
Event: 29.761 {heap After GC invocations=32 (full 17):
 garbage-first heap   total reserved 1048576K, committed 78848K, used 22472K [0x0000000300800000, 0x0000000340800000)
  region size 1M, 0 eden (0M), 0 survivor (0M), 19 old (19M), 4 humongous (4M), 54 free (54M)
}
Event: 29.828 {heap Before GC invocations=32 (full 17):
 garbage-first heap   total reserved 1048576K, committed 78848K, used 61384K [0x0000000300800000, 0x0000000340800000)
  region size 1M, 37 eden (37M), 0 survivor (0M), 19 old (19M), 6 humongous (6M), 15 free (15M)
}
Event: 29.835 {heap After GC invocations=33 (full 17):
 garbage-first heap   total reserved 1048576K, committed 78848K, used 30446K [0x0000000300800000, 0x0000000340800000)
  region size 1M, 0 eden (0M), 5 survivor (5M), 20 old (20M), 6 humongous (6M), 46 free (46M)
}
Event: 29.855 {heap Before GC invocations=33 (full 17):
 garbage-first heap   total reserved 1048576K, committed 78848K, used 63214K [0x0000000300800000, 0x0000000340800000)
  region size 1M, 32 eden (32M), 5 survivor (5M), 20 old (20M), 6 humongous (6M), 14 free (14M)
}
Event: 29.862 {heap After GC invocations=34 (full 17):
 garbage-first heap   total reserved 1048576K, committed 78848K, used 34484K [0x0000000300800000, 0x0000000340800000)
  region size 1M, 0 eden (0M), 4 survivor (4M), 25 old (25M), 6 humongous (6M), 42 free (42M)
}
Event: 29.886 {heap Before GC invocations=34 (full 17):
 garbage-first heap   total reserved 1048576K, committed 78848K, used 65204K [0x0000000300800000, 0x0000000340800000)
  region size 1M, 30 eden (30M), 4 survivor (4M), 25 old (25M), 6 humongous (6M), 12 free (12M)
}
Event: 29.892 {heap After GC invocations=35 (full 17):
 garbage-first heap   total reserved 1048576K, committed 78848K, used 37163K [0x0000000300800000, 0x0000000340800000)
  region size 1M, 0 eden (0M), 4 survivor (4M), 28 old (28M), 6 humongous (6M), 39 free (39M)
}
Event: 29.906 {heap Before GC invocations=35 (full 17):
 garbage-first heap   total reserved 1048576K, committed 78848K, used 66859K [0x0000000300800000, 0x0000000340800000)
  region size 1M, 29 eden (29M), 4 survivor (4M), 28 old (28M), 6 humongous (6M), 10 free (10M)
}
Event: 29.911 {heap After GC invocations=36 (full 17):
 garbage-first heap   total reserved 1048576K, committed 236544K, used 39840K [0x0000000300800000, 0x0000000340800000)
  region size 1M, 0 eden (0M), 4 survivor (4M), 31 old (31M), 6 humongous (6M), 190 free (190M)
}
Event: 30.181 {heap Before GC invocations=36 (full 17):
 garbage-first heap   total reserved 1048576K, committed 236544K, used 189344K [0x0000000300800000, 0x0000000340800000)
  region size 1M, 134 eden (134M), 4 survivor (4M), 31 old (31M), 19 humongous (19M), 43 free (43M)
}
Event: 30.197 {heap After GC invocations=37 (full 17):
 garbage-first heap   total reserved 1048576K, committed 236544K, used 73092K [0x0000000300800000, 0x0000000340800000)
  region size 1M, 0 eden (0M), 18 survivor (18M), 40 old (40M), 15 humongous (15M), 158 free (158M)
}
Event: 30.284 {heap Before GC invocations=37 (full 17):
 garbage-first heap   total reserved 1048576K, committed 236544K, used 186756K [0x0000000300800000, 0x0000000340800000)
  region size 1M, 111 eden (111M), 18 survivor (18M), 40 old (40M), 15 humongous (15M), 47 free (47M)
}
Event: 30.295 {heap After GC invocations=38 (full 17):
 garbage-first heap   total reserved 1048576K, committed 236544K, used 85448K [0x0000000300800000, 0x0000000340800000)
  region size 1M, 0 eden (0M), 12 survivor (12M), 58 old (58M), 15 humongous (15M), 146 free (146M)
}
Event: 30.374 {heap Before GC invocations=38 (full 17):
 garbage-first heap   total reserved 1048576K, committed 236544K, used 197064K [0x0000000300800000, 0x0000000340800000)
  region size 1M, 109 eden (109M), 12 survivor (12M), 58 old (58M), 15 humongous (15M), 37 free (37M)
}
Event: 30.388 {heap After GC invocations=39 (full 17):
 garbage-first heap   total reserved 1048576K, committed 236544K, used 100250K [0x0000000300800000, 0x0000000340800000)
  region size 1M, 0 eden (0M), 14 survivor (14M), 70 old (70M), 15 humongous (15M), 132 free (132M)
}
Event: 30.497 {heap Before GC invocations=39 (full 17):
 garbage-first heap   total reserved 1048576K, committed 236544K, used 203674K [0x0000000300800000, 0x0000000340800000)
  region size 1M, 101 eden (101M), 14 survivor (14M), 70 old (70M), 15 humongous (15M), 31 free (31M)
}
Event: 30.508 {heap After GC invocations=40 (full 17):
 garbage-first heap   total reserved 1048576K, committed 562176K, used 111560K [0x0000000300800000, 0x0000000340800000)
  region size 1M, 0 eden (0M), 12 survivor (12M), 84 old (84M), 15 humongous (15M), 438 free (438M)
}
Event: 30.574 {heap Before GC invocations=40 (full 17):
 garbage-first heap   total reserved 1048576K, committed 562176K, used 135112K [0x0000000300800000, 0x0000000340800000)
  region size 1M, 24 eden (24M), 12 survivor (12M), 84 old (84M), 15 humongous (15M), 414 free (414M)
}
Event: 30.609 {heap After GC invocations=41 (full 18):
 garbage-first heap   total reserved 1048576K, committed 280576K, used 79730K [0x0000000300800000, 0x0000000340800000)
  region size 1M, 0 eden (0M), 0 survivor (0M), 67 old (67M), 15 humongous (15M), 192 free (192M)
}

Metaspace Usage History (20 events):
Event: 29.736 {metaspace Before GC invocations=31 (full 16):
 Metaspace       used 7882K, committed 8064K, reserved 1114112K
  class space    used 1271K, committed 1344K, reserved 1048576K
}
Event: 29.761 {metaspace After GC invocations=32 (full 17):
 Metaspace       used 7882K, committed 8064K, reserved 1114112K
  class space    used 1271K, committed 1344K, reserved 1048576K
}
Event: 29.828 {metaspace Before GC invocations=32 (full 17):
 Metaspace       used 8034K, committed 8192K, reserved 1114112K
  class space    used 1323K, committed 1408K, reserved 1048576K
}
Event: 29.835 {metaspace After GC invocations=33 (full 17):
 Metaspace       used 8034K, committed 8192K, reserved 1114112K
  class space    used 1323K, committed 1408K, reserved 1048576K
}
Event: 29.855 {metaspace Before GC invocations=33 (full 17):
 Metaspace       used 8044K, committed 8192K, reserved 1114112K
  class space    used 1325K, committed 1408K, reserved 1048576K
}
Event: 29.862 {metaspace After GC invocations=34 (full 17):
 Metaspace       used 8044K, committed 8192K, reserved 1114112K
  class space    used 1325K, committed 1408K, reserved 1048576K
}
Event: 29.886 {metaspace Before GC invocations=34 (full 17):
 Metaspace       used 8045K, committed 8192K, reserved 1114112K
  class space    used 1325K, committed 1408K, reserved 1048576K
}
Event: 29.892 {metaspace After GC invocations=35 (full 17):
 Metaspace       used 8045K, committed 8192K, reserved 1114112K
  class space    used 1325K, committed 1408K, reserved 1048576K
}
Event: 29.906 {metaspace Before GC invocations=35 (full 17):
 Metaspace       used 8045K, committed 8192K, reserved 1114112K
  class space    used 1325K, committed 1408K, reserved 1048576K
}
Event: 29.911 {metaspace After GC invocations=36 (full 17):
 Metaspace       used 8045K, committed 8192K, reserved 1114112K
  class space    used 1325K, committed 1408K, reserved 1048576K
}
Event: 30.181 {metaspace Before GC invocations=36 (full 17):
 Metaspace       used 9478K, committed 9728K, reserved 1114112K
  class space    used 1556K, committed 1664K, reserved 1048576K
}
Event: 30.197 {metaspace After GC invocations=37 (full 17):
 Metaspace       used 9478K, committed 9728K, reserved 1114112K
  class space    used 1556K, committed 1664K, reserved 1048576K
}
Event: 30.284 {metaspace Before GC invocations=37 (full 17):
 Metaspace       used 9562K, committed 9792K, reserved 1114112K
  class space    used 1589K, committed 1664K, reserved 1048576K
}
Event: 30.295 {metaspace After GC invocations=38 (full 17):
 Metaspace       used 9562K, committed 9792K, reserved 1114112K
  class space    used 1589K, committed 1664K, reserved 1048576K
}
Event: 30.374 {metaspace Before GC invocations=38 (full 17):
 Metaspace       used 9565K, committed 9792K, reserved 1114112K
  class space    used 1589K, committed 1664K, reserved 1048576K
}
Event: 30.388 {metaspace After GC invocations=39 (full 17):
 Metaspace       used 9565K, committed 9792K, reserved 1114112K
  class space    used 1589K, committed 1664K, reserved 1048576K
}
Event: 30.497 {metaspace Before GC invocations=39 (full 17):
 Metaspace       used 10054K, committed 10240K, reserved 1114112K
  class space    used 1648K, committed 1728K, reserved 1048576K
}
Event: 30.508 {metaspace After GC invocations=40 (full 17):
 Metaspace       used 10054K, committed 10240K, reserved 1114112K
  class space    used 1648K, committed 1728K, reserved 1048576K
}
Event: 30.574 {metaspace Before GC invocations=40 (full 17):
 Metaspace       used 10152K, committed 10368K, reserved 1114112K
  class space    used 1648K, committed 1728K, reserved 1048576K
}
Event: 30.609 {metaspace After GC invocations=41 (full 18):
 Metaspace       used 10152K, committed 10368K, reserved 1114112K
  class space    used 1648K, committed 1728K, reserved 1048576K
}

Dll operation events (12 events):
Event: 0.007 Attempting to load shared library /opt/homebrew/Cellar/openjdk/26.0.2/libexec/openjdk.jdk/Contents/Home/lib/libjava.dylib
Event: 0.010 Loaded shared library /opt/homebrew/Cellar/openjdk/26.0.2/libexec/openjdk.jdk/Contents/Home/lib/libjava.dylib
Event: 0.027 Attempting to load shared library /opt/homebrew/Cellar/openjdk/26.0.2/libexec/openjdk.jdk/Contents/Home/lib/libnio.dylib
Event: 0.031 Loaded shared library /opt/homebrew/Cellar/openjdk/26.0.2/libexec/openjdk.jdk/Contents/Home/lib/libnio.dylib
Event: 0.038 Attempting to load shared library /opt/homebrew/Cellar/openjdk/26.0.2/libexec/openjdk.jdk/Contents/Home/lib/libzip.dylib
Event: 0.041 Loaded shared library /opt/homebrew/Cellar/openjdk/26.0.2/libexec/openjdk.jdk/Contents/Home/lib/libzip.dylib
Event: 0.097 Attempting to load shared library /Users/shim/DA/movie_data_analysis/.venv/lib/python3.12/site-packages/_jpype.so
Event: 0.097 Loaded shared library /Users/shim/DA/movie_data_analysis/.venv/lib/python3.12/site-packages/_jpype.so
Event: 0.121 Attempting to load shared library /opt/homebrew/Cellar/openjdk/26.0.2/libexec/openjdk.jdk/Contents/Home/lib/libjimage.dylib
Event: 0.121 Loaded shared library /opt/homebrew/Cellar/openjdk/26.0.2/libexec/openjdk.jdk/Contents/Home/lib/libjimage.dylib
Event: 29.475 Attempting to load shared library /opt/homebrew/Cellar/openjdk/26.0.2/libexec/openjdk.jdk/Contents/Home/lib/libverify.dylib
Event: 29.483 Loaded shared library /opt/homebrew/Cellar/openjdk/26.0.2/libexec/openjdk.jdk/Contents/Home/lib/libverify.dylib

Deoptimization events (20 events):
Event: 30.549 Thread 0x0000000923e8b800 Uncommon trap: trap_request=0xffffff5e fr.pc=0x000000012a9e8c44 relative=0x0000000000000404
Event: 30.549 Thread 0x0000000923e8b800 Uncommon trap: reason=speculate_class_check action=maybe_recompile pc=0x000000012a9e8c44 method=scala.Array$.copy(Ljava/lang/Object;ILjava/lang/Object;II)V @ 33 c2
Event: 30.549 Thread 0x0000000923e8b800 DEOPT PACKING pc=0x000000012a9e8c44 sp=0x000000016b55f810
Event: 30.549 Thread 0x0000000923e8b800 DEOPT UNPACKING pc=0x000000012a45075c sp=0x000000016b55f550 mode 2
Event: 30.550 Thread 0x0000000923e8b800 Uncommon trap: trap_request=0xffffff5e fr.pc=0x000000012a9ea398 relative=0x0000000000000ed8
Event: 30.550 Thread 0x0000000923e8b800 Uncommon trap: reason=speculate_class_check action=maybe_recompile pc=0x000000012a9ea398 method=scala.Array$.copy(Ljava/lang/Object;ILjava/lang/Object;II)V @ 33 c2
Event: 30.550 Thread 0x0000000923e8b800 DEOPT PACKING pc=0x000000012a9ea398 sp=0x000000016b55f9c0
Event: 30.550 Thread 0x0000000923e8b800 DEOPT UNPACKING pc=0x000000012a45075c sp=0x000000016b55f680 mode 2
Event: 30.550 Thread 0x0000000923e8b800 Uncommon trap: trap_request=0xffffff5e fr.pc=0x000000012a9ea398 relative=0x0000000000000ed8
Event: 30.550 Thread 0x0000000923e8b800 Uncommon trap: reason=speculate_class_check action=maybe_recompile pc=0x000000012a9ea398 method=scala.Array$.copy(Ljava/lang/Object;ILjava/lang/Object;II)V @ 33 c2
Event: 30.550 Thread 0x0000000923e8b800 DEOPT PACKING pc=0x000000012a9ea398 sp=0x000000016b55f9b0
Event: 30.550 Thread 0x0000000923e8b800 DEOPT UNPACKING pc=0x000000012a45075c sp=0x000000016b55f670 mode 2
Event: 167.242 Thread 0x0000000923e8b800 Uncommon trap: trap_request=0xffffff66 fr.pc=0x000000012a9358c0 relative=0x00000000000009c0
Event: 167.242 Thread 0x0000000923e8b800 Uncommon trap: reason=loop_limit_check action=maybe_recompile pc=0x000000012a9358c0 method=java.util.regex.Pattern$StartS.match(Ljava/util/regex/Matcher;ILjava/lang/CharSequence;)Z @ 34 c2
Event: 167.243 Thread 0x0000000923e8b800 DEOPT PACKING pc=0x000000012a9358c0 sp=0x000000016b55fff0
Event: 167.243 Thread 0x0000000923e8b800 DEOPT UNPACKING pc=0x000000012a45075c sp=0x000000016b55ff30 mode 2
Event: 167.265 Thread 0x0000000923e8b800 Uncommon trap: trap_request=0xffffff66 fr.pc=0x000000012a9f3ed0 relative=0x00000000000008d0
Event: 167.265 Thread 0x0000000923e8b800 Uncommon trap: reason=loop_limit_check action=maybe_recompile pc=0x000000012a9f3ed0 method=java.util.regex.Pattern$Start.match(Ljava/util/regex/Matcher;ILjava/lang/CharSequence;)Z @ 34 c2
Event: 167.265 Thread 0x0000000923e8b800 DEOPT PACKING pc=0x000000012a9f3ed0 sp=0x000000016b55fff0
Event: 167.265 Thread 0x0000000923e8b800 DEOPT UNPACKING pc=0x000000012a45075c sp=0x000000016b55ff30 mode 2

Classes loaded (20 events):
Event: 30.031 Loading class jdk/internal/math/FloatingDecimal$ASCIIToBinaryBuffer
Event: 30.031 Loading class jdk/internal/math/FloatingDecimal$ASCIIToBinaryBuffer done
Event: 30.076 Loading class java/io/SequenceInputStream
Event: 30.076 Loading class java/io/SequenceInputStream done
Event: 30.077 Loading class java/util/zip/GZIPInputStream$1
Event: 30.077 Loading class java/util/zip/GZIPInputStream$1 done
Event: 30.453 Loading class java/lang/SafeVarargs
Event: 30.453 Loading class java/lang/SafeVarargs done
Event: 30.456 Loading class java/util/AbstractList$Itr
Event: 30.456 Loading class java/util/AbstractList$Itr done
Event: 30.456 Loading class java/util/AbstractList$ListItr
Event: 30.456 Loading class java/util/AbstractList$ListItr done
Event: 30.456 Loading class java/util/AbstractList$RandomAccessSubList
Event: 30.456 Loading class java/util/AbstractList$SubList
Event: 30.456 Loading class java/util/AbstractList$SubList done
Event: 30.456 Loading class java/util/AbstractList$RandomAccessSubList done
Event: 30.457 Loading class java/util/ArrayList$ListItr
Event: 30.457 Loading class java/util/ArrayList$ListItr done
Event: 289.549 Loading class jdk/internal/misc/Signal$1
Event: 289.549 Loading class jdk/internal/misc/Signal$1 done

Classes unloaded (0 events):
No events

Classes redefined (0 events):
No events

Internal exceptions (20 events):
Event: 0.109 Thread 0x0000000923e8b800 Exception <a 'java/lang/NoSuchMethodError'{0x0000000300d9f660}: 'int java.lang.invoke.Invokers$Holder.invokeExact_MT(java.lang.Object, java.lang.Object, java.lang.Object)'> (0x0000000300d9f660) 
thrown [src/hotspot/share/interpreter/linkResolver.cpp, line 804]
Event: 0.124 Thread 0x0000000923e8b800 Exception <a 'java/lang/NoSuchMethodError'{0x0000000300c5a5a8}: 'java.lang.Object java.lang.invoke.DirectMethodHandle$Holder.invokeStaticInit(java.lang.Object)'> (0x0000000300c5a5a8) 
thrown [src/hotspot/share/interpreter/linkResolver.cpp, line 804]
Event: 0.134 Thread 0x0000000923e8b800 Exception <a 'java/lang/IncompatibleClassChangeError'{0x0000000300ce59b0}: Found class java.lang.Object, but interface was expected> (0x0000000300ce59b0) 
thrown [src/hotspot/share/interpreter/linkResolver.cpp, line 871]
Event: 29.458 Thread 0x0000000923e8b800 Exception <a 'java/lang/NoSuchMethodError'{0x0000000301655e10}: 'java.lang.Object java.lang.invoke.DirectMethodHandle$Holder.invokeStaticInit(java.lang.Object, java.lang.Object, java.lang.Object)'> (0x0000000301655e10) 
thrown [src/hotspot/share/interpreter/linkResolver.cpp, line 804]
Event: 29.512 Thread 0x0000000923e8b800 Exception <a 'java/lang/NoSuchMethodError'{0x0000000301b16970}: 'java.lang.Object java.lang.invoke.DirectMethodHandle$Holder.invokeStatic(java.lang.Object, java.lang.Object, int, java.lang.Object, java.lang.Object)'> (0x0000000301b16970) 
thrown [src/hotspot/share/interpreter/linkResolver.cpp, line 804]
Event: 29.513 Thread 0x0000000923e8b800 Exception <a 'java/lang/NoSuchMethodError'{0x0000000301b30060}: 'java.lang.Object java.lang.invoke.DirectMethodHandle$Holder.newInvokeSpecial(java.lang.Object, java.lang.Object, int, java.lang.Object)'> (0x0000000301b30060) 
thrown [src/hotspot/share/interpreter/linkResolver.cpp, line 804]
Event: 29.513 Thread 0x0000000923e8b800 Exception <a 'java/lang/NoSuchMethodError'{0x0000000301b389e8}: 'java.lang.Object java.lang.invoke.Invokers$Holder.linkToTargetMethod(java.lang.Object, int, java.lang.Object, java.lang.Object)'> (0x0000000301b389e8) 
thrown [src/hotspot/share/interpreter/linkResolver.cpp, line 804]
Event: 29.522 Thread 0x0000000923e8b800 Exception <a 'java/lang/NoSuchMethodError'{0x0000000301bd8190}: 'java.lang.Object java.lang.invoke.DirectMethodHandle$Holder.invokeStaticInit(java.lang.Object, java.lang.Object, java.lang.Object, java.lang.Object)'> (0x0000000301bd8190) 
thrown [src/hotspot/share/interpreter/linkResolver.cpp, line 804]
Event: 29.632 Thread 0x0000000923e8b800 Exception <a 'java/lang/NoSuchMethodError'{0x0000000301ec5180}: 'java.lang.Object java.lang.invoke.DirectMethodHandle$Holder.invokeStatic(java.lang.Object, java.lang.Object, int, java.lang.Object)'> (0x0000000301ec5180) 
thrown [src/hotspot/share/interpreter/linkResolver.cpp, line 804]
Event: 29.633 Thread 0x0000000923e8b800 Exception <a 'java/lang/NoSuchMethodError'{0x0000000301ed6e10}: 'java.lang.Object java.lang.invoke.DirectMethodHandle$Holder.newInvokeSpecial(java.lang.Object, java.lang.Object, int)'> (0x0000000301ed6e10) 
thrown [src/hotspot/share/interpreter/linkResolver.cpp, line 804]
Event: 29.637 Thread 0x0000000923e8b800 Exception <a 'java/lang/NoSuchMethodError'{0x0000000301d0d1a0}: 'java.lang.Object java.lang.invoke.DirectMethodHandle$Holder.invokeStatic(java.lang.Object, int, java.lang.Object)'> (0x0000000301d0d1a0) 
thrown [src/hotspot/share/interpreter/linkResolver.cpp, line 804]
Event: 29.991 Thread 0x0000000923e8b800 Exception <a 'java/lang/NoSuchMethodError'{0x000000030c089af8}: 'java.lang.Object java.lang.invoke.DirectMethodHandle$Holder.newInvokeSpecial(java.lang.Object, java.lang.Object, java.lang.Object, java.lang.Object, java.lang.Object, int)'> (0x000000030c089af8) 
thrown [src/hotspot/share/interpreter/linkResolver.cpp, line 804]
Event: 29.991 Thread 0x0000000923e8b800 Exception <a 'java/lang/NoSuchMethodError'{0x000000030c092708}: 'java.lang.Object java.lang.invoke.DirectMethodHandle$Holder.invokeSpecial(java.lang.Object, java.lang.Object, java.lang.Object, java.lang.Object, java.lang.Object, java.lang.Object, int)'> (0x000000030c092708) 
thrown [src/hotspot/share/interpreter/linkResolver.cpp, line 804]
Event: 30.005 Thread 0x0000000923e8b800 Exception <a 'java/lang/NoSuchMethodError'{0x000000030bf52320}: 'java.lang.Object java.lang.invoke.DirectMethodHandle$Holder.newInvokeSpecial(java.lang.Object, java.lang.Object, java.lang.Object, java.lang.Object, int, java.lang.Object)'> (0x000000030bf52320) 
thrown [src/hotspot/share/interpreter/linkResolver.cpp, line 804]
Event: 30.005 Thread 0x0000000923e8b800 Exception <a 'java/lang/NoSuchMethodError'{0x000000030bf5ad48}: 'java.lang.Object java.lang.invoke.DirectMethodHandle$Holder.invokeSpecial(java.lang.Object, java.lang.Object, java.lang.Object, java.lang.Object, java.lang.Object, int, java.lang.Object)'> (0x000000030bf5ad48) 
thrown [src/hotspot/share/interpreter/linkResolver.cpp, line 804]
Event: 30.014 Thread 0x0000000923e8b800 Exception <a 'java/lang/NoSuchMethodError'{0x000000030bfb6910}: 'java.lang.Object java.lang.invoke.Invokers$Holder.invoke_MT(java.lang.Object, java.lang.Object, java.lang.Object, java.lang.Object, java.lang.Object, java.lang.Object)'> (0x000000030bfb6910) 
thrown [src/hotspot/share/interpreter/linkResolver.cpp, line 804]
Event: 30.015 Thread 0x0000000923e8b800 Exception <a 'java/lang/NoSuchMethodError'{0x000000030bfc7ea8}: 'java.lang.Object java.lang.invoke.Invokers$Holder.invoker(java.lang.Object, java.lang.Object, java.lang.Object)'> (0x000000030bfc7ea8) 
thrown [src/hotspot/share/interpreter/linkResolver.cpp, line 804]
Event: 30.016 Thread 0x0000000923e8b800 Exception <a 'java/lang/NoSuchMethodError'{0x000000030bfd45d8}: 'java.lang.Object java.lang.invoke.DirectMethodHandle$Holder.invokeStatic(java.lang.Object, java.lang.Object, int)'> (0x000000030bfd45d8) 
thrown [src/hotspot/share/interpreter/linkResolver.cpp, line 804]
Event: 30.016 Thread 0x0000000923e8b800 Exception <a 'java/lang/NoSuchMethodError'{0x000000030bfecc18}: 'void java.lang.invoke.DelegatingMethodHandle$Holder.delegate(java.lang.Object, java.lang.Object, int, java.lang.Object)'> (0x000000030bfecc18) 
thrown [src/hotspot/share/interpreter/linkResolver.cpp, line 804]
Event: 30.448 Thread 0x0000000923e8b800 Exception <a 'java/lang/NoSuchMethodError'{0x0000000308e92a38}: 'int java.lang.invoke.DirectMethodHandle$Holder.invokeVirtual(java.lang.Object, java.lang.Object)'> (0x0000000308e92a38) 
thrown [src/hotspot/share/interpreter/linkResolver.cpp, line 804]

VM Operations (20 events):
Event: 119.115 Executing non-safepoint VM operation: HandshakeAllThreads (G1 Java Thread CT swap)
Event: 119.115 Executing non-safepoint VM operation: HandshakeAllThreads (G1 Java Thread CT swap) done
Event: 119.115 Executing non-safepoint VM operation: G1RendezvousGCThreads
Event: 119.115 Executing non-safepoint VM operation: G1RendezvousGCThreads done
Event: 143.528 Executing non-safepoint VM operation: HandshakeAllThreads (G1 Java Thread CT swap)
Event: 143.528 Executing non-safepoint VM operation: HandshakeAllThreads (G1 Java Thread CT swap) done
Event: 143.528 Executing non-safepoint VM operation: G1RendezvousGCThreads
Event: 143.528 Executing non-safepoint VM operation: G1RendezvousGCThreads done
Event: 173.277 Executing non-safepoint VM operation: HandshakeAllThreads (G1 Java Thread CT swap)
Event: 173.277 Executing non-safepoint VM operation: HandshakeAllThreads (G1 Java Thread CT swap) done
Event: 173.277 Executing non-safepoint VM operation: G1RendezvousGCThreads
Event: 173.277 Executing non-safepoint VM operation: G1RendezvousGCThreads done
Event: 209.429 Executing non-safepoint VM operation: HandshakeAllThreads (G1 Java Thread CT swap)
Event: 209.429 Executing non-safepoint VM operation: HandshakeAllThreads (G1 Java Thread CT swap) done
Event: 209.429 Executing non-safepoint VM operation: G1RendezvousGCThreads
Event: 209.429 Executing non-safepoint VM operation: G1RendezvousGCThreads done
Event: 253.308 Executing non-safepoint VM operation: HandshakeAllThreads (G1 Java Thread CT swap)
Event: 253.308 Executing non-safepoint VM operation: HandshakeAllThreads (G1 Java Thread CT swap) done
Event: 253.308 Executing non-safepoint VM operation: G1RendezvousGCThreads
Event: 253.308 Executing non-safepoint VM operation: G1RendezvousGCThreads done

Memory protections (20 events):
Event: 0.023 Protecting memory [0x00000001743a0000,0x00000001743ac000] with protection modes 0
Event: 0.023 Protecting memory [0x00000001745ac000,0x00000001745b8000] with protection modes 0
Event: 0.026 Protecting memory [0x00000001747b8000,0x00000001747c4000] with protection modes 0
Event: 0.027 Protecting memory [0x00000001749c4000,0x00000001749d0000] with protection modes 0
Event: 0.037 Protecting memory [0x0000000174bd0000,0x0000000174bdc000] with protection modes 0
Event: 0.108 Protecting memory [0x000000010a164000,0x000000010a168000] with protection modes 1
Event: 0.114 Protecting memory [0x0000000174ddc000,0x0000000174de8000] with protection modes 0
Event: 0.215 Protecting memory [0x0000000175400000,0x000000017540c000] with protection modes 0
Event: 5.324 Protecting memory [0x0000000175400000,0x000000017540c000] with protection modes 3
Event: 5.332 Protecting memory [0x0000000174bd0000,0x0000000174bdc000] with protection modes 3
Event: 29.309 Protecting memory [0x0000000175400000,0x000000017540c000] with protection modes 0
Event: 29.309 Protecting memory [0x0000000176824000,0x0000000176830000] with protection modes 0
Event: 35.571 Protecting memory [0x0000000176824000,0x0000000176830000] with protection modes 3
Event: 40.568 Protecting memory [0x0000000175400000,0x000000017540c000] with protection modes 3
Event: 164.854 Protecting memory [0x000000017746c000,0x0000000177478000] with protection modes 0
Event: 167.215 Protecting memory [0x0000000175400000,0x000000017540c000] with protection modes 0
Event: 167.216 Protecting memory [0x0000000176824000,0x0000000176830000] with protection modes 0
Event: 172.321 Protecting memory [0x0000000176824000,0x0000000176830000] with protection modes 3
Event: 172.337 Protecting memory [0x0000000175400000,0x000000017540c000] with protection modes 3
Event: 289.549 Protecting memory [0x0000000175400000,0x000000017540c000] with protection modes 0

Nmethod flushes (20 events):
Event: 30.593 Thread 0x0000000926b8d400 flushing  nmethod 0x0000000122ff5d48
Event: 30.593 Thread 0x0000000926b8d400 flushing  nmethod 0x0000000122e3a308
Event: 30.593 Thread 0x0000000926b8d400 flushing  nmethod 0x0000000122ea2008
Event: 30.593 Thread 0x0000000926b8d400 flushing  nmethod 0x0000000122f90788
Event: 30.593 Thread 0x0000000926b8d400 flushing  nmethod 0x0000000122fa5dc8
Event: 30.593 Thread 0x0000000926b8d400 flushing  nmethod 0x0000000122fa7b88
Event: 30.593 Thread 0x0000000926b8d400 flushing  nmethod 0x0000000122fa8cc8
Event: 30.593 Thread 0x0000000926b8d400 flushing  nmethod 0x0000000122fa9c08
Event: 30.593 Thread 0x0000000926b8d400 flushing  nmethod 0x0000000122fc9e08
Event: 30.593 Thread 0x0000000926b8d400 flushing  nmethod 0x0000000122fca088
Event: 30.593 Thread 0x0000000926b8d400 flushing  nmethod 0x0000000122fcaa08
Event: 30.593 Thread 0x0000000926b8d400 flushing  nmethod 0x0000000122fcc708
Event: 30.593 Thread 0x0000000926b8d400 flushing  nmethod 0x0000000122fcccc8
Event: 30.593 Thread 0x0000000926b8d400 flushing  nmethod 0x0000000122fcd588
Event: 30.593 Thread 0x0000000926b8d400 flushing  nmethod 0x0000000122fce1c8
Event: 30.593 Thread 0x0000000926b8d400 flushing  nmethod 0x0000000122feb5c8
Event: 30.593 Thread 0x0000000926b8d400 flushing  nmethod 0x0000000122febc48
Event: 30.593 Thread 0x0000000926b8d400 flushing  nmethod 0x0000000122fec408
Event: 30.593 Thread 0x0000000926b8d400 flushing  nmethod 0x0000000122feef48
Event: 30.593 Thread 0x0000000926b8d400 flushing  nmethod 0x0000000122fef188

Events (20 events):
Event: 0.023 Thread 0x0000000923e8b800 Thread added: 0x0000000923f48a00
Event: 0.026 Thread 0x0000000923e8b800 JVMTI - enter start phase
Event: 0.026 Thread 0x0000000923e8b800 JVMTI - enter live phase
Event: 0.026 Thread 0x0000000923e8b800 Thread added: 0x0000000923f1b000
Event: 0.027 Thread 0x0000000923e8b800 Thread added: 0x0000000923f1b800
Event: 0.037 Thread 0x0000000923f48a00 Thread added: 0x0000000923f49400
Event: 0.114 Thread 0x0000000923e8b800 Thread added: 0x0000000923f55000
Event: 0.215 Thread 0x0000000923f48a00 Thread added: 0x0000000924b25e00
Event: 5.324 Thread 0x0000000924b25e00 Thread exited: 0x0000000924b25e00
Event: 5.332 Thread 0x0000000923f49400 Thread exited: 0x0000000923f49400
Event: 29.309 Thread 0x0000000923f48a00 Thread added: 0x0000000924b27200
Event: 29.309 Thread 0x0000000923f48a00 Thread added: 0x0000000924b25400
Event: 35.571 Thread 0x0000000924b25400 Thread exited: 0x0000000924b25400
Event: 40.568 Thread 0x0000000924b27200 Thread exited: 0x0000000924b27200
Event: 164.854 Thread 0x00000009212a5800 Thread added: 0x00000009212a5800
Event: 167.215 Thread 0x0000000923f48a00 Thread added: 0x0000000924b24a00
Event: 167.216 Thread 0x0000000924b24a00 Thread added: 0x0000000924b27200
Event: 172.321 Thread 0x0000000924b27200 Thread exited: 0x0000000924b27200
Event: 172.337 Thread 0x0000000924b24a00 Thread exited: 0x0000000924b24a00
Event: 289.549 Thread 0x0000000923f19800 Thread added: 0x00000009212a7000


Dynamic libraries:
0x0000000105370000 	/opt/homebrew/Cellar/python@3.12/3.12.14/Frameworks/Python.framework/Versions/3.12/Python
0x0000000183ff1000 	/System/Library/Frameworks/CoreFoundation.framework/Versions/A/CoreFoundation
0x0000000183b4c000 	/usr/lib/libobjc.A.dylib
0x000000018828a000 	/System/Library/PrivateFrameworks/CoreServicesInternal.framework/Versions/A/CoreServicesInternal
0x000000018585e000 	/System/Library/Frameworks/Foundation.framework/Versions/C/Foundation
0x0000000193dcd000 	/usr/lib/liboah.dylib
0x0000000193e02000 	/usr/lib/libfakelink.dylib
0x0000000187cb2000 	/usr/lib/libicucore.A.dylib
0x0000000193e00000 	/usr/lib/libSystem.B.dylib
0x0000000193e04000 	/System/Library/PrivateFrameworks/SoftLinking.framework/Versions/A/SoftLinking
0x0000000197670000 	/usr/lib/swift/libswiftCore.dylib
0x0000000183f52000 	/usr/lib/libc++abi.dylib
0x00000002870bc000 	/usr/lib/libRosetta.dylib
0x0000000183ec1000 	/usr/lib/libc++.1.dylib
0x00000001a1211000 	/usr/lib/swift/libswiftObjectiveC.dylib
0x0000000288542000 	/usr/lib/libswiftPrespecialized.dylib
0x00000001854cd000 	/System/Library/Frameworks/SystemConfiguration.framework/Versions/A/SystemConfiguration
0x0000000193d4a000 	/usr/lib/libz.1.dylib
0x000000018e83d000 	/System/Library/PrivateFrameworks/CoreAutoLayout.framework/Versions/A/CoreAutoLayout
0x0000000194028000 	/usr/lib/libcompression.dylib
0x000000018a30a000 	/System/Library/Frameworks/CFNetwork.framework/Versions/A/CFNetwork
0x000000018dc6d000 	/System/Library/Frameworks/DiskArbitration.framework/Versions/A/DiskArbitration
0x0000000193e55000 	/usr/lib/libarchive.2.dylib
0x000000018db72000 	/usr/lib/libDiagnosticMessagesClient.dylib
0x000000018e886000 	/usr/lib/libxml2.2.dylib
0x000000019c4cd000 	/System/Library/Frameworks/CoreServices.framework/Versions/A/CoreServices
0x00000001919e3000 	/usr/lib/liblangid.dylib
0x000000018830a000 	/System/Library/Frameworks/IOKit.framework/Versions/A/IOKit
0x000000019a167000 	/System/Library/Frameworks/Combine.framework/Versions/A/Combine
0x000000023c8c1000 	/System/Library/PrivateFrameworks/CollectionsInternal.framework/Versions/A/CollectionsInternal
0x00000002687c0000 	/System/Library/PrivateFrameworks/ReflectionInternal.framework/Versions/A/ReflectionInternal
0x0000000269713000 	/System/Library/PrivateFrameworks/RuntimeInternal.framework/Versions/A/RuntimeInternal
0x00000001b12fb000 	/usr/lib/swift/libswiftCoreFoundation.dylib
0x00000001ae191000 	/usr/lib/swift/libswiftDarwin.dylib
0x000000019e239000 	/usr/lib/swift/libswiftDispatch.dylib
0x00000001b135c000 	/usr/lib/swift/libswiftIOKit.dylib
0x0000000288985000 	/usr/lib/swift/libswiftSystem.dylib
0x00000001b130e000 	/usr/lib/swift/libswiftXPC.dylib
0x00000002889b7000 	/usr/lib/swift/libswift_Builtin_float.dylib
0x00000002889b8000 	/usr/lib/swift/libswift_Concurrency.dylib
0x0000000288a44000 	/usr/lib/swift/libswift_DarwinFoundation1.dylib
0x0000000288ae8000 	/usr/lib/swift/libswift_StringProcessing.dylib
0x00000001a1215000 	/usr/lib/swift/libswiftos.dylib
0x000000018c324000 	/System/Library/Frameworks/Network.framework/Versions/A/Network
0x00000001919de000 	/System/Library/PrivateFrameworks/AppleSystemInfo.framework/Versions/A/AppleSystemInfo
0x0000000187893000 	/System/Library/Frameworks/Security.framework/Versions/A/Security
0x0000000193057000 	/usr/lib/libbsm.0.dylib
0x000000018be90000 	/System/Library/PrivateFrameworks/ProtocolBuffer.framework/Versions/A/ProtocolBuffer
0x000000018db42000 	/System/Library/PrivateFrameworks/CoreAnalytics.framework/Versions/A/CoreAnalytics
0x00000001b11bd000 	/System/Library/PrivateFrameworks/LoggingSupport.framework/Versions/A/LoggingSupport
0x0000000198405000 	/System/Library/PrivateFrameworks/MobileAsset.framework/Versions/A/MobileAsset
0x000000019d658000 	/System/Library/PrivateFrameworks/PowerLog.framework/Versions/A/PowerLog
0x000000018c229000 	/System/Library/PrivateFrameworks/RunningBoardServices.framework/Versions/A/RunningBoardServices
0x0000000230ac6000 	/System/Library/Frameworks/SwiftData.framework/Versions/A/SwiftData
0x0000000189d3f000 	/System/Library/Frameworks/UniformTypeIdentifiers.framework/Versions/A/UniformTypeIdentifiers
0x000000018ea2f000 	/System/Library/PrivateFrameworks/UserManagement.framework/Versions/A/UserManagement
0x000000018a231000 	/usr/lib/libboringssl.dylib
0x000000018c309000 	/usr/lib/libdns_services.dylib
0x00000001b01f3000 	/usr/lib/libquic.dylib
0x0000000197601000 	/usr/lib/libusrtcp.dylib
0x000000018a6dd000 	/usr/lib/libMobileGestalt.dylib
0x0000000193fe0000 	/usr/lib/libapple_nghttp2.dylib
0x0000000195349000 	/usr/lib/libcoretls_cfhelpers.dylib
0x000000018beac000 	/usr/lib/libsqlite3.dylib
0x0000000238d5a000 	/System/Library/PrivateFrameworks/AtomicsInternal.framework/Versions/A/AtomicsInternal
0x00000001d74cc000 	/System/Library/PrivateFrameworks/InternalSwiftProtobuf.framework/Versions/A/InternalSwiftProtobuf
0x000000028880c000 	/usr/lib/swift/libswiftDistributed.dylib
0x0000000288835000 	/usr/lib/swift/libswiftObservation.dylib
0x0000000288971000 	/usr/lib/swift/libswiftSynchronization.dylib
0x0000000193dfa000 	/usr/lib/system/libcache.dylib
0x0000000193db5000 	/usr/lib/system/libcommonCrypto.dylib
0x0000000193de0000 	/usr/lib/system/libcompiler_rt.dylib
0x0000000193dd5000 	/usr/lib/system/libcopyfile.dylib
0x0000000183cf5000 	/usr/lib/system/libcorecrypto.dylib
0x0000000183df5000 	/usr/lib/system/libdispatch.dylib
0x0000000183b9f000 	/usr/lib/system/libdyld.dylib
0x0000000193df0000 	/usr/lib/system/libkeymgr.dylib
0x0000000193d98000 	/usr/lib/system/libmacho.dylib
0x000000019302f000 	/usr/lib/system/libquarantine.dylib
0x0000000193ded000 	/usr/lib/system/libremovefile.dylib
0x000000018a75d000 	/usr/lib/system/libsystem_asl.dylib
0x0000000183c7b000 	/usr/lib/system/libsystem_blocks.dylib
0x0000000183e40000 	/usr/lib/system/libsystem_c.dylib
0x0000000193de4000 	/usr/lib/system/libsystem_collections.dylib
0x00000001919d0000 	/usr/lib/system/libsystem_configuration.dylib
0x00000001905bf000 	/usr/lib/system/libsystem_containermanager.dylib
0x00000001937ce000 	/usr/lib/system/libsystem_coreservices.dylib
0x0000000187f88000 	/usr/lib/system/libsystem_darwin.dylib
0x0000000288cd9000 	/usr/lib/system/libsystem_darwindirectory.dylib
0x0000000193df1000 	/usr/lib/system/libsystem_dnssd.dylib
0x0000000288cdd000 	/usr/lib/system/libsystem_eligibility.dylib
0x0000000183e3d000 	/usr/lib/system/libsystem_featureflags.dylib
0x0000000183fc1000 	/usr/lib/system/libsystem_info.dylib
0x0000000193d59000 	/usr/lib/system/libsystem_m.dylib
0x0000000183da4000 	/usr/lib/system/libsystem_malloc.dylib
0x000000018a6c0000 	/usr/lib/system/libsystem_networkextension.dylib
0x00000001883f3000 	/usr/lib/system/libsystem_notify.dylib
0x00000001919d5000 	/usr/lib/system/libsystem_sandbox.dylib
0x0000000288ce7000 	/usr/lib/system/libsystem_sanitizers.dylib
0x0000000193de9000 	/usr/lib/system/libsystem_secinit.dylib
0x0000000183f6d000 	/usr/lib/system/libsystem_kernel.dylib
0x0000000183fb8000 	/usr/lib/system/libsystem_platform.dylib
0x0000000183fab000 	/usr/lib/system/libsystem_pthread.dylib
0x000000018c31b000 	/usr/lib/system/libsystem_symptoms.dylib
0x0000000183cd4000 	/usr/lib/system/libsystem_trace.dylib
0x0000000288cef000 	/usr/lib/system/libsystem_trial.dylib
0x0000000193dc3000 	/usr/lib/system/libunwind.dylib
0x0000000183c7f000 	/usr/lib/system/libxpc.dylib
0x0000000192ff2000 	/System/Library/PrivateFrameworks/BackgroundTaskManagement.framework/Versions/A/BackgroundTaskManagement
0x0000000237ea1000 	/System/Library/PrivateFrameworks/AppleKeyStore.framework/Versions/A/AppleKeyStore
0x0000000286dbe000 	/usr/lib/libCoreEntitlements.dylib
0x000000025cea3000 	/System/Library/PrivateFrameworks/MessageSecurity.framework/Versions/A/MessageSecurity
0x000000019d648000 	/System/Library/PrivateFrameworks/SymptomDiagnosticReporter.framework/Versions/A/SymptomDiagnosticReporter
0x0000000195518000 	/System/Library/PrivateFrameworks/CrashReporterSupport.framework/Versions/A/CrashReporterSupport
0x00000001937b5000 	/System/Library/PrivateFrameworks/AppleFSCompression.framework/Versions/A/AppleFSCompression
0x000000019303f000 	/usr/lib/libcoretls.dylib
0x0000000194022000 	/usr/lib/libpam.2.dylib
0x00000001953bf000 	/usr/lib/libxar.1.dylib
0x000000019534b000 	/System/Library/PrivateFrameworks/APFS.framework/Versions/A/APFS
0x0000000274e40000 	/System/Library/PrivateFrameworks/SwiftASN1Internal.framework/Versions/A/SwiftASN1Internal
0x00000001953ce000 	/usr/lib/libutil.dylib
0x000000018a6db000 	/usr/lib/libenergytrace.dylib
0x0000000193d9c000 	/usr/lib/system/libkxld.dylib
0x0000000192d06000 	/System/Library/PrivateFrameworks/IOMobileFramebuffer.framework/Versions/A/IOMobileFramebuffer
0x00000001905f8000 	/System/Library/Frameworks/IOSurface.framework/Versions/A/IOSurface
0x000000019578a000 	/usr/lib/libheimdal-asn1.dylib
0x0000000193fbc000 	/System/Library/PrivateFrameworks/AppleSauce.framework/Versions/A/AppleSauce
0x0000000192f5f000 	/System/Library/Frameworks/SecurityFoundation.framework/Versions/A/SecurityFoundation
0x0000000192f38000 	/System/Library/PrivateFrameworks/MobileKeyBag.framework/Versions/A/MobileKeyBag
0x000000019857c000 	/System/Library/PrivateFrameworks/CorePhoneNumbers.framework/Versions/A/CorePhoneNumbers
0x00000001a073f000 	/System/Library/PrivateFrameworks/RemoteServiceDiscovery.framework/Versions/A/RemoteServiceDiscovery
0x00000001919dc000 	/System/Library/PrivateFrameworks/AggregateDictionary.framework/Versions/A/AggregateDictionary
0x00000001a0756000 	/System/Library/PrivateFrameworks/RemoteXPC.framework/Versions/A/RemoteXPC
0x00000001c01df000 	/usr/lib/libFDR.dylib
0x00000001c6191000 	/usr/lib/libamsupport.dylib
0x00000002870b4000 	/usr/lib/libReverseProxyDevice.dylib
0x00000001b8423000 	/System/Library/PrivateFrameworks/MSUDataAccessor.framework/Versions/A/MSUDataAccessor
0x0000000237711000 	/System/Library/PrivateFrameworks/AppleDeviceQuerySupport.framework/Versions/A/AppleDeviceQuerySupport
0x00000001a0887000 	/System/Library/PrivateFrameworks/AppSupport.framework/Versions/A/AppSupport
0x000000018ad50000 	/System/Library/Frameworks/CoreGraphics.framework/Versions/A/CoreGraphics
0x00000001983a2000 	/System/Library/Frameworks/GSS.framework/Versions/A/GSS
0x00000001a1199000 	/System/Library/PrivateFrameworks/StreamingZip.framework/Versions/A/StreamingZip
0x000000019532a000 	/usr/lib/liblzma.5.dylib
0x000000018e802000 	/System/Library/Frameworks/CoreServices.framework/Versions/A/Frameworks/FSEvents.framework/Versions/A/FSEvents
0x0000000187f92000 	/System/Library/Frameworks/CoreServices.framework/Versions/A/Frameworks/CarbonCore.framework/Versions/A/CarbonCore
0x000000018dbe1000 	/System/Library/Frameworks/CoreServices.framework/Versions/A/Frameworks/Metadata.framework/Versions/A/Metadata
0x00000001937d5000 	/System/Library/Frameworks/CoreServices.framework/Versions/A/Frameworks/OSServices.framework/Versions/A/OSServices
0x0000000193f4d000 	/System/Library/Frameworks/CoreServices.framework/Versions/A/Frameworks/SearchKit.framework/Versions/A/SearchKit
0x000000018c295000 	/System/Library/Frameworks/CoreServices.framework/Versions/A/Frameworks/AE.framework/Versions/A/AE
0x0000000184550000 	/System/Library/Frameworks/CoreServices.framework/Versions/A/Frameworks/LaunchServices.framework/Versions/A/LaunchServices
0x00000001952d3000 	/System/Library/Frameworks/CoreServices.framework/Versions/A/Frameworks/DictionaryServices.framework/Versions/A/DictionaryServices
0x000000018e80f000 	/System/Library/Frameworks/CoreServices.framework/Versions/A/Frameworks/SharedFileList.framework/Versions/A/SharedFileList
0x0000000193033000 	/usr/lib/libCheckFix.dylib
0x000000018a775000 	/System/Library/PrivateFrameworks/TCC.framework/Versions/A/TCC
0x00000001919e5000 	/System/Library/PrivateFrameworks/CoreNLP.framework/Versions/A/CoreNLP
0x000000018db74000 	/System/Library/PrivateFrameworks/MetadataUtilities.framework/Versions/A/MetadataUtilities
0x000000019c74c000 	/System/Library/Frameworks/Accelerate.framework/Versions/A/Accelerate
0x0000000193069000 	/usr/lib/libmecab.dylib
0x0000000185561000 	/usr/lib/libCRFSuite.dylib
0x00000001930c8000 	/usr/lib/libgermantok.dylib
0x0000000193fb3000 	/usr/lib/libThaiTokenizer.dylib
0x000000018dc77000 	/System/Library/Frameworks/Accelerate.framework/Versions/A/Frameworks/vImage.framework/Versions/A/vImage
0x000000019c4a8000 	/System/Library/Frameworks/Accelerate.framework/Versions/A/Frameworks/vecLib.framework/Versions/A/vecLib
0x0000000195405000 	/System/Library/Frameworks/Accelerate.framework/Versions/A/Frameworks/vecLib.framework/Versions/A/libvMisc.dylib
0x0000000184a54000 	/System/Library/Frameworks/Accelerate.framework/Versions/A/Frameworks/vecLib.framework/Versions/A/libBLAS.dylib
0x000000018e96d000 	/System/Library/Frameworks/CoreVideo.framework/Versions/A/CoreVideo
0x000000018b4a6000 	/System/Library/Frameworks/ColorSync.framework/Versions/A/ColorSync
0x0000000186ed4000 	/System/Library/Frameworks/CoreText.framework/Versions/A/CoreText
0x00000001910eb000 	/System/Library/Frameworks/ImageIO.framework/Versions/A/ImageIO
0x000000018a799000 	/System/Library/PrivateFrameworks/SkyLight.framework/Versions/A/SkyLight
0x0000000190ac6000 	/System/Library/PrivateFrameworks/FontServices.framework/libFontParser.dylib
0x0000000239588000 	/System/Library/PrivateFrameworks/BiomeLibrary.framework/Versions/A/BiomeLibrary
0x000000018c137000 	/System/Library/PrivateFrameworks/BaseBoard.framework/Versions/A/BaseBoard
0x000000019e59a000 	/System/Library/PrivateFrameworks/BoardServices.framework/Versions/A/BoardServices
0x00000001a0467000 	/System/Library/PrivateFrameworks/BackBoardServices.framework/Versions/A/BackBoardServices
0x000000023948d000 	/System/Library/PrivateFrameworks/BackBoardHIDEventFoundation.framework/Versions/A/BackBoardHIDEventFoundation
0x00000001869f0000 	/System/Library/Frameworks/CoreDisplay.framework/Versions/A/CoreDisplay
0x0000000195fe3000 	/System/Library/Frameworks/VideoToolbox.framework/Versions/A/VideoToolbox
0x0000000194020000 	/System/Library/Frameworks/MetalPerformanceShaders.framework/Versions/A/MetalPerformanceShaders
0x00000002676ca000 	/System/Library/PrivateFrameworks/ProDisplayLibrary.framework/Versions/A/ProDisplayLibrary
0x00000001a4298000 	/System/Library/PrivateFrameworks/IOSurfaceAccelerator.framework/Versions/A/IOSurfaceAccelerator
0x0000000190620000 	/System/Library/Frameworks/Metal.framework/Versions/A/Metal
0x0000000190615000 	/System/Library/PrivateFrameworks/IOAccelerator.framework/Versions/A/IOAccelerator
0x0000000190924000 	/System/Library/Frameworks/CoreMedia.framework/Versions/A/CoreMedia
0x0000000195f9b000 	/System/Library/PrivateFrameworks/WatchdogClient.framework/Versions/A/WatchdogClient
0x000000018e09c000 	/System/Library/Frameworks/QuartzCore.framework/Versions/A/QuartzCore
0x0000000195f9d000 	/System/Library/PrivateFrameworks/MultitouchSupport.framework/Versions/A/MultitouchSupport
0x00000001c9139000 	/usr/lib/swift/libswiftAccelerate.dylib
0x00000001b12db000 	/usr/lib/swift/libswiftCoreAudio.dylib
0x00000001cd2b4000 	/usr/lib/swift/libswiftCoreMedia.dylib
0x00000001bf2a0000 	/usr/lib/swift/libswiftMetal.dylib
0x00000001cea67000 	/usr/lib/swift/libswiftOSLog.dylib
0x00000001c4695000 	/usr/lib/swift/libswiftQuartzCore.dylib
0x00000001c9129000 	/usr/lib/swift/libswiftUniformTypeIdentifiers.dylib
0x000000028899f000 	/usr/lib/swift/libswiftVideoToolbox.dylib
0x00000001b4e4f000 	/usr/lib/swift/libswiftsimd.dylib
0x00000001c030b000 	/System/Library/PrivateFrameworks/BiomeStreams.framework/Versions/A/BiomeStreams
0x00000001c65f0000 	/System/Library/PrivateFrameworks/BiomeStorage.framework/Versions/A/BiomeStorage
0x00000001bc370000 	/System/Library/PrivateFrameworks/BiomeFoundation.framework/Versions/A/BiomeFoundation
0x0000000255be7000 	/System/Library/PrivateFrameworks/IntelligencePlatformLibrary.framework/Versions/A/IntelligencePlatformLibrary
0x000000026648e000 	/System/Library/PrivateFrameworks/PoirotSchematizer.framework/Versions/A/PoirotSchematizer
0x0000000239e3b000 	/System/Library/PrivateFrameworks/BiomeSync.framework/Versions/A/BiomeSync
0x000000023956e000 	/System/Library/PrivateFrameworks/BiomeDSL.framework/Versions/A/BiomeDSL
0x00000001c658f000 	/System/Library/PrivateFrameworks/BiomePubSub.framework/Versions/A/BiomePubSub
0x00000001a217c000 	/System/Library/PrivateFrameworks/ProactiveSupport.framework/Versions/A/ProactiveSupport
0x00000001df696000 	/System/Library/PrivateFrameworks/FeatureFlags.framework/Versions/A/FeatureFlags
0x00000002664fc000 	/System/Library/PrivateFrameworks/PoirotUDFs.framework/Versions/A/PoirotUDFs
0x0000000288a47000 	/usr/lib/swift/libswift_DarwinFoundation2.dylib
0x0000000288a48000 	/usr/lib/swift/libswift_DarwinFoundation3.dylib
0x000000019eb0f000 	/System/Library/PrivateFrameworks/CoreTime.framework/Versions/A/CoreTime
0x00000001a0b9b000 	/System/Library/PrivateFrameworks/InternationalTextSearch.framework/Versions/A/InternationalTextSearch
0x00000001b884b000 	/System/Library/PrivateFrameworks/SoftwareUpdateCoreSupport.framework/Versions/A/SoftwareUpdateCoreSupport
0x00000001c0da9000 	/System/Library/PrivateFrameworks/SoftwareUpdateCoreConnect.framework/Versions/A/SoftwareUpdateCoreConnect
0x00000001b338b000 	/usr/lib/libbootpolicy.dylib
0x00000001c9353000 	/usr/lib/libpartition2_dynamic.dylib
0x0000000286c69000 	/usr/lib/libAppleArchive.dylib
0x00000001937c1000 	/usr/lib/libbz2.1.0.dylib
0x00000001c31fb000 	/System/Library/PrivateFrameworks/OSAnalytics.framework/Versions/A/OSAnalytics
0x0000000243f6a000 	/System/Library/PrivateFrameworks/DeviceRecovery.framework/Versions/A/DeviceRecovery
0x000000019e9b2000 	/System/Library/PrivateFrameworks/CoreSymbolication.framework/Versions/A/CoreSymbolication
0x00000001d2b6d000 	/System/Library/PrivateFrameworks/Symbolication.framework/Versions/A/Symbolication
0x000000019e990000 	/System/Library/PrivateFrameworks/DebugSymbols.framework/Versions/A/DebugSymbols
0x00000001b124c000 	/System/Library/PrivateFrameworks/MallocStackLogging.framework/Versions/A/MallocStackLogging
0x0000000288a49000 	/usr/lib/swift/libswift_RegexParser.dylib
0x0000000193e3a000 	/usr/lib/libiconv.2.dylib
0x0000000193d97000 	/usr/lib/libcharset.1.dylib
0x0000000266451000 	/System/Library/PrivateFrameworks/PoirotSQLite.framework/Versions/A/PoirotSQLite
0x000000023b471000 	/System/Library/PrivateFrameworks/CascadeSets.framework/Versions/A/CascadeSets
0x0000000195d95000 	/System/Library/PrivateFrameworks/AppleJPEG.framework/Versions/A/AppleJPEG
0x000000019576f000 	/usr/lib/libexpat.1.dylib
0x0000000196560000 	/System/Library/Frameworks/ImageIO.framework/Versions/A/Resources/libPng.dylib
0x000000019658b000 	/System/Library/Frameworks/ImageIO.framework/Versions/A/Resources/libTIFF.dylib
0x0000000196673000 	/System/Library/Frameworks/ImageIO.framework/Versions/A/Resources/libGIF.dylib
0x0000000195dda000 	/System/Library/Frameworks/ImageIO.framework/Versions/A/Resources/libJP2.dylib
0x000000019547f000 	/usr/lib/libate.dylib
0x000000019661a000 	/System/Library/Frameworks/ImageIO.framework/Versions/A/Resources/libJPEG.dylib
0x0000000196611000 	/System/Library/Frameworks/ImageIO.framework/Versions/A/Resources/libRadiance.dylib
0x000000024b89e000 	/System/Library/PrivateFrameworks/GPUCompiler.framework/Versions/32023/Libraries/libllvm-flatbuffers.dylib
0x00000002462fd000 	/System/Library/PrivateFrameworks/FramePacing.framework/Versions/A/FramePacing
0x0000000229512000 	/System/Library/Frameworks/OpenGL.framework/Versions/A/Libraries/libCoreFSCache.dylib
0x000000024742b000 	/System/Library/PrivateFrameworks/GPUCompiler.framework/Versions/32023/Libraries/libGPUCompilerUtils.dylib
0x000000018baa2000 	/System/Library/Frameworks/CoreData.framework/Versions/A/CoreData
0x000000022b59c000 	/System/Library/Frameworks/ExtensionFoundation.framework/Versions/A/ExtensionFoundation
0x00000001959f2000 	/System/Library/PrivateFrameworks/AppServerSupport.framework/Versions/A/AppServerSupport
0x0000000261f04000 	/System/Library/PrivateFrameworks/OSEligibility.framework/Versions/A/OSEligibility
0x000000022c980000 	/System/Library/Frameworks/LightweightCodeRequirements.framework/Versions/A/LightweightCodeRequirements
0x000000019566f000 	/System/Library/PrivateFrameworks/PlugInKit.framework/Versions/A/PlugInKit
0x0000000192f50000 	/System/Library/PrivateFrameworks/AssertionServices.framework/Versions/A/AssertionServices
0x000000019142b000 	/System/Library/Frameworks/CoreImage.framework/Versions/A/CoreImage
0x00000001959a2000 	/System/Library/PrivateFrameworks/GraphVisualizer.framework/Versions/A/GraphVisualizer
0x0000000229520000 	/System/Library/Frameworks/OpenGL.framework/Versions/A/OpenGL
0x0000000229571000 	/System/Library/Frameworks/OpenGL.framework/Versions/A/Libraries/libGLU.dylib
0x0000000229534000 	/System/Library/Frameworks/OpenGL.framework/Versions/A/Libraries/libGFXShared.dylib
0x0000000229701000 	/System/Library/Frameworks/OpenGL.framework/Versions/A/Libraries/libGL.dylib
0x000000022953d000 	/System/Library/Frameworks/OpenGL.framework/Versions/A/Libraries/libGLImage.dylib
0x0000000229531000 	/System/Library/Frameworks/OpenGL.framework/Versions/A/Libraries/libCVMSPluginSupport.dylib
0x000000022951a000 	/System/Library/Frameworks/OpenGL.framework/Versions/A/Libraries/libCoreVMClient.dylib
0x0000000246208000 	/System/Library/PrivateFrameworks/FontServices.framework/Versions/A/FontServices
0x00000001959b2000 	/System/Library/PrivateFrameworks/OTSVG.framework/Versions/A/OTSVG
0x000000018e4b2000 	/System/Library/Frameworks/ApplicationServices.framework/Versions/A/Frameworks/ATS.framework/Versions/A/Resources/libFontRegistry.dylib
0x0000000287b7c000 	/usr/lib/libhvf.dylib
0x0000000262b90000 	/System/Library/PrivateFrameworks/ParsingInternal.framework/Versions/A/ParsingInternal
0x000000024620c000 	/System/Library/PrivateFrameworks/FontServices.framework/libXTFontStaticRegistryData.dylib
0x0000000191916000 	/System/Library/Frameworks/MetalPerformanceShaders.framework/Versions/A/Frameworks/MPSCore.framework/Versions/A/MPSCore
0x0000000193720000 	/System/Library/Frameworks/MetalPerformanceShaders.framework/Versions/A/Frameworks/MPSImage.framework/Versions/A/MPSImage
0x00000001930df000 	/System/Library/Frameworks/MetalPerformanceShaders.framework/Versions/A/Frameworks/MPSNeuralNetwork.framework/Versions/A/MPSNeuralNetwork
0x000000019351e000 	/System/Library/Frameworks/MetalPerformanceShaders.framework/Versions/A/Frameworks/MPSMatrix.framework/Versions/A/MPSMatrix
0x0000000193336000 	/System/Library/Frameworks/MetalPerformanceShaders.framework/Versions/A/Frameworks/MPSRayIntersector.framework/Versions/A/MPSRayIntersector
0x0000000193550000 	/System/Library/Frameworks/MetalPerformanceShaders.framework/Versions/A/Frameworks/MPSNDArray.framework/Versions/A/MPSNDArray
0x000000022d805000 	/System/Library/Frameworks/MetalPerformanceShaders.framework/Versions/A/Frameworks/MPSFunctions.framework/Versions/A/MPSFunctions
0x000000022d7e6000 	/System/Library/Frameworks/MetalPerformanceShaders.framework/Versions/A/Frameworks/MPSBenchmarkLoop.framework/Versions/A/MPSBenchmarkLoop
0x000000022d819000 	/System/Library/Frameworks/MetalPerformanceShaders.framework/Versions/A/Frameworks/MPSHost.framework/Versions/A/MPSHost
0x000000018486b000 	/System/Library/PrivateFrameworks/MetalTools.framework/Versions/A/MetalTools
0x00000001b6574000 	/System/Library/PrivateFrameworks/IOAccelMemoryInfo.framework/Versions/A/IOAccelMemoryInfo
0x00000001c4a88000 	/System/Library/PrivateFrameworks/kperf.framework/Versions/A/kperf
0x00000001b12d7000 	/System/Library/PrivateFrameworks/GPURawCounter.framework/Versions/A/GPURawCounter
0x00000001a2307000 	/System/Library/PrivateFrameworks/ASEProcessing.framework/Versions/A/ASEProcessing
0x000000026603d000 	/System/Library/PrivateFrameworks/PhotosensitivityProcessing.framework/Versions/A/PhotosensitivityProcessing
0x0000000269965000 	/System/Library/PrivateFrameworks/SILManager.framework/Versions/A/SILManager
0x0000000278293000 	/System/Library/PrivateFrameworks/Tightbeam.framework/Versions/A/Tightbeam
0x00000001bf2ae000 	/usr/lib/swift/libswiftCompression.dylib
0x00000001c98c0000 	/System/Library/PrivateFrameworks/AFKUser.framework/Versions/A/AFKUser
0x0000000197d1b000 	/System/Library/Frameworks/AudioToolbox.framework/Versions/A/AudioToolbox
0x0000000186b11000 	/System/Library/PrivateFrameworks/AudioToolboxCore.framework/Versions/A/AudioToolboxCore
0x0000000197ef0000 	/System/Library/PrivateFrameworks/AudioSession.framework/Versions/A/AudioSession
0x00000001a358a000 	/System/Library/Frameworks/CoreMIDI.framework/Versions/A/CoreMIDI
0x0000000197f71000 	/usr/lib/libAudioStatistics.dylib
0x00000001908fa000 	/System/Library/PrivateFrameworks/caulk.framework/Versions/A/caulk
0x00000001870fd000 	/System/Library/Frameworks/CoreAudio.framework/Versions/A/CoreAudio
0x000000019653a000 	/usr/lib/libAudioToolboxUtility.dylib
0x00000001b7c37000 	/usr/lib/swift/libswiftCoreMIDI.dylib
0x0000000198374000 	/System/Library/PrivateFrameworks/perfdata.framework/Versions/A/perfdata
0x00000001b02e8000 	/System/Library/PrivateFrameworks/SystemPolicy.framework/Versions/A/SystemPolicy
0x0000000198219000 	/usr/lib/libSMC.dylib
0x0000000198382000 	/usr/lib/libperfcheck.dylib
0x0000000238e29000 	/System/Library/PrivateFrameworks/AudioAnalytics.framework/Versions/A/AudioAnalytics
0x00000001d71ba000 	/System/Library/Frameworks/OSLog.framework/Versions/A/OSLog
0x00000001b127e000 	/usr/lib/libmis.dylib
0x00000001958b3000 	/System/Library/PrivateFrameworks/MediaExperience.framework/Versions/A/MediaExperience
0x0000000197cc5000 	/System/Library/PrivateFrameworks/AudioSession.framework/libSessionUtility.dylib
0x0000000196679000 	/System/Library/PrivateFrameworks/CMCaptureCore.framework/Versions/A/CMCaptureCore
0x00000001959ff000 	/usr/lib/libspindump.dylib
0x00000001a9157000 	/System/Library/PrivateFrameworks/HID.framework/Versions/A/HID
0x000000018524f000 	/System/Library/PrivateFrameworks/Lexicon.framework/Versions/A/Lexicon
0x0000000191b05000 	/System/Library/PrivateFrameworks/LinguisticData.framework/Versions/A/LinguisticData
0x000000019e667000 	/System/Library/PrivateFrameworks/GraphicsServices.framework/Versions/A/GraphicsServices
0x000000018e7ca000 	/System/Library/Frameworks/OpenDirectory.framework/Versions/A/OpenDirectory
0x000000018e7d8000 	/System/Library/Frameworks/OpenDirectory.framework/Versions/A/Frameworks/CFOpenDirectory.framework/Versions/A/CFOpenDirectory
0x000000027ca03000 	/System/Library/PrivateFrameworks/VideoToolboxParavirtualizationSupport.framework/Versions/A/VideoToolboxParavirtualizationSupport
0x0000000195726000 	/System/Library/PrivateFrameworks/AppleVA.framework/Versions/A/AppleVA
0x000000019660c000 	/System/Library/PrivateFrameworks/GPUWrangler.framework/Versions/A/GPUWrangler
0x00000001965ec000 	/System/Library/PrivateFrameworks/IOPresentment.framework/Versions/A/IOPresentment
0x0000000196614000 	/System/Library/PrivateFrameworks/DSExternalDisplay.framework/Versions/A/DSExternalDisplay
0x000000019d746000 	/System/Library/PrivateFrameworks/MediaKit.framework/Versions/A/MediaKit
0x000000019d694000 	/System/Library/Frameworks/DiscRecording.framework/Versions/A/DiscRecording
0x0000000238848000 	/System/Library/PrivateFrameworks/AppleMobileFileIntegrity.framework/Versions/A/AppleMobileFileIntegrity
0x000000028712b000 	/usr/lib/libTLE.dylib
0x00000001e8da9000 	/System/Library/PrivateFrameworks/ConfigProfileHelper.framework/Versions/A/ConfigProfileHelper
0x0000000257c97000 	/System/Library/PrivateFrameworks/MIL.framework/Versions/A/MIL
0x0000000198359000 	/System/Library/PrivateFrameworks/NetAuth.framework/Versions/A/NetAuth
0x000000018e9ee000 	/System/Library/PrivateFrameworks/login.framework/Versions/A/Frameworks/loginsupport.framework/Versions/A/loginsupport
0x00000001d76a3000 	/System/Library/PrivateFrameworks/HIDDisplay.framework/Versions/A/HIDDisplay
0x0000000198390000 	/System/Library/Frameworks/Kerberos.framework/Versions/A/Kerberos
0x0000000198001000 	/usr/lib/libresolv.9.dylib
0x0000000195a06000 	/System/Library/PrivateFrameworks/Heimdal.framework/Versions/A/Heimdal
0x00000001a116e000 	/System/Library/Frameworks/Kerberos.framework/Versions/A/Libraries/libHeimdalProxy.dylib
0x00000001983f4000 	/System/Library/PrivateFrameworks/CommonAuth.framework/Versions/A/CommonAuth
0x0000000192b94000 	/System/Library/Frameworks/Accelerate.framework/Versions/A/Frameworks/vecLib.framework/Versions/A/libvDSP.dylib
0x0000000194102000 	/System/Library/Frameworks/Accelerate.framework/Versions/A/Frameworks/vecLib.framework/Versions/A/libLAPACK.dylib
0x00000001930cb000 	/System/Library/Frameworks/Accelerate.framework/Versions/A/Frameworks/vecLib.framework/Versions/A/libLinearAlgebra.dylib
0x0000000193ff9000 	/System/Library/Frameworks/Accelerate.framework/Versions/A/Frameworks/vecLib.framework/Versions/A/libSparseBLAS.dylib
0x00000001940fd000 	/System/Library/Frameworks/Accelerate.framework/Versions/A/Frameworks/vecLib.framework/Versions/A/libQuadrature.dylib
0x0000000191b0c000 	/System/Library/Frameworks/Accelerate.framework/Versions/A/Frameworks/vecLib.framework/Versions/A/libBNNS.dylib
0x000000018535f000 	/System/Library/Frameworks/Accelerate.framework/Versions/A/Frameworks/vecLib.framework/Versions/A/libSparse.dylib
0x00000002531bc000 	/System/Library/PrivateFrameworks/InstalledContentLibrary.framework/Versions/A/InstalledContentLibrary
0x00000001882ca000 	/System/Library/PrivateFrameworks/CoreServicesStore.framework/Versions/A/CoreServicesStore
0x000000018e839000 	/usr/lib/libapp_launch_measurement.dylib
0x00000001c4b9f000 	/System/Library/PrivateFrameworks/MobileSystemServices.framework/Versions/A/MobileSystemServices
0x00000001953d2000 	/usr/lib/libxslt.1.dylib
0x00000001a0645000 	/System/Library/PrivateFrameworks/DiskImages.framework/Versions/A/DiskImages
0x00000001adc36000 	/System/Library/Frameworks/NetFS.framework/Versions/A/NetFS
0x00000001a0800000 	/usr/lib/libcurl.4.dylib
0x0000000287930000 	/usr/lib/libcrypto.46.dylib
0x00000002884cf000 	/usr/lib/libssl.48.dylib
0x00000001a04da000 	/System/Library/Frameworks/LDAP.framework/Versions/A/LDAP
0x00000001a0516000 	/System/Library/PrivateFrameworks/TrustEvaluationAgent.framework/Versions/A/TrustEvaluationAgent
0x000000019801e000 	/usr/lib/libsasl2.2.dylib
0x0000000104cb0000 	/opt/homebrew/Cellar/python@3.12/3.12.14/Frameworks/Python.framework/Versions/3.12/lib/python3.12/lib-dynload/math.cpython-312-darwin.so
0x0000000104d24000 	/opt/homebrew/Cellar/python@3.12/3.12.14/Frameworks/Python.framework/Versions/3.12/lib/python3.12/lib-dynload/_json.cpython-312-darwin.so
0x0000000104cc8000 	/opt/homebrew/Cellar/python@3.12/3.12.14/Frameworks/Python.framework/Versions/3.12/lib/python3.12/lib-dynload/fcntl.cpython-312-darwin.so
0x0000000104d38000 	/opt/homebrew/Cellar/python@3.12/3.12.14/Frameworks/Python.framework/Versions/3.12/lib/python3.12/lib-dynload/_posixsubprocess.cpython-312-darwin.so
0x00000001052c0000 	/opt/homebrew/Cellar/python@3.12/3.12.14/Frameworks/Python.framework/Versions/3.12/lib/python3.12/lib-dynload/select.cpython-312-darwin.so
0x0000000109c2c000 	/Users/shim/DA/movie_data_analysis/.venv/lib/python3.12/site-packages/zmq/backend/cython/_zmq.abi3.so
0x0000000109f94000 	/Users/shim/DA/movie_data_analysis/.venv/lib/python3.12/site-packages/zmq/.dylibs/libzmq.5.dylib
0x00000001052d4000 	/Users/shim/DA/movie_data_analysis/.venv/lib/python3.12/site-packages/zmq/.dylibs/libsodium.26.dylib
0x0000000104d48000 	/opt/homebrew/Cellar/python@3.12/3.12.14/Frameworks/Python.framework/Versions/3.12/lib/python3.12/lib-dynload/_opcode.cpython-312-darwin.so
0x000000010533c000 	/opt/homebrew/Cellar/python@3.12/3.12.14/Frameworks/Python.framework/Versions/3.12/lib/python3.12/lib-dynload/_struct.cpython-312-darwin.so
0x0000000109d88000 	/opt/homebrew/Cellar/python@3.12/3.12.14/Frameworks/Python.framework/Versions/3.12/lib/python3.12/lib-dynload/_pickle.cpython-312-darwin.so
0x0000000105350000 	/opt/homebrew/Cellar/python@3.12/3.12.14/Frameworks/Python.framework/Versions/3.12/lib/python3.12/lib-dynload/_bisect.cpython-312-darwin.so
0x0000000105360000 	/opt/homebrew/Cellar/python@3.12/3.12.14/Frameworks/Python.framework/Versions/3.12/lib/python3.12/lib-dynload/_random.cpython-312-darwin.so
0x0000000109d64000 	/opt/homebrew/Cellar/python@3.12/3.12.14/Frameworks/Python.framework/Versions/3.12/lib/python3.12/lib-dynload/_sha2.cpython-312-darwin.so
0x0000000109d78000 	/opt/homebrew/Cellar/python@3.12/3.12.14/Frameworks/Python.framework/Versions/3.12/lib/python3.12/lib-dynload/_heapq.cpython-312-darwin.so
0x0000000109ecc000 	/opt/homebrew/Cellar/python@3.12/3.12.14/Frameworks/Python.framework/Versions/3.12/lib/python3.12/lib-dynload/_socket.cpython-312-darwin.so
0x0000000109eac000 	/opt/homebrew/Cellar/python@3.12/3.12.14/Frameworks/Python.framework/Versions/3.12/lib/python3.12/lib-dynload/array.cpython-312-darwin.so
0x0000000109f20000 	/opt/homebrew/Cellar/python@3.12/3.12.14/Frameworks/Python.framework/Versions/3.12/lib/python3.12/lib-dynload/_ssl.cpython-312-darwin.so
0x000000010a20c000 	/opt/homebrew/Cellar/openssl@3/3.6.3/lib/libssl.3.dylib
0x000000010a78c000 	/opt/homebrew/Cellar/openssl@3/3.6.3/lib/libcrypto.3.dylib
0x0000000109eec000 	/opt/homebrew/Cellar/python@3.12/3.12.14/Frameworks/Python.framework/Versions/3.12/lib/python3.12/lib-dynload/binascii.cpython-312-darwin.so
0x0000000109f00000 	/opt/homebrew/Cellar/python@3.12/3.12.14/Frameworks/Python.framework/Versions/3.12/lib/python3.12/lib-dynload/_contextvars.cpython-312-darwin.so
0x0000000109f70000 	/opt/homebrew/Cellar/python@3.12/3.12.14/Frameworks/Python.framework/Versions/3.12/lib/python3.12/lib-dynload/_asyncio.cpython-312-darwin.so
0x0000000109f10000 	/opt/homebrew/Cellar/python@3.12/3.12.14/Frameworks/Python.framework/Versions/3.12/lib/python3.12/lib-dynload/_queue.cpython-312-darwin.so
0x0000000109f54000 	/opt/homebrew/Cellar/python@3.12/3.12.14/Frameworks/Python.framework/Versions/3.12/lib/python3.12/lib-dynload/_hashlib.cpython-312-darwin.so
0x000000010a134000 	/opt/homebrew/Cellar/python@3.12/3.12.14/Frameworks/Python.framework/Versions/3.12/lib/python3.12/lib-dynload/_blake2.cpython-312-darwin.so
0x000000010a168000 	/opt/homebrew/Cellar/python@3.12/3.12.14/Frameworks/Python.framework/Versions/3.12/lib/python3.12/lib-dynload/_datetime.cpython-312-darwin.so
0x000000010a148000 	/opt/homebrew/Cellar/python@3.12/3.12.14/Frameworks/Python.framework/Versions/3.12/lib/python3.12/lib-dynload/zlib.cpython-312-darwin.so
0x000000010a188000 	/Users/shim/DA/movie_data_analysis/.venv/lib/python3.12/site-packages/tornado/speedups.abi3.so
0x000000010a1bc000 	/opt/homebrew/Cellar/python@3.12/3.12.14/Frameworks/Python.framework/Versions/3.12/lib/python3.12/lib-dynload/_ctypes.cpython-312-darwin.so
0x00000001986d8000 	/usr/lib/libffi.dylib
0x000000010a1e0000 	/opt/homebrew/Cellar/python@3.12/3.12.14/Frameworks/Python.framework/Versions/3.12/lib/python3.12/lib-dynload/_curses.cpython-312-darwin.so
0x00000001b6537000 	/usr/lib/libncurses.5.4.dylib
0x000000010a714000 	/opt/homebrew/Cellar/python@3.12/3.12.14/Frameworks/Python.framework/Versions/3.12/lib/python3.12/lib-dynload/_decimal.cpython-312-darwin.so
0x000000010a740000 	/opt/homebrew/Cellar/mpdecimal/4.0.1/lib/libmpdec.4.0.1.dylib
0x000000010a198000 	/opt/homebrew/Cellar/python@3.12/3.12.14/Frameworks/Python.framework/Versions/3.12/lib/python3.12/lib-dynload/termios.cpython-312-darwin.so
0x000000010a1a8000 	/opt/homebrew/Cellar/python@3.12/3.12.14/Frameworks/Python.framework/Versions/3.12/lib/python3.12/lib-dynload/_bz2.cpython-312-darwin.so
0x000000010a6e8000 	/opt/homebrew/Cellar/python@3.12/3.12.14/Frameworks/Python.framework/Versions/3.12/lib/python3.12/lib-dynload/_lzma.cpython-312-darwin.so
0x000000010ad5c000 	/opt/homebrew/Cellar/xz/5.8.3/lib/liblzma.5.dylib
0x000000010a6fc000 	/opt/homebrew/Cellar/python@3.12/3.12.14/Frameworks/Python.framework/Versions/3.12/lib/python3.12/lib-dynload/_uuid.cpython-312-darwin.so
0x000000010a770000 	/opt/homebrew/Cellar/python@3.12/3.12.14/Frameworks/Python.framework/Versions/3.12/lib/python3.12/lib-dynload/_csv.cpython-312-darwin.so
0x000000010b38c000 	/opt/homebrew/Cellar/python@3.12/3.12.14/Frameworks/Python.framework/Versions/3.12/lib/python3.12/lib-dynload/_sqlite3.cpython-312-darwin.so
0x000000010b4ec000 	/opt/homebrew/Cellar/sqlite/3.53.4/lib/libsqlite3.3.53.4.dylib
0x000000010b844000 	/opt/homebrew/Cellar/python@3.12/3.12.14/Frameworks/Python.framework/Versions/3.12/lib/python3.12/lib-dynload/unicodedata.cpython-312-darwin.so
0x000000010b4b4000 	/opt/homebrew/Cellar/python@3.12/3.12.14/Frameworks/Python.framework/Versions/3.12/lib/python3.12/lib-dynload/pyexpat.cpython-312-darwin.so
0x000000010ad30000 	/opt/homebrew/Cellar/python@3.12/3.12.14/Frameworks/Python.framework/Versions/3.12/lib/python3.12/lib-dynload/_scproxy.cpython-312-darwin.so
0x000000010ad40000 	/opt/homebrew/Cellar/python@3.12/3.12.14/Frameworks/Python.framework/Versions/3.12/lib/python3.12/lib-dynload/_lsprof.cpython-312-darwin.so
0x000000010b4d0000 	/opt/homebrew/Cellar/python@3.12/3.12.14/Frameworks/Python.framework/Versions/3.12/lib/python3.12/lib-dynload/resource.cpython-312-darwin.so
0x000000010bd64000 	/Users/shim/DA/movie_data_analysis/.venv/lib/python3.12/site-packages/psutil/_psutil_osx.abi3.so
0x000000010c084000 	/Users/shim/DA/movie_data_analysis/.venv/lib/python3.12/site-packages/debugpy/_vendored/pydevd/_pydevd_bundle/pydevd_cython.cpython-312-darwin.so
0x000000010c104000 	/Users/shim/DA/movie_data_analysis/.venv/lib/python3.12/site-packages/debugpy/_vendored/pydevd/_pydevd_sys_monitoring/_pydevd_sys_monitoring_cython.cpython-312-darwin.so
0x000000010b834000 	/opt/homebrew/Cellar/python@3.12/3.12.14/Frameworks/Python.framework/Versions/3.12/lib/python3.12/lib-dynload/grp.cpython-312-darwin.so
0x000000010c578000 	/Users/shim/DA/movie_data_analysis/.venv/lib/python3.12/site-packages/_jpype.so
0x0000000110bd0000 	/Users/shim/DA/movie_data_analysis/.venv/lib/python3.12/site-packages/numpy/_core/_multiarray_umath.cpython-312-darwin.so
0x000000010c728000 	/Users/shim/DA/movie_data_analysis/.venv/lib/python3.12/site-packages/numpy/linalg/_umath_linalg.cpython-312-darwin.so
0x0000000110b00000 	/Users/shim/DA/movie_data_analysis/.venv/lib/python3.12/site-packages/PIL/_imaging.cpython-312-darwin.so
0x0000000111374000 	/Users/shim/DA/movie_data_analysis/.venv/lib/python3.12/site-packages/PIL/.dylibs/libtiff.6.dylib
0x00000001112b8000 	/Users/shim/DA/movie_data_analysis/.venv/lib/python3.12/site-packages/PIL/.dylibs/libjpeg.62.4.0.dylib
0x0000000111430000 	/Users/shim/DA/movie_data_analysis/.venv/lib/python3.12/site-packages/PIL/.dylibs/libopenjp2.2.5.4.dylib
0x000000010c77c000 	/Users/shim/DA/movie_data_analysis/.venv/lib/python3.12/site-packages/PIL/.dylibs/libz.1.3.1.zlib-ng.dylib
0x00000001114d4000 	/Users/shim/DA/movie_data_analysis/.venv/lib/python3.12/site-packages/PIL/.dylibs/libxcb.1.1.0.dylib
0x0000000111518000 	/Users/shim/DA/movie_data_analysis/.venv/lib/python3.12/site-packages/PIL/.dylibs/liblzma.5.dylib
0x000000010c714000 	/Users/shim/DA/movie_data_analysis/.venv/lib/python3.12/site-packages/PIL/.dylibs/libXau.6.dylib
0x000000010c7a8000 	/opt/homebrew/Cellar/openjdk/26.0.2/libexec/openjdk.jdk/Contents/MacOS/libjli.dylib
0x00000001a377d000 	/System/Library/Frameworks/Cocoa.framework/Versions/A/Cocoa
0x0000000188463000 	/System/Library/Frameworks/AppKit.framework/Versions/C/AppKit
0x000000023c89c000 	/System/Library/PrivateFrameworks/CollectionViewCore.framework/Versions/A/CollectionViewCore
0x00000001910a7000 	/System/Library/PrivateFrameworks/XCTTargetBootstrap.framework/Versions/A/XCTTargetBootstrap
0x0000000196af0000 	/System/Library/PrivateFrameworks/UserActivity.framework/Versions/A/UserActivity
0x000000024630a000 	/System/Library/PrivateFrameworks/FrontBoard.framework/Versions/A/FrontBoard
0x000000027a3e0000 	/System/Library/PrivateFrameworks/UIIntelligenceSupport.framework/Versions/A/UIIntelligenceSupport
0x0000000230c33000 	/System/Library/Frameworks/SwiftUICore.framework/Versions/A/SwiftUICore
0x0000000280f74000 	/System/Library/PrivateFrameworks/WritingTools.framework/Versions/A/WritingTools
0x000000027fd6f000 	/System/Library/PrivateFrameworks/WindowManagement.framework/Versions/A/WindowManagement
0x000000024603f000 	/System/Library/PrivateFrameworks/FocusEngine.framework/Versions/A/FocusEngine
0x0000000243a4b000 	/System/Library/PrivateFrameworks/DesignLibrary.framework/Versions/A/DesignLibrary
0x0000000191092000 	/System/Library/PrivateFrameworks/DFRFoundation.framework/Versions/A/DFRFoundation
0x000000027b329000 	/System/Library/PrivateFrameworks/UpdateCycle.framework/Versions/A/UpdateCycle
0x0000000190d96000 	/System/Library/Frameworks/Carbon.framework/Versions/A/Frameworks/HIToolbox.framework/Versions/A/HIToolbox
0x000000019c0bb000 	/System/Library/Frameworks/Carbon.framework/Versions/A/Frameworks/SpeechRecognition.framework/Versions/A/SpeechRecognition
0x000000018e7c0000 	/System/Library/PrivateFrameworks/PerformanceAnalysis.framework/Versions/A/PerformanceAnalysis
0x000000019c44b000 	/System/Library/Frameworks/Accessibility.framework/Versions/A/Accessibility
0x0000000231b90000 	/System/Library/Frameworks/Symbols.framework/Versions/A/Symbols
0x000000024f59f000 	/System/Library/PrivateFrameworks/Gestures.framework/Versions/A/Gestures
0x00000002888f7000 	/usr/lib/swift/libswiftSpatial.dylib
0x00000001ae190000 	/usr/lib/swift/libswiftCoreGraphics.dylib
0x000000019ce8f000 	/usr/lib/swift/libswiftFoundation.dylib
0x00000001e874d000 	/usr/lib/swift/libswiftSwiftOnoneSupport.dylib
0x0000000288b7d000 	/usr/lib/swift/libswiftsys_time.dylib
0x00000001d3382000 	/System/Library/PrivateFrameworks/CoreMaterial.framework/Versions/A/CoreMaterial
0x0000000287128000 	/usr/lib/libSpatial.dylib
0x0000000286b49000 	/System/Library/SubFrameworks/UIUtilities.framework/Versions/A/UIUtilities
0x000000019ffa5000 	/System/Library/PrivateFrameworks/CoreWiFi.framework/Versions/A/CoreWiFi
0x000000019eb1a000 	/System/Library/PrivateFrameworks/Rapport.framework/Versions/A/Rapport
0x000000018c095000 	/System/Library/Frameworks/Accounts.framework/Versions/A/Accounts
0x00000001b00bf000 	/System/Library/Frameworks/AVFoundation.framework/Versions/A/AVFoundation
0x0000000196794000 	/System/Library/PrivateFrameworks/InternationalSupport.framework/Versions/A/InternationalSupport
0x00000001a0b9a000 	/System/Library/Frameworks/ApplicationServices.framework/Versions/A/ApplicationServices
0x0000000197fb9000 	/System/Library/Frameworks/ApplicationServices.framework/Versions/A/Frameworks/ATS.framework/Versions/A/ATS
0x000000018b64e000 	/System/Library/Frameworks/ApplicationServices.framework/Versions/A/Frameworks/HIServices.framework/Versions/A/HIServices
0x000000019668a000 	/System/Library/Frameworks/ApplicationServices.framework/Versions/A/Frameworks/PrintCore.framework/Versions/A/PrintCore
0x000000019836b000 	/System/Library/Frameworks/ApplicationServices.framework/Versions/A/Frameworks/QD.framework/Versions/A/QD
0x0000000198366000 	/System/Library/Frameworks/ApplicationServices.framework/Versions/A/Frameworks/ColorSyncLegacy.framework/Versions/A/ColorSyncLegacy
0x0000000197f8b000 	/System/Library/Frameworks/ApplicationServices.framework/Versions/A/Frameworks/SpeechSynthesis.framework/Versions/A/SpeechSynthesis
0x0000000232b1f000 	/System/Library/Frameworks/_LocationEssentials.framework/Versions/A/_LocationEssentials
0x000000019a25b000 	/System/Library/PrivateFrameworks/GeoServices.framework/Versions/A/GeoServices
0x0000000197c8b000 	/System/Library/PrivateFrameworks/LocationSupport.framework/Versions/A/LocationSupport
0x000000019d53d000 	/System/Library/Frameworks/CoreBluetooth.framework/Versions/A/CoreBluetooth
0x000000024f3f1000 	/System/Library/PrivateFrameworks/GeoServicesCore.framework/Versions/A/GeoServicesCore
0x00000001aa05b000 	/System/Library/PrivateFrameworks/PhoneNumbers.framework/Versions/A/PhoneNumbers
0x00000001957f5000 	/System/Library/PrivateFrameworks/IconServices.framework/Versions/A/IconServices
0x0000000195794000 	/System/Library/PrivateFrameworks/IconFoundation.framework/Versions/A/IconFoundation
0x0000000252775000 	/System/Library/PrivateFrameworks/IconRendering.framework/Versions/A/IconRendering
0x000000018e504000 	/System/Library/PrivateFrameworks/CoreUI.framework/Versions/A/CoreUI
0x00000002698df000 	/System/Library/PrivateFrameworks/SFSymbols.framework/Versions/A/SFSymbols
0x000000022b452000 	/System/Library/Frameworks/DeveloperToolsSupport.framework/Versions/A/DeveloperToolsSupport
0x00000001a8424000 	/System/Library/PrivateFrameworks/RenderBox.framework/Versions/A/RenderBox
0x00000001910ad000 	/System/Library/PrivateFrameworks/CoreSVG.framework/Versions/A/CoreSVG
0x00000001966fd000 	/System/Library/PrivateFrameworks/TextureIO.framework/Versions/A/TextureIO
0x00000001b135b000 	/usr/lib/swift/libswiftCoreImage.dylib
0x0000000196645000 	/System/Library/Frameworks/ApplicationServices.framework/Versions/A/Frameworks/ATSUI.framework/Versions/A/ATSUI
0x0000000193b8e000 	/System/Library/Frameworks/UserNotifications.framework/Versions/A/UserNotifications
0x00000001b6d09000 	/System/Library/PrivateFrameworks/SiriInstrumentation.framework/Versions/A/SiriInstrumentation
0x000000026bdc0000 	/System/Library/PrivateFrameworks/SiriAnalytics.framework/Versions/A/SiriAnalytics
0x00000001b4471000 	/System/Library/PrivateFrameworks/FeedbackLogger.framework/Versions/A/FeedbackLogger
0x00000001ced00000 	/usr/lib/swift/libswiftAVFoundation.dylib
0x000000027aabb000 	/System/Library/PrivateFrameworks/UnifiedAssetFramework.framework/Versions/A/UnifiedAssetFramework
0x0000000192dc3000 	/System/Library/PrivateFrameworks/CoreUtils.framework/Versions/A/CoreUtils
0x0000000242e83000 	/System/Library/PrivateFrameworks/CoreUtilsExtras.framework/Versions/A/CoreUtilsExtras
0x00000002526ca000 	/System/Library/PrivateFrameworks/IO80211.framework/Versions/A/IO80211
0x0000000199eb3000 	/System/Library/Frameworks/IOBluetooth.framework/Versions/A/IOBluetooth
0x0000000288854000 	/usr/lib/swift/libswiftRegexBuilder.dylib
0x000000019550f000 	/usr/lib/libIOReport.dylib
0x00000001df71a000 	/System/Library/PrivateFrameworks/WiFiPeerToPeer.framework/Versions/A/WiFiPeerToPeer
0x000000023b525000 	/System/Library/PrivateFrameworks/Centauri.framework/Versions/A/Centauri
0x0000000287fcc000 	/usr/lib/libmrc.dylib
0x0000000252735000 	/System/Library/PrivateFrameworks/IPConfiguration.framework/Versions/A/IPConfiguration
0x00000001d3344000 	/System/Library/PrivateFrameworks/Netrb.framework/Versions/A/Netrb
0x000000019e4c0000 	/System/Library/PrivateFrameworks/FrontBoardServices.framework/Versions/A/FrontBoardServices
0x00000001a116f000 	/System/Library/Frameworks/AudioUnit.framework/Versions/A/AudioUnit
0x0000000229a8d000 	/System/Library/Frameworks/AVFAudio.framework/Versions/A/AVFAudio
0x0000000229bd1000 	/System/Library/Frameworks/AVRouting.framework/Versions/A/AVRouting
0x00000001aa173000 	/usr/lib/libAccessibility.dylib
0x0000000256563000 	/System/Library/PrivateFrameworks/IsolatedCoreAudioClient.framework/Versions/A/IsolatedCoreAudioClient
0x000000023ecbb000 	/System/Library/PrivateFrameworks/CoreAudioOrchestration.framework/Versions/A/CoreAudioOrchestration
0x0000000196b61000 	/System/Library/Frameworks/MediaToolbox.framework/Versions/A/MediaToolbox
0x000000019d86c000 	/System/Library/PrivateFrameworks/CoreAVCHD.framework/Versions/A/CoreAVCHD
0x000000019c79b000 	/System/Library/Frameworks/MediaAccessibility.framework/Versions/A/MediaAccessibility
0x000000019d868000 	/System/Library/PrivateFrameworks/Mangrove.framework/Versions/A/Mangrove
0x000000023ab61000 	/System/Library/PrivateFrameworks/CMPhoto.framework/Versions/A/CMPhoto
0x000000019e035000 	/System/Library/Frameworks/CoreTelephony.framework/Versions/A/CoreTelephony
0x000000019d85b000 	/System/Library/PrivateFrameworks/CoreAUC.framework/Versions/A/CoreAUC
0x0000000237cd2000 	/System/Library/PrivateFrameworks/AppleJPEGXL.framework/Versions/A/AppleJPEGXL
0x000000019858c000 	/usr/lib/libTelephonyUtilDynamic.dylib
0x00000001da2ac000 	/System/Library/Frameworks/CryptoKit.framework/Versions/A/CryptoKit
0x00000001a116a000 	/System/Library/PrivateFrameworks/CryptoKitCBridging.framework/Versions/A/CryptoKitCBridging
0x000000019e679000 	/System/Library/Frameworks/CryptoTokenKit.framework/Versions/A/CryptoTokenKit
0x00000002439db000 	/System/Library/PrivateFrameworks/Dendrite.framework/Versions/A/Dendrite
0x00000001b0e7f000 	/System/Library/Frameworks/NaturalLanguage.framework/Versions/A/NaturalLanguage
0x000000024f0f4000 	/System/Library/PrivateFrameworks/GenerativeModels.framework/Versions/A/GenerativeModels
0x00000001df6a2000 	/usr/lib/swift/libswiftNaturalLanguage.dylib
0x00000001a12f9000 	/System/Library/PrivateFrameworks/Espresso.framework/Versions/A/Espresso
0x000000018ef59000 	/System/Library/Frameworks/CoreML.framework/Versions/A/CoreML
0x00000001dd55f000 	/usr/lib/libedit.3.dylib
0x000000022689c000 	/System/Library/PrivateFrameworks/ANECompiler.framework/Versions/A/ANECompiler
0x00000001a33ce000 	/System/Library/PrivateFrameworks/AppleNeuralEngine.framework/Versions/A/AppleNeuralEngine
0x000000022d81f000 	/System/Library/Frameworks/MetalPerformanceShadersGraph.framework/Versions/A/MetalPerformanceShadersGraph
0x0000000258406000 	/System/Library/PrivateFrameworks/MLCompilerServices.framework/Versions/A/MLCompilerServices
0x00000001a214b000 	/System/Library/PrivateFrameworks/ANEServices.framework/Versions/A/ANEServices
0x0000000188406000 	/usr/lib/libsandbox.1.dylib
0x00000001956b0000 	/usr/lib/libMatch.1.dylib
0x0000000261c86000 	/System/Library/PrivateFrameworks/ODIE.framework/Versions/A/ODIE
0x000000025b093000 	/System/Library/PrivateFrameworks/MLModelAsset.framework/Versions/A/MLModelAsset
0x00000002583ac000 	/System/Library/PrivateFrameworks/MLCompilerRuntime.framework/Versions/A/MLCompilerRuntime
0x000000019338b000 	/System/Library/Frameworks/MLCompute.framework/Versions/A/MLCompute
0x000000025832e000 	/System/Library/PrivateFrameworks/MLAssetIO.framework/Versions/A/MLAssetIO
0x0000000288826000 	/usr/lib/swift/libswiftMLCompute.dylib
0x000000019e250000 	/System/Library/PrivateFrameworks/AVFCore.framework/Versions/A/AVFCore
0x00000001a7a75000 	/System/Library/PrivateFrameworks/AVFCapture.framework/Versions/A/AVFCapture
0x000000023a958000 	/System/Library/PrivateFrameworks/CMImaging.framework/Versions/A/CMImaging
0x00000001a7cb7000 	/System/Library/PrivateFrameworks/Quagga.framework/Versions/A/Quagga
0x00000001a7de8000 	/System/Library/PrivateFrameworks/CMCapture.framework/Versions/A/CMCapture
0x0000000198116000 	/System/Library/Frameworks/CoreMediaIO.framework/Versions/A/CoreMediaIO
0x000000023a893000 	/System/Library/PrivateFrameworks/CMCaptureDevice.framework/Versions/A/CMCaptureDevice
0x0000000195aeb000 	/System/Library/PrivateFrameworks/CoreBrightness.framework/Versions/A/CoreBrightness
0x000000023ba1c000 	/System/Library/PrivateFrameworks/CinematicFraming.framework/Versions/A/CinematicFraming
0x000000025e16e000 	/System/Library/PrivateFrameworks/ModelManagerServices.framework/Versions/A/ModelManagerServices
0x00000001cbd6a000 	/System/Library/PrivateFrameworks/CPMS.framework/Versions/A/CPMS
0x00000002759bb000 	/System/Library/PrivateFrameworks/SystemStatus.framework/Versions/A/SystemStatus
0x00000001afcbd000 	/System/Library/Frameworks/CoreMotion.framework/Versions/A/CoreMotion
0x00000001c028a000 	/System/Library/PrivateFrameworks/TimeSync.framework/Versions/A/TimeSync
0x00000002443a1000 	/System/Library/PrivateFrameworks/DistributedSensing.framework/Versions/A/DistributedSensing
0x00000001bb67f000 	/System/Library/PrivateFrameworks/MobileBluetooth.framework/Versions/A/MobileBluetooth
0x00000001c1f48000 	/System/Library/PrivateFrameworks/IOKitten.framework/Versions/A/IOKitten
0x0000000257b79000 	/System/Library/PrivateFrameworks/LocationLogEncryption.framework/Versions/A/LocationLogEncryption
0x0000000237b4c000 	/System/Library/PrivateFrameworks/AppleIntelligenceReporting.framework/Versions/A/AppleIntelligenceReporting
0x0000000192cd2000 	/System/Library/PrivateFrameworks/CoreEmoji.framework/Versions/A/CoreEmoji
0x0000000186841000 	/System/Library/PrivateFrameworks/LanguageModeling.framework/Versions/A/LanguageModeling
0x000000018b7b7000 	/System/Library/PrivateFrameworks/Montreal.framework/Versions/A/Montreal
0x0000000193e42000 	/usr/lib/libcmph.dylib
0x000000024f1d6000 	/System/Library/PrivateFrameworks/GenerativeModelsFoundation.framework/Versions/A/GenerativeModelsFoundation
0x0000000278798000 	/System/Library/PrivateFrameworks/TokenGeneration.framework/Versions/A/TokenGeneration
0x000000024efaa000 	/System/Library/PrivateFrameworks/GenerativeFunctions.framework/Versions/A/GenerativeFunctions
0x000000024eff8000 	/System/Library/PrivateFrameworks/GenerativeFunctionsFoundation.framework/Versions/A/GenerativeFunctionsFoundation
0x000000025de34000 	/System/Library/PrivateFrameworks/ModelCatalog.framework/Versions/A/ModelCatalog
0x000000026afda000 	/System/Library/PrivateFrameworks/SensitiveContentAnalysisML.framework/Versions/A/SensitiveContentAnalysisML
0x000000024f08e000 	/System/Library/PrivateFrameworks/GenerativeFunctionsInstrumentation.framework/Versions/A/GenerativeFunctionsInstrumentation
0x0000000267e52000 	/System/Library/PrivateFrameworks/PromptKit.framework/Versions/A/PromptKit
0x0000000267869000 	/System/Library/PrivateFrameworks/ProactiveDaemonSupport.framework/Versions/A/ProactiveDaemonSupport
0x00000002789d0000 	/System/Library/PrivateFrameworks/TokenGenerationCore.framework/Versions/A/TokenGenerationCore
0x00000001b1d4a000 	/System/Library/PrivateFrameworks/Trial.framework/Versions/A/Trial
0x00000001b1ccb000 	/System/Library/PrivateFrameworks/TrialProto.framework/Versions/A/TrialProto
0x0000000237778000 	/System/Library/PrivateFrameworks/AppleFlatBuffers.framework/Versions/A/AppleFlatBuffers
0x000000026b2aa000 	/System/Library/PrivateFrameworks/SentencePieceInternal.framework/Versions/A/SentencePieceInternal
0x000000019c7f5000 	/System/Library/Frameworks/Vision.framework/Versions/A/Vision
0x0000000242b65000 	/System/Library/PrivateFrameworks/CoreSceneUnderstanding.framework/Versions/A/CoreSceneUnderstanding
0x000000027d610000 	/System/Library/PrivateFrameworks/VisionCore.framework/Versions/A/VisionCore
0x0000000196a9e000 	/System/Library/PrivateFrameworks/DataDetectorsCore.framework/Versions/A/DataDetectorsCore
0x00000001ba60d000 	/System/Library/Frameworks/Vision.framework/libfaceCore.dylib
0x00000001bb127000 	/System/Library/PrivateFrameworks/Futhark.framework/Versions/A/Futhark
0x00000001bf067000 	/System/Library/PrivateFrameworks/InertiaCam.framework/Versions/A/InertiaCam
0x00000001baeb4000 	/System/Library/PrivateFrameworks/TextRecognition.framework/Versions/A/TextRecognition
0x000000022b43b000 	/System/Library/Frameworks/DataDetection.framework/Versions/A/DataDetection
0x00000001b50dd000 	/System/Library/PrivateFrameworks/TextInput.framework/Versions/A/TextInput
0x000000019554d000 	/System/Library/PrivateFrameworks/CVNLP.framework/Versions/A/CVNLP
0x000000022af20000 	/System/Library/Frameworks/CoreTransferable.framework/Versions/A/CoreTransferable
0x0000000189b86000 	/System/Library/PrivateFrameworks/UIFoundation.framework/Versions/A/UIFoundation
0x00000001982fa000 	/usr/lib/libcups.2.dylib
0x00000001aa067000 	/System/Library/PrivateFrameworks/AXCoreUtilities.framework/Versions/A/AXCoreUtilities
0x00000001ba458000 	/System/Library/PrivateFrameworks/AttributeGraph.framework/Versions/A/AttributeGraph
0x0000000286c2c000 	/usr/lib/libAXSafeCategoryBundle.dylib
0x0000000231baa000 	/System/Library/Frameworks/TabularData.framework/Versions/A/TabularData
0x00000002389f8000 	/System/Library/PrivateFrameworks/ArgumentParserInternal.framework/Versions/A/ArgumentParserInternal
0x00000001127f0000 	/opt/homebrew/Cellar/openjdk/26.0.2/libexec/openjdk.jdk/Contents/Home/lib/server/libjvm.dylib
0x000000010c700000 	/opt/homebrew/Cellar/openjdk/26.0.2/libexec/openjdk.jdk/Contents/Home/lib/libjimage.dylib
0x000000010c7c8000 	/opt/homebrew/Cellar/openjdk/26.0.2/libexec/openjdk.jdk/Contents/Home/lib/libjava.dylib
0x00000001116c4000 	/opt/homebrew/Cellar/openjdk/26.0.2/libexec/openjdk.jdk/Contents/Home/lib/libnio.dylib
0x00000001116a8000 	/opt/homebrew/Cellar/openjdk/26.0.2/libexec/openjdk.jdk/Contents/Home/lib/libnet.dylib
0x000000011135c000 	/opt/homebrew/Cellar/openjdk/26.0.2/libexec/openjdk.jdk/Contents/Home/lib/libzip.dylib
0x00000001121a0000 	/Users/shim/DA/movie_data_analysis/.venv/lib/python3.12/site-packages/numpy/random/_bounded_integers.cpython-312-darwin.so
0x00000001121e8000 	/Users/shim/DA/movie_data_analysis/.venv/lib/python3.12/site-packages/numpy/random/bit_generator.cpython-312-darwin.so
0x000000011231c000 	/Users/shim/DA/movie_data_analysis/.venv/lib/python3.12/site-packages/numpy/random/_common.cpython-312-darwin.so
0x00000001123f8000 	/Users/shim/DA/movie_data_analysis/.venv/lib/python3.12/site-packages/numpy/random/_generator.cpython-312-darwin.so
0x0000000112358000 	/Users/shim/DA/movie_data_analysis/.venv/lib/python3.12/site-packages/numpy/random/_pcg64.cpython-312-darwin.so
0x0000000112158000 	/Users/shim/DA/movie_data_analysis/.venv/lib/python3.12/site-packages/numpy/random/_mt19937.cpython-312-darwin.so
0x000000011217c000 	/Users/shim/DA/movie_data_analysis/.venv/lib/python3.12/site-packages/numpy/random/_philox.cpython-312-darwin.so
0x0000000112380000 	/Users/shim/DA/movie_data_analysis/.venv/lib/python3.12/site-packages/numpy/random/_sfc64.cpython-312-darwin.so
0x0000000112524000 	/Users/shim/DA/movie_data_analysis/.venv/lib/python3.12/site-packages/numpy/random/mtrand.cpython-312-darwin.so
0x00000001116e4000 	/Users/shim/DA/movie_data_analysis/.venv/lib/python3.12/site-packages/pandas/_libs/pandas_parser.cpython-312-darwin.so
0x0000000112398000 	/Users/shim/DA/movie_data_analysis/.venv/lib/python3.12/site-packages/pandas/_libs/pandas_datetime.cpython-312-darwin.so
0x00000001126b0000 	/Users/shim/DA/movie_data_analysis/.venv/lib/python3.12/site-packages/pandas/_libs/interval.cpython-312-darwin.so
0x0000000121a8c000 	/Users/shim/DA/movie_data_analysis/.venv/lib/python3.12/site-packages/pandas/_libs/hashtable.cpython-312-darwin.so
0x000000011249c000 	/Users/shim/DA/movie_data_analysis/.venv/lib/python3.12/site-packages/pandas/_libs/missing.cpython-312-darwin.so
0x00000001124cc000 	/Users/shim/DA/movie_data_analysis/.venv/lib/python3.12/site-packages/pandas/_libs/tslibs/dtypes.cpython-312-darwin.so
0x00000001123c8000 	/Users/shim/DA/movie_data_analysis/.venv/lib/python3.12/site-packages/pandas/_libs/tslibs/ccalendar.cpython-312-darwin.so
0x00000001125d4000 	/Users/shim/DA/movie_data_analysis/.venv/lib/python3.12/site-packages/pandas/_libs/tslibs/np_datetime.cpython-312-darwin.so
0x0000000112640000 	/Users/shim/DA/movie_data_analysis/.venv/lib/python3.12/site-packages/pandas/_libs/tslibs/conversion.cpython-312-darwin.so
0x0000000112500000 	/Users/shim/DA/movie_data_analysis/.venv/lib/python3.12/site-packages/pandas/_libs/tslibs/base.cpython-312-darwin.so
0x0000000121c3c000 	/Users/shim/DA/movie_data_analysis/.venv/lib/python3.12/site-packages/pandas/_libs/tslibs/offsets.cpython-312-darwin.so
0x0000000121968000 	/Users/shim/DA/movie_data_analysis/.venv/lib/python3.12/site-packages/pandas/_libs/tslibs/timestamps.cpython-312-darwin.so
0x00000001127b4000 	/Users/shim/DA/movie_data_analysis/.venv/lib/python3.12/site-packages/pandas/_libs/tslibs/nattype.cpython-312-darwin.so
0x00000001219f4000 	/Users/shim/DA/movie_data_analysis/.venv/lib/python3.12/site-packages/pandas/_libs/tslibs/timedeltas.cpython-312-darwin.so
0x00000001218e0000 	/Users/shim/DA/movie_data_analysis/.venv/lib/python3.12/site-packages/pandas/_libs/tslibs/timezones.cpython-312-darwin.so
0x00000001123ac000 	/opt/homebrew/Cellar/python@3.12/3.12.14/Frameworks/Python.framework/Versions/3.12/lib/python3.12/lib-dynload/_zoneinfo.cpython-312-darwin.so
0x0000000121e20000 	/Users/shim/DA/movie_data_analysis/.venv/lib/python3.12/site-packages/pandas/_libs/tslibs/fields.cpython-312-darwin.so
0x0000000121920000 	/Users/shim/DA/movie_data_analysis/.venv/lib/python3.12/site-packages/pandas/_libs/tslibs/tzconversion.cpython-312-darwin.so
0x00000001125fc000 	/Users/shim/DA/movie_data_analysis/.venv/lib/python3.12/site-packages/pandas/_libs/properties.cpython-312-darwin.so
0x0000000121ec0000 	/Users/shim/DA/movie_data_analysis/.venv/lib/python3.12/site-packages/pandas/_libs/tslibs/parsing.cpython-312-darwin.so
0x0000000121f18000 	/Users/shim/DA/movie_data_analysis/.venv/lib/python3.12/site-packages/pandas/_libs/tslibs/strptime.cpython-312-darwin.so
0x0000000121fd4000 	/Users/shim/DA/movie_data_analysis/.venv/lib/python3.12/site-packages/pandas/_libs/tslibs/period.cpython-312-darwin.so
0x0000000121f68000 	/Users/shim/DA/movie_data_analysis/.venv/lib/python3.12/site-packages/pandas/_libs/tslibs/vectorized.cpython-312-darwin.so
0x00000001123e4000 	/Users/shim/DA/movie_data_analysis/.venv/lib/python3.12/site-packages/pandas/_libs/ops_dispatch.cpython-312-darwin.so
0x00000001221cc000 	/Users/shim/DA/movie_data_analysis/.venv/lib/python3.12/site-packages/pandas/_libs/algos.cpython-312-darwin.so
0x00000001220ec000 	/Users/shim/DA/movie_data_analysis/.venv/lib/python3.12/site-packages/pandas/_libs/lib.cpython-312-darwin.so
0x0000000121f9c000 	/Users/shim/DA/movie_data_analysis/.venv/lib/python3.12/site-packages/pandas/_libs/ops.cpython-312-darwin.so
0x0000000122040000 	/Users/shim/DA/movie_data_analysis/.venv/lib/python3.12/site-packages/pandas/_libs/hashing.cpython-312-darwin.so
0x0000000112618000 	/Users/shim/DA/movie_data_analysis/.venv/lib/python3.12/site-packages/pandas/_libs/arrays.cpython-312-darwin.so
0x0000000122070000 	/Users/shim/DA/movie_data_analysis/.venv/lib/python3.12/site-packages/pandas/_libs/tslib.cpython-312-darwin.so
0x0000000122808000 	/Users/shim/DA/movie_data_analysis/.venv/lib/python3.12/site-packages/pandas/_libs/sparse.cpython-312-darwin.so
0x000000012275c000 	/Users/shim/DA/movie_data_analysis/.venv/lib/python3.12/site-packages/pandas/_libs/internals.cpython-312-darwin.so
0x0000000112684000 	/Users/shim/DA/movie_data_analysis/.venv/lib/python3.12/site-packages/pandas/_libs/indexing.cpython-312-darwin.so
0x0000000122b34000 	/Users/shim/DA/movie_data_analysis/.venv/lib/python3.12/site-packages/pandas/_libs/index.cpython-312-darwin.so
0x00000001227b4000 	/Users/shim/DA/movie_data_analysis/.venv/lib/python3.12/site-packages/pandas/_libs/writers.cpython-312-darwin.so
0x0000000122cf4000 	/Users/shim/DA/movie_data_analysis/.venv/lib/python3.12/site-packages/pandas/_libs/join.cpython-312-darwin.so
0x000000010c568000 	/opt/homebrew/Cellar/python@3.12/3.12.14/Frameworks/Python.framework/Versions/3.12/lib/python3.12/lib-dynload/mmap.cpython-312-darwin.so
0x00000001228b4000 	/Users/shim/DA/movie_data_analysis/.venv/lib/python3.12/site-packages/pandas/_libs/window/aggregations.cpython-312-darwin.so
0x00000001220b8000 	/Users/shim/DA/movie_data_analysis/.venv/lib/python3.12/site-packages/pandas/_libs/window/indexers.cpython-312-darwin.so
0x0000000122908000 	/Users/shim/DA/movie_data_analysis/.venv/lib/python3.12/site-packages/pandas/_libs/reshape.cpython-312-darwin.so
0x00000001363f4000 	/Users/shim/DA/movie_data_analysis/.venv/lib/python3.12/site-packages/pandas/_libs/groupby.cpython-312-darwin.so
0x0000000121a70000 	/Users/shim/DA/movie_data_analysis/.venv/lib/python3.12/site-packages/pandas/_libs/json.cpython-312-darwin.so
0x0000000122bf8000 	/Users/shim/DA/movie_data_analysis/.venv/lib/python3.12/site-packages/pandas/_libs/parsers.cpython-312-darwin.so
0x0000000121e68000 	/Users/shim/DA/movie_data_analysis/.venv/lib/python3.12/site-packages/pandas/_libs/testing.cpython-312-darwin.so
0x00000001125ac000 	/opt/homebrew/Cellar/python@3.12/3.12.14/Frameworks/Python.framework/Versions/3.12/lib/python3.12/lib-dynload/cmath.cpython-312-darwin.so
0x0000000122198000 	/Users/shim/DA/movie_data_analysis/.venv/lib/python3.12/site-packages/matplotlib/_c_internal_utils.cpython-312-darwin.so
0x0000000122ad0000 	/Users/shim/DA/movie_data_analysis/.venv/lib/python3.12/site-packages/matplotlib/_path.cpython-312-darwin.so
0x0000000136e80000 	/Users/shim/DA/movie_data_analysis/.venv/lib/python3.12/site-packages/matplotlib/ft2font.cpython-312-darwin.so
0x0000000122c68000 	/Users/shim/DA/movie_data_analysis/.venv/lib/python3.12/site-packages/kiwisolver/_cext.cpython-312-darwin.so
0x0000000131f6c000 	/Users/shim/DA/movie_data_analysis/.venv/lib/python3.12/site-packages/matplotlib/_image.cpython-312-darwin.so
0x00000001227ec000 	/Users/shim/DA/movie_data_analysis/.venv/lib/python3.12/site-packages/scipy/_lib/_ccallback_c.cpython-312-darwin.so
0x0000000122a74000 	/Users/shim/DA/movie_data_analysis/.venv/lib/python3.12/site-packages/scipy/_cyutility.cpython-312-darwin.so
0x0000000136dec000 	/Users/shim/DA/movie_data_analysis/.venv/lib/python3.12/site-packages/scipy/linalg/_fblas.cpython-312-darwin.so
0x0000000137ae4000 	/Users/shim/DA/movie_data_analysis/.venv/lib/python3.12/site-packages/scipy/linalg/_flapack.cpython-312-darwin.so
0x0000000131f08000 	/Users/shim/DA/movie_data_analysis/.venv/lib/python3.12/site-packages/scipy/linalg/_batched_linalg.cpython-312-darwin.so
0x0000000136300000 	/Users/shim/DA/movie_data_analysis/.venv/lib/python3.12/site-packages/numpy/fft/_pocketfft_umath.cpython-312-darwin.so
0x000000010b824000 	/Users/shim/DA/movie_data_analysis/.venv/lib/python3.12/site-packages/charset_normalizer/cd.cpython-312-darwin.so
0x0000000136354000 	/Users/shim/DA/movie_data_analysis/.venv/lib/python3.12/site-packages/ada92cb5d92a588d1b93__mypyc.cpython-312-darwin.so
0x0000000122aa0000 	/opt/homebrew/Cellar/python@3.12/3.12.14/Frameworks/Python.framework/Versions/3.12/lib/python3.12/lib-dynload/_codecs_cn.cpython-312-darwin.so
0x0000000122ca0000 	/opt/homebrew/Cellar/python@3.12/3.12.14/Frameworks/Python.framework/Versions/3.12/lib/python3.12/lib-dynload/_codecs_hk.cpython-312-darwin.so
0x00000001116f8000 	/opt/homebrew/Cellar/python@3.12/3.12.14/Frameworks/Python.framework/Versions/3.12/lib/python3.12/lib-dynload/_codecs_iso2022.cpython-312-darwin.so
0x0000000137a60000 	/opt/homebrew/Cellar/python@3.12/3.12.14/Frameworks/Python.framework/Versions/3.12/lib/python3.12/lib-dynload/_codecs_jp.cpython-312-darwin.so
0x0000000131fd0000 	/opt/homebrew/Cellar/python@3.12/3.12.14/Frameworks/Python.framework/Versions/3.12/lib/python3.12/lib-dynload/_codecs_kr.cpython-312-darwin.so
0x00000001363b8000 	/opt/homebrew/Cellar/python@3.12/3.12.14/Frameworks/Python.framework/Versions/3.12/lib/python3.12/lib-dynload/_codecs_tw.cpython-312-darwin.so
0x00000001125c0000 	/opt/homebrew/Cellar/python@3.12/3.12.14/Frameworks/Python.framework/Versions/3.12/lib/python3.12/lib-dynload/_multibytecodec.cpython-312-darwin.so
0x0000000137aa8000 	/Users/shim/DA/movie_data_analysis/.venv/lib/python3.12/site-packages/scipy/linalg/_cythonized_array_utils.cpython-312-darwin.so
0x0000000122cd0000 	/Users/shim/DA/movie_data_analysis/.venv/lib/python3.12/site-packages/scipy/linalg/_solve_toeplitz.cpython-312-darwin.so
0x0000000131f4c000 	/Users/shim/DA/movie_data_analysis/.venv/lib/python3.12/site-packages/scipy/linalg/_internal_matfuncs.cpython-312-darwin.so
0x0000000137a18000 	/Users/shim/DA/movie_data_analysis/.venv/lib/python3.12/site-packages/scipy/linalg/_linalg_pythran.cpython-312-darwin.so
0x0000000137fec000 	/Users/shim/DA/movie_data_analysis/.venv/lib/python3.12/site-packages/scipy/linalg/_decomp_update.cpython-312-darwin.so
0x0000000137a3c000 	/Users/shim/DA/movie_data_analysis/.venv/lib/python3.12/site-packages/scipy/linalg/cython_blas.cpython-312-darwin.so
0x0000000138084000 	/Users/shim/DA/movie_data_analysis/.venv/lib/python3.12/site-packages/scipy/linalg/cython_lapack.cpython-312-darwin.so
0x00000001380e0000 	/Users/shim/DA/movie_data_analysis/.venv/lib/python3.12/site-packages/statsmodels/tsa/stl/_stl.cpython-312-darwin.so
0x0000000137fb0000 	/Users/shim/DA/movie_data_analysis/.venv/lib/python3.12/site-packages/scipy/_lib/_uarray/_uarray.cpython-312-darwin.so
0x00000001382d0000 	/Users/shim/DA/movie_data_analysis/.venv/lib/python3.12/site-packages/scipy/special/_ufuncs.cpython-312-darwin.so
0x00000001384ec000 	/Users/shim/DA/movie_data_analysis/.venv/lib/python3.12/site-packages/scipy/special/_ufuncs_cxx.cpython-312-darwin.so
0x0000000137fd0000 	/Users/shim/DA/movie_data_analysis/.venv/lib/python3.12/site-packages/scipy/special/_ellip_harm_2.cpython-312-darwin.so
0x000000013865c000 	/Users/shim/DA/movie_data_analysis/.venv/lib/python3.12/site-packages/scipy/special/_special_ufuncs.cpython-312-darwin.so
0x000000013837c000 	/Users/shim/DA/movie_data_analysis/.venv/lib/python3.12/site-packages/scipy/special/_gufuncs.cpython-312-darwin.so
0x0000000138028000 	/Users/shim/DA/movie_data_analysis/.venv/lib/python3.12/site-packages/scipy/special/_specfun.cpython-312-darwin.so
0x000000011269c000 	/Users/shim/DA/movie_data_analysis/.venv/lib/python3.12/site-packages/scipy/special/_comb.cpython-312-darwin.so
0x00000001389c4000 	/Users/shim/DA/movie_data_analysis/.venv/lib/python3.12/site-packages/scipy/fft/_duccfft/pyduccfft.cpython-312-darwin.so
0x0000000138058000 	/Users/shim/DA/movie_data_analysis/.venv/lib/python3.12/site-packages/scipy/fftpack/convolve.cpython-312-darwin.so
0x0000000138228000 	/Users/shim/DA/movie_data_analysis/.venv/lib/python3.12/site-packages/scipy/signal/_sigtools.cpython-312-darwin.so
0x0000000121e90000 	/Users/shim/DA/movie_data_analysis/.venv/lib/python3.12/site-packages/scipy/signal/_max_len_seq_inner.cpython-312-darwin.so
0x0000000138278000 	/Users/shim/DA/movie_data_analysis/.venv/lib/python3.12/site-packages/scipy/signal/_upfirdn_apply.cpython-312-darwin.so
0x0000000121ea4000 	/Users/shim/DA/movie_data_analysis/.venv/lib/python3.12/site-packages/scipy/signal/_spline.cpython-312-darwin.so
0x0000000138874000 	/Users/shim/DA/movie_data_analysis/.venv/lib/python3.12/site-packages/scipy/spatial/_ckdtree.cpython-312-darwin.so
0x0000000138e94000 	/Users/shim/DA/movie_data_analysis/.venv/lib/python3.12/site-packages/scipy/sparse/_sparsetools.cpython-312-darwin.so
0x0000000138478000 	/Users/shim/DA/movie_data_analysis/.venv/lib/python3.12/site-packages/scipy/sparse/_csparsetools.cpython-312-darwin.so
0x0000000138260000 	/Users/shim/DA/movie_data_analysis/.venv/lib/python3.12/site-packages/scipy/spatial/_hausdorff.cpython-312-darwin.so
0x0000000138d70000 	/Users/shim/DA/movie_data_analysis/.venv/lib/python3.12/site-packages/scipy/spatial/_distance_pybind.cpython-312-darwin.so
0x0000000138418000 	/Users/shim/DA/movie_data_analysis/.venv/lib/python3.12/site-packages/scipy/spatial/_distance_wrap.cpython-312-darwin.so
0x0000000139214000 	/Users/shim/DA/movie_data_analysis/.venv/lib/python3.12/site-packages/scipy/spatial/_qhull.cpython-312-darwin.so
0x00000001382a8000 	/Users/shim/DA/movie_data_analysis/.venv/lib/python3.12/site-packages/scipy/_lib/messagestream.cpython-312-darwin.so
0x0000000138434000 	/Users/shim/DA/movie_data_analysis/.venv/lib/python3.12/site-packages/scipy/spatial/_voronoi.cpython-312-darwin.so
0x000000013895c000 	/Users/shim/DA/movie_data_analysis/.venv/lib/python3.12/site-packages/scipy/spatial/transform/_rotation_cy.cpython-312-darwin.so
0x0000000138b14000 	/Users/shim/DA/movie_data_analysis/.venv/lib/python3.12/site-packages/scipy/spatial/transform/_rigid_transform_cy.cpython-312-darwin.so
0x0000000138ca0000 	/Users/shim/DA/movie_data_analysis/.venv/lib/python3.12/site-packages/scipy/interpolate/_fitpack.cpython-312-darwin.so
0x00000001392c8000 	/Users/shim/DA/movie_data_analysis/.venv/lib/python3.12/site-packages/scipy/sparse/linalg/_dsolve/_superlu.cpython-312-darwin.so
0x00000001388f8000 	/Users/shim/DA/movie_data_analysis/.venv/lib/python3.12/site-packages/scipy/sparse/linalg/_eigen/arpack/_arpacklib.cpython-312-darwin.so
0x0000000138924000 	/Users/shim/DA/movie_data_analysis/.venv/lib/python3.12/site-packages/scipy/sparse/linalg/_propack.cpython-312-darwin.so
0x000000013844c000 	/Users/shim/DA/movie_data_analysis/.venv/lib/python3.12/site-packages/scipy/optimize/_group_columns.cpython-312-darwin.so
0x0000000138cdc000 	/Users/shim/DA/movie_data_analysis/.venv/lib/python3.12/site-packages/scipy/optimize/_trlib/_trlib.cpython-312-darwin.so
0x00000001363e0000 	/Users/shim/DA/movie_data_analysis/.venv/lib/python3.12/site-packages/scipy/optimize/_lbfgsb.cpython-312-darwin.so
0x0000000138d2c000 	/Users/shim/DA/movie_data_analysis/.venv/lib/python3.12/site-packages/scipy/optimize/_moduleTNC.cpython-312-darwin.so
0x0000000138248000 	/Users/shim/DA/movie_data_analysis/.venv/lib/python3.12/site-packages/scipy/optimize/_slsqplib.cpython-312-darwin.so
0x0000000138e1c000 	/Users/shim/DA/movie_data_analysis/.venv/lib/python3.12/site-packages/scipy/optimize/_minpack.cpython-312-darwin.so
0x0000000138464000 	/Users/shim/DA/movie_data_analysis/.venv/lib/python3.12/site-packages/scipy/optimize/_lsq/givens_elimination.cpython-312-darwin.so
0x0000000122df0000 	/Users/shim/DA/movie_data_analysis/.venv/lib/python3.12/site-packages/scipy/optimize/_zeros.cpython-312-darwin.so
0x0000000139f88000 	/Users/shim/DA/movie_data_analysis/.venv/lib/python3.12/site-packages/scipy/optimize/_highspy/_core.cpython-312-darwin.so
0x00000001394dc000 	/Users/shim/DA/movie_data_analysis/.venv/lib/python3.12/site-packages/scipy/optimize/_highspy/_highs_options.cpython-312-darwin.so
0x0000000139ba8000 	/Users/shim/DA/movie_data_analysis/.venv/lib/python3.12/site-packages/scipy/linalg/_decomp_interpolative.cpython-312-darwin.so
0x0000000139350000 	/Users/shim/DA/movie_data_analysis/.venv/lib/python3.12/site-packages/scipy/optimize/_bglu_dense.cpython-312-darwin.so
0x0000000138074000 	/Users/shim/DA/movie_data_analysis/.venv/lib/python3.12/site-packages/scipy/optimize/_lsap.cpython-312-darwin.so
0x0000000139568000 	/Users/shim/DA/movie_data_analysis/.venv/lib/python3.12/site-packages/scipy/optimize/_pava_pybind.cpython-312-darwin.so
0x00000001384d8000 	/Users/shim/DA/movie_data_analysis/.venv/lib/python3.12/site-packages/scipy/optimize/_direct.cpython-312-darwin.so
0x000000013937c000 	/Users/shim/DA/movie_data_analysis/.venv/lib/python3.12/site-packages/scipy/interpolate/_dierckx.cpython-312-darwin.so
0x00000001396d0000 	/Users/shim/DA/movie_data_analysis/.venv/lib/python3.12/site-packages/scipy/interpolate/_ppoly.cpython-312-darwin.so
0x0000000139a94000 	/Users/shim/DA/movie_data_analysis/.venv/lib/python3.12/site-packages/scipy/interpolate/_interpnd.cpython-312-darwin.so
0x0000000139e88000 	/Users/shim/DA/movie_data_analysis/.venv/lib/python3.12/site-packages/scipy/interpolate/_rbfinterp_pythran.cpython-312-darwin.so
0x0000000139398000 	/Users/shim/DA/movie_data_analysis/.venv/lib/python3.12/site-packages/scipy/interpolate/_rgi_cython.cpython-312-darwin.so
0x0000000139738000 	/Users/shim/DA/movie_data_analysis/.venv/lib/python3.12/site-packages/scipy/ndimage/_nd_image.cpython-312-darwin.so
0x00000001382c0000 	/Users/shim/DA/movie_data_analysis/.venv/lib/python3.12/site-packages/scipy/ndimage/_rank_filter_1d.cpython-312-darwin.so
0x0000000139acc000 	/Users/shim/DA/movie_data_analysis/.venv/lib/python3.12/site-packages/scipy/ndimage/_ni_label.cpython-312-darwin.so
0x0000000139760000 	/Users/shim/DA/movie_data_analysis/.venv/lib/python3.12/site-packages/scipy/signal/_sosfilt.cpython-312-darwin.so
0x0000000138b64000 	/Users/shim/DA/movie_data_analysis/.venv/lib/python3.12/site-packages/scipy/integrate/_odepack.cpython-312-darwin.so
0x00000001397e4000 	/Users/shim/DA/movie_data_analysis/.venv/lib/python3.12/site-packages/scipy/integrate/_quadpack.cpython-312-darwin.so
0x0000000139828000 	/Users/shim/DA/movie_data_analysis/.venv/lib/python3.12/site-packages/scipy/integrate/_vode.cpython-312-darwin.so
0x00000001397a0000 	/Users/shim/DA/movie_data_analysis/.venv/lib/python3.12/site-packages/scipy/integrate/_dop.cpython-312-darwin.so
0x0000000139f14000 	/Users/shim/DA/movie_data_analysis/.venv/lib/python3.12/site-packages/scipy/stats/_stats.cpython-312-darwin.so
0x000000013ac64000 	/Users/shim/DA/movie_data_analysis/.venv/lib/python3.12/site-packages/scipy/special/cython_special.cpython-312-darwin.so
0x0000000139c58000 	/Users/shim/DA/movie_data_analysis/.venv/lib/python3.12/site-packages/scipy/stats/_biasedurn.cpython-312-darwin.so
0x0000000138948000 	/Users/shim/DA/movie_data_analysis/.venv/lib/python3.12/site-packages/scipy/stats/_levy_stable/levyst.cpython-312-darwin.so
0x00000001398f0000 	/Users/shim/DA/movie_data_analysis/.venv/lib/python3.12/site-packages/scipy/stats/_stats_pythran.cpython-312-darwin.so
0x0000000139b40000 	/Users/shim/DA/movie_data_analysis/.venv/lib/python3.12/site-packages/scipy/stats/_ansari_swilk_statistics.cpython-312-darwin.so
0x000000013aa38000 	/Users/shim/DA/movie_data_analysis/.venv/lib/python3.12/site-packages/scipy/sparse/csgraph/_shortest_path.cpython-312-darwin.so
0x000000013a76c000 	/Users/shim/DA/movie_data_analysis/.venv/lib/python3.12/site-packages/scipy/sparse/csgraph/_tools.cpython-312-darwin.so
0x000000013a798000 	/Users/shim/DA/movie_data_analysis/.venv/lib/python3.12/site-packages/scipy/sparse/csgraph/_traversal.cpython-312-darwin.so
0x0000000139c30000 	/Users/shim/DA/movie_data_analysis/.venv/lib/python3.12/site-packages/scipy/sparse/csgraph/_min_spanning_tree.cpython-312-darwin.so
0x000000013abe4000 	/Users/shim/DA/movie_data_analysis/.venv/lib/python3.12/site-packages/scipy/sparse/csgraph/_flow.cpython-312-darwin.so
0x000000013afac000 	/Users/shim/DA/movie_data_analysis/.venv/lib/python3.12/site-packages/scipy/sparse/csgraph/_matching.cpython-312-darwin.so
0x000000013afd8000 	/Users/shim/DA/movie_data_analysis/.venv/lib/python3.12/site-packages/scipy/sparse/csgraph/_reordering.cpython-312-darwin.so
0x000000013b07c000 	/Users/shim/DA/movie_data_analysis/.venv/lib/python3.12/site-packages/scipy/stats/_sobol.cpython-312-darwin.so
0x0000000139ddc000 	/Users/shim/DA/movie_data_analysis/.venv/lib/python3.12/site-packages/scipy/stats/_qmc_cy.cpython-312-darwin.so
0x000000013988c000 	/Users/shim/DA/movie_data_analysis/.venv/lib/python3.12/site-packages/scipy/stats/_rcont/rcont.cpython-312-darwin.so
0x0000000139e44000 	/Users/shim/DA/movie_data_analysis/.venv/lib/python3.12/site-packages/scipy/stats/_qmvnt_cy.cpython-312-darwin.so
0x000000013a4b4000 	/Users/shim/DA/movie_data_analysis/.venv/lib/python3.12/site-packages/scipy/signal/_peak_finding_utils.cpython-312-darwin.so
0x000000013b148000 	/Users/shim/DA/movie_data_analysis/.venv/lib/python3.12/site-packages/statsmodels/tsa/_innovations.cpython-312-darwin.so
0x000000013b7a0000 	/Users/shim/DA/movie_data_analysis/.venv/lib/python3.12/site-packages/statsmodels/tsa/statespace/_initialization.cpython-312-darwin.so
0x000000013b904000 	/Users/shim/DA/movie_data_analysis/.venv/lib/python3.12/site-packages/statsmodels/tsa/statespace/_representation.cpython-312-darwin.so
0x000000013bb1c000 	/Users/shim/DA/movie_data_analysis/.venv/lib/python3.12/site-packages/statsmodels/tsa/statespace/_kalman_filter.cpython-312-darwin.so
0x000000013ba04000 	/Users/shim/DA/movie_data_analysis/.venv/lib/python3.12/site-packages/statsmodels/tsa/statespace/_kalman_smoother.cpython-312-darwin.so
0x000000013b218000 	/Users/shim/DA/movie_data_analysis/.venv/lib/python3.12/site-packages/statsmodels/tsa/statespace/_smoothers/_conventional.cpython-312-darwin.so
0x000000013b6d4000 	/Users/shim/DA/movie_data_analysis/.venv/lib/python3.12/site-packages/statsmodels/tsa/statespace/_smoothers/_univariate.cpython-312-darwin.so
0x000000013b844000 	/Users/shim/DA/movie_data_analysis/.venv/lib/python3.12/site-packages/statsmodels/tsa/statespace/_smoothers/_univariate_diffuse.cpython-312-darwin.so
0x000000013b8ac000 	/Users/shim/DA/movie_data_analysis/.venv/lib/python3.12/site-packages/statsmodels/tsa/statespace/_smoothers/_classical.cpython-312-darwin.so
0x000000013bad4000 	/Users/shim/DA/movie_data_analysis/.venv/lib/python3.12/site-packages/statsmodels/tsa/statespace/_smoothers/_alternative.cpython-312-darwin.so
0x000000013bc98000 	/Users/shim/DA/movie_data_analysis/.venv/lib/python3.12/site-packages/statsmodels/tsa/statespace/_filters/_conventional.cpython-312-darwin.so
0x000000013bd00000 	/Users/shim/DA/movie_data_analysis/.venv/lib/python3.12/site-packages/statsmodels/tsa/statespace/_filters/_univariate.cpython-312-darwin.so
0x000000013bd68000 	/Users/shim/DA/movie_data_analysis/.venv/lib/python3.12/site-packages/statsmodels/tsa/statespace/_filters/_univariate_diffuse.cpython-312-darwin.so
0x000000013bed0000 	/Users/shim/DA/movie_data_analysis/.venv/lib/python3.12/site-packages/statsmodels/tsa/statespace/_filters/_inversions.cpython-312-darwin.so
0x000000013c04c000 	/Users/shim/DA/movie_data_analysis/.venv/lib/python3.12/site-packages/statsmodels/tsa/statespace/_tools.cpython-312-darwin.so
0x000000013c1bc000 	/Users/shim/DA/movie_data_analysis/.venv/lib/python3.12/site-packages/statsmodels/tsa/statespace/_simulation_smoother.cpython-312-darwin.so
0x000000013c284000 	/Users/shim/DA/movie_data_analysis/.venv/lib/python3.12/site-packages/statsmodels/tsa/statespace/_cfa_simulation_smoother.cpython-312-darwin.so
0x000000013c318000 	/Users/shim/DA/movie_data_analysis/.venv/lib/python3.12/site-packages/statsmodels/tsa/innovations/_arma_innovations.cpython-312-darwin.so
0x0000000138b4c000 	/Users/shim/DA/movie_data_analysis/.venv/lib/python3.12/site-packages/sklearn/__check_build/_check_build.cpython-312-darwin.so
0x0000000138e80000 	/opt/homebrew/Cellar/python@3.12/3.12.14/Frameworks/Python.framework/Versions/3.12/lib/python3.12/lib-dynload/_multiprocessing.cpython-312-darwin.so
0x00000001395a0000 	/opt/homebrew/Cellar/python@3.12/3.12.14/Frameworks/Python.framework/Versions/3.12/lib/python3.12/lib-dynload/_posixshmem.cpython-312-darwin.so
0x0000000139e20000 	/Users/shim/DA/movie_data_analysis/.venv/lib/python3.12/site-packages/sklearn/utils/_isfinite.cpython-312-darwin.so
0x000000013b0d4000 	/Users/shim/DA/movie_data_analysis/.venv/lib/python3.12/site-packages/sklearn/_cyutility.cpython-312-darwin.so
0x000000013c7bc000 	/Users/shim/DA/movie_data_analysis/.venv/lib/python3.12/site-packages/sklearn/utils/sparsefuncs_fast.cpython-312-darwin.so
0x000000013a55c000 	/Users/shim/DA/movie_data_analysis/.venv/lib/python3.12/site-packages/sklearn/utils/murmurhash.cpython-312-darwin.so
0x000000013a5a0000 	/Users/shim/DA/movie_data_analysis/.venv/lib/python3.12/site-packages/sklearn/utils/_openmp_helpers.cpython-312-darwin.so
0x000000013c8ec000 	/Users/shim/DA/movie_data_analysis/.venv/lib/python3.12/site-packages/sklearn/.dylibs/libomp.dylib
0x000000013a518000 	/Users/shim/DA/movie_data_analysis/.venv/lib/python3.12/site-packages/sklearn/metrics/cluster/_expected_mutual_info_fast.cpython-312-darwin.so
0x000000013ca0c000 	/Users/shim/DA/movie_data_analysis/.venv/lib/python3.12/site-packages/sklearn/metrics/_dist_metrics.cpython-312-darwin.so
0x000000013c118000 	/Users/shim/DA/movie_data_analysis/.venv/lib/python3.12/site-packages/sklearn/metrics/_pairwise_distances_reduction/_argkmin.cpython-312-darwin.so
0x000000013c6cc000 	/Users/shim/DA/movie_data_analysis/.venv/lib/python3.12/site-packages/sklearn/metrics/_pairwise_distances_reduction/_base.cpython-312-darwin.so
0x000000013cb80000 	/Users/shim/DA/movie_data_analysis/.venv/lib/python3.12/site-packages/sklearn/metrics/_pairwise_distances_reduction/_datasets_pair.cpython-312-darwin.so
0x000000013cbc4000 	/Users/shim/DA/movie_data_analysis/.venv/lib/python3.12/site-packages/sklearn/utils/_cython_blas.cpython-312-darwin.so
0x000000013cc44000 	/Users/shim/DA/movie_data_analysis/.venv/lib/python3.12/site-packages/sklearn/metrics/_pairwise_distances_reduction/_middle_term_computer.cpython-312-darwin.so
0x0000000139704000 	/Users/shim/DA/movie_data_analysis/.venv/lib/python3.12/site-packages/sklearn/utils/_heap.cpython-312-darwin.so
0x000000013a6e4000 	/Users/shim/DA/movie_data_analysis/.venv/lib/python3.12/site-packages/sklearn/utils/_sorting.cpython-312-darwin.so
0x000000013b184000 	/Users/shim/DA/movie_data_analysis/.venv/lib/python3.12/site-packages/sklearn/metrics/_pairwise_distances_reduction/_argkmin_classmode.cpython-312-darwin.so
0x000000013cbf8000 	/Users/shim/DA/movie_data_analysis/.venv/lib/python3.12/site-packages/sklearn/metrics/_pairwise_distances_reduction/_radius_neighbors.cpython-312-darwin.so
0x000000013ae24000 	/Users/shim/DA/movie_data_analysis/.venv/lib/python3.12/site-packages/sklearn/utils/_vector_sentinel.cpython-312-darwin.so
0x000000013bf38000 	/Users/shim/DA/movie_data_analysis/.venv/lib/python3.12/site-packages/sklearn/metrics/_pairwise_distances_reduction/_radius_neighbors_classmode.cpython-312-darwin.so
0x000000013c020000 	/Users/shim/DA/movie_data_analysis/.venv/lib/python3.12/site-packages/sklearn/metrics/_pairwise_fast.cpython-312-darwin.so
0x000000013cccc000 	/Users/shim/DA/movie_data_analysis/.venv/lib/python3.12/site-packages/sklearn/preprocessing/_csr_polynomial_expansion.cpython-312-darwin.so
0x000000013cd54000 	/Users/shim/DA/movie_data_analysis/.venv/lib/python3.12/site-packages/sklearn/preprocessing/_target_encoder_fast.cpython-312-darwin.so
0x000000013e27c000 	/Users/shim/DA/movie_data_analysis/.venv/lib/python3.12/site-packages/rpds/rpds.cpython-312-darwin.so
0x000000013e658000 	/Users/shim/DA/movie_data_analysis/.venv/lib/python3.12/site-packages/matplotlib/backends/_backend_agg.cpython-312-darwin.so
0x0000000139c84000 	/Users/shim/DA/movie_data_analysis/.venv/lib/python3.12/site-packages/PIL/_imagingmath.cpython-312-darwin.so
0x0000000139f74000 	/Users/shim/DA/movie_data_analysis/.venv/lib/python3.12/site-packages/pmdarima/__check_build/_check_build.cpython-312-darwin.so
0x000000013cd08000 	/Users/shim/DA/movie_data_analysis/.venv/lib/python3.12/site-packages/pmdarima/utils/_array.cpython-312-darwin.so
0x000000013e1f0000 	/Users/shim/DA/movie_data_analysis/.venv/lib/python3.12/site-packages/pmdarima/arima/_arima.cpython-312-darwin.so
0x000000013e1a0000 	/Users/shim/DA/movie_data_analysis/.venv/lib/python3.12/site-packages/statsmodels/robust/_qn.cpython-312-darwin.so
0x000000013ebc8000 	/Users/shim/DA/movie_data_analysis/.venv/lib/python3.12/site-packages/statsmodels/nonparametric/_smoothers_lowess.cpython-312-darwin.so
0x000000013ac10000 	/Users/shim/DA/movie_data_analysis/.venv/lib/python3.12/site-packages/statsmodels/nonparametric/linbin.cpython-312-darwin.so
0x000000013f1ac000 	/Users/shim/DA/movie_data_analysis/.venv/lib/python3.12/site-packages/statsmodels/tsa/exponential_smoothing/_ets_smooth.cpython-312-darwin.so
0x000000013ec30000 	/Users/shim/DA/movie_data_analysis/.venv/lib/python3.12/site-packages/statsmodels/tsa/holtwinters/_exponential_smoothers.cpython-312-darwin.so
0x000000013f250000 	/Users/shim/DA/movie_data_analysis/.venv/lib/python3.12/site-packages/statsmodels/tsa/regime_switching/_hamilton_filter.cpython-312-darwin.so
0x000000013ec8c000 	/Users/shim/DA/movie_data_analysis/.venv/lib/python3.12/site-packages/statsmodels/tsa/regime_switching/_kim_smoother.cpython-312-darwin.so
0x000000013cc90000 	/Users/shim/DA/movie_data_analysis/.venv/lib/python3.12/site-packages/sklearn/utils/_seq_dataset.cpython-312-darwin.so
0x000000013e240000 	/Users/shim/DA/movie_data_analysis/.venv/lib/python3.12/site-packages/sklearn/utils/_random.cpython-312-darwin.so
0x000000013f298000 	/Users/shim/DA/movie_data_analysis/.venv/lib/python3.12/site-packages/sklearn/linear_model/_cd_fast.cpython-312-darwin.so
0x000000013f6cc000 	/Users/shim/DA/movie_data_analysis/.venv/lib/python3.12/site-packages/sklearn/_loss/_loss.cpython-312-darwin.so
0x000000013af68000 	/Users/shim/DA/movie_data_analysis/.venv/lib/python3.12/site-packages/sklearn/utils/arrayfuncs.cpython-312-darwin.so
0x000000013b038000 	/Users/shim/DA/movie_data_analysis/.venv/lib/python3.12/site-packages/sklearn/linear_model/_sag_fast.cpython-312-darwin.so
0x000000013e6d4000 	/Users/shim/DA/movie_data_analysis/.venv/lib/python3.12/site-packages/sklearn/svm/_liblinear.cpython-312-darwin.so
0x000000013f558000 	/Users/shim/DA/movie_data_analysis/.venv/lib/python3.12/site-packages/sklearn/svm/_libsvm.cpython-312-darwin.so
0x000000013f604000 	/Users/shim/DA/movie_data_analysis/.venv/lib/python3.12/site-packages/sklearn/svm/_libsvm_sparse.cpython-312-darwin.so
0x000000013ef20000 	/Users/shim/DA/movie_data_analysis/.venv/lib/python3.12/site-packages/sklearn/linear_model/_sgd_fast.cpython-312-darwin.so
0x000000013a7e0000 	/Users/shim/DA/movie_data_analysis/.venv/lib/python3.12/site-packages/sklearn/utils/_weight_vector.cpython-312-darwin.so
0x000000013f444000 	/Users/shim/DA/movie_data_analysis/.venv/lib/python3.12/site-packages/pmdarima/preprocessing/exog/_fourier.cpython-312-darwin.so
0x000000013a728000 	/opt/homebrew/Cellar/openjdk/26.0.2/libexec/openjdk.jdk/Contents/Home/lib/libverify.dylib
0x000000013b1d4000 	/Users/shim/DA/movie_data_analysis/.venv/lib/python3.12/site-packages/PIL/_imagingft.cpython-312-darwin.so
0x0000000140168000 	/Users/shim/DA/movie_data_analysis/.venv/lib/python3.12/site-packages/PIL/.dylibs/libfreetype.6.dylib
0x0000000140438000 	/Users/shim/DA/movie_data_analysis/.venv/lib/python3.12/site-packages/PIL/.dylibs/libharfbuzz.0.dylib
0x0000000140014000 	/Users/shim/DA/movie_data_analysis/.venv/lib/python3.12/site-packages/PIL/.dylibs/libpng16.16.dylib
0x000000013b280000 	/Users/shim/DA/movie_data_analysis/.venv/lib/python3.12/site-packages/PIL/.dylibs/libbrotlidec.1.2.0.dylib
0x000000013f474000 	/Users/shim/DA/movie_data_analysis/.venv/lib/python3.12/site-packages/PIL/.dylibs/libbrotlicommon.1.2.0.dylib
0x000000013fa94000 	/Users/shim/DA/movie_data_analysis/.venv/lib/python3.12/site-packages/wordcloud/query_integral_image.cpython-312-darwin.so

JVMTI agents: none


VM Arguments:
jvm_args: -Dfile.encoding=UTF8 -ea -Xmx1024m 
java_command: <unknown>
java_class_path (initial): /Users/shim/DA/movie_data_analysis/.venv/lib/python3.12/site-packages/konlpy/java:/Users/shim/DA/movie_data_analysis/.venv/lib/python3.12/site-packages/konlpy/java/bin:/Users/shim/DA/movie_data_analysis/.venv/lib/python3.12/site-packages/konlpy/java/scala-library-2.12.3.jar:/Users/shim/DA/movie_data_analysis/.venv/lib/python3.12/site-packages/konlpy/java/twitter-text-1.14.7.jar:/Users/shim/DA/movie_data_analysis/.venv/lib/python3.12/site-packages/konlpy/java/komoran-3.0.jar:/Users/shim/DA/movie_data_analysis/.venv/lib/python3.12/site-packages/konlpy/java/jhannanum-0.8.4.jar:/Users/shim/DA/movie_data_analysis/.venv/lib/python3.12/site-packages/konlpy/java/open-korean-text-2.1.0.jar:/Users/shim/DA/movie_data_analysis/.venv/lib/python3.12/site-packages/konlpy/java/aho-corasick.jar:/Users/shim/DA/movie_data_analysis/.venv/lib/python3.12/site-packages/konlpy/java/kkma-2.0.jar:/Users/shim/DA/movie_data_analysis/.venv/lib/python3.12/site-packages/konlpy/java/shineware-common-1.0.jar:/Users/shim/DA/movie_data_analysis/.venv/lib/python3.12/site-packages/konlpy/java/snakeyaml-1.12.jar:/Users/shim/DA/movie_data_analysis/.venv/lib/python3.12/site-packages/konlpy/java/shineware-ds-1.0.jar:/Users/shim/DA/movie_data_analysis/.venv/lib/python3.12/site-packages/konlpy/java/jhannanum-0.8.4.jar:/Users/shim/DA/movie_data_analysis/.venv/lib/python3.12/site-packages/konlpy/java/kkma-2.0.jar:/Users/shim/DA/movie_data_analysis/.venv/lib/python3.12/site-packages/konlpy/java/aho-corasick.jar:/Users/shim/DA/movie_data_analysis/.venv/lib/python3.12/site-packages/konlpy/java/shineware-common-1.0.jar:/Users/shim/DA/movie_data_analysis/.venv/lib/python3.12/site-packages/konlpy/java/shineware-ds-1.0.jar:/Users/shim/DA/movie_data_analysis/.venv/lib/python3.12/site-packages/konlpy/java/komoran-3.0.jar:/Users/shim/DA/movie_data_analysis/.venv/lib/python3.12/site-packages/konlpy/java/snakeyaml-1.12.jar:/Users/shim/DA/movie_data_analysis/.venv/lib/python3.12/site-packages/konlpy/java/scala-library-2.12.3.jar:/Users/shim/DA/movie_data_analysis/.venv/lib/python3.12/site-packages/konlpy/java/open-korean-text-2.1.0.jar:/Users/shim/DA/movie_data_analysis/.venv/lib/python3.12/site-packages/konlpy/java/twitter-text-1.14.7.jar:/Users/shim/DA/movie_data_analysis/.venv/lib/python3.12/site-packages/konlpy/java/scala-library-2.12.3.jar:/Users/shim/DA/movie_data_analysis/.venv/lib/python3.12/site-packages/konlpy/java/twitter-text-1.14.7.jar:/Users/shim/DA/movie_data_analysis/.venv/lib/python3.12/site-packages/konlpy/java/komoran-3.0.jar:/Users/shim/DA/movie_data_analysis/.venv/lib/python3.12/site-packages/konlpy/java/jhannanum-0.8.4.jar:/Users/shim/DA/movie_data_analysis/.venv/lib/python3.12/site-packages/konlpy/java/open-korean-text-2.1.0.jar:/Users/shim/DA/movie_data_analysis/.venv/lib/python3.12/site-packages/konlpy/java/aho-corasick.jar:/Users/shim/DA/movie_data_analysis/.venv/lib/python3.12/site-packages/konlpy/java/kkma-2.0.jar:/Users/shim/DA/movie_data_analysis/.venv/lib/python3.12/site-packages/konlpy/java/shineware-common-1.0.jar:/Users/shim/DA/movie_data_analysis/.venv/lib/python3.12/site-packages/konlpy/java/snakeyaml-1.12.jar:/Users/shim/DA/movie_data_analysis/.venv/lib/python3.12/site-packages/konlpy/java/shineware-ds-1.0.jar:/Users/shim/DA/movie_data_analysis/.venv/lib/python3.12/site-packages/org.jpype.jar
Launcher Type: generic

[Global flags]
     bool AOTAdapterCaching                        = false                                  {diagnostic} {ergonomic}
     bool AOTInvokeDynamicLinking                  = false                                  {diagnostic} {ergonomic}
     bool AOTRecordTraining                        = false                                  {diagnostic} {ergonomic}
     bool AOTReplayTraining                        = false                                  {diagnostic} {ergonomic}
     bool AOTStubCaching                           = false                                  {diagnostic} {ergonomic}
     intx CICompilerCount                          = 4                                         {product} {ergonomic}
     uint ConcGCThreads                            = 2                                         {product} {ergonomic}
     uint G1ConcRefinementThreads                  = 8                                         {product} {ergonomic}
     uint G1EagerReclaimRemSetThreshold            = 10                                   {experimental} {ergonomic}
   size_t G1HeapRegionSize                         = 1048576                                   {product} {ergonomic}
     uint G1RemSetArrayOfCardsEntries              = 10                                   {experimental} {ergonomic}
     uint G1RemSetHowlMaxNumBuckets                = 8                                    {experimental} {ergonomic}
     uint G1RemSetHowlNumBuckets                   = 4                                    {experimental} {ergonomic}
   size_t InitialHeapSize                          = 8388608                                   {product} {ergonomic}
   size_t MarkStackSize                            = 4194304                                   {product} {ergonomic}
   size_t MarkStackSizeMax                         = 536870912                                 {product} {ergonomic}
   size_t MaxHeapSize                              = 1073741824                                {product} {command line}
   size_t MaxNewSize                               = 643825664                                 {product} {ergonomic}
 uint64_t MaxRAM                                   = 17179869184                               {product} {ergonomic}
   size_t MinHeapDeltaBytes                        = 1048576                                   {product} {ergonomic}
   size_t MinHeapSize                              = 8388608                                   {product} {ergonomic}
   size_t NonNMethodCodeHeapSize                   = 5849088                                {pd product} {ergonomic}
   size_t NonProfiledCodeHeapSize                  = 122912768                              {pd product} {ergonomic}
   size_t ProfiledCodeHeapSize                     = 122912768                              {pd product} {ergonomic}
   size_t ReservedCodeCacheSize                    = 251674624                              {pd product} {ergonomic}
     bool SegmentedCodeCache                       = true                                      {product} {ergonomic}
   size_t SoftMaxHeapSize                          = 1073741824                             {manageable} {ergonomic}
     bool UseCompressedOops                        = true                           {product lp64_product} {ergonomic}
     bool UseCondCardMark                          = true                                      {product} {ergonomic}
     bool UseG1GC                                  = true                                      {product} {ergonomic}
     bool UseNUMA                                  = false                                     {product} {ergonomic}
     bool UseNUMAInterleaving                      = false                                     {product} {ergonomic}

Logging:
Log output configuration:
 #0: stdout all=warning uptime,level,tags foldmultilines=false
 #1: stderr all=off uptime,level,tags foldmultilines=false

Release file:
IMPLEMENTOR="Homebrew"
IMPLEMENTOR_VERSION="Homebrew"
JAVA_RUNTIME_VERSION="26.0.2"
JAVA_VERSION="26.0.2"
JAVA_VERSION_DATE="2026-07-21"
LIBC="default"
MODULES="java.base java.compiler java.datatransfer java.xml java.prefs java.desktop java.instrument java.logging java.management java.security.sasl java.naming java.rmi java.management.rmi java.net.http java.scripting java.security.jgss java.transaction.xa java.sql java.sql.rowset java.xml.crypto java.se java.smartcardio jdk.accessibility jdk.internal.jvmstat jdk.attach jdk.charsets jdk.internal.opt jdk.zipfs jdk.compiler jdk.crypto.cryptoki jdk.crypto.ec jdk.dynalink jdk.internal.ed jdk.editpad jdk.internal.vm.ci jdk.graal.compiler jdk.graal.compiler.management jdk.hotspot.agent jdk.httpserver jdk.incubator.vector jdk.internal.le jdk.internal.md jdk.jartool jdk.javadoc jdk.jcmd jdk.management jdk.management.agent jdk.jconsole jdk.jdeps jdk.jdwp.agent jdk.jdi jdk.jfr jdk.jlink jdk.jpackage jdk.jshell jdk.jstatd jdk.localedata jdk.management.jfr jdk.naming.dns jdk.naming.rmi jdk.net jdk.nio.mapmode jdk.sctp jdk.security.auth jdk.security.jgss jdk.unsupported jdk.unsupported.desktop jdk.xml.dom"
OS_ARCH="aarch64"
OS_NAME="Darwin"
SOURCE=""

Environment Variables:
JAVA_HOME=/opt/homebrew/opt/openjdk
PATH=/Users/shim/DA/movie_data_analysis/.venv/bin:/usr/local/bin:/System/Cryptexes/App/usr/bin:/usr/bin:/bin:/usr/sbin:/sbin:/var/run/com.apple.security.cryptexd/codex.system/bootstrap/usr/local/bin:/var/run/com.apple.security.cryptexd/codex.system/bootstrap/usr/bin:/var/run/com.apple.security.cryptexd/codex.system/bootstrap/usr/appleinternal/bin:/pkg/env/global/bin:/opt/homebrew/bin
SHELL=/bin/zsh
LANG=C.UTF-8
TERM=xterm-color
TMPDIR=/var/folders/yd/3llw30vx5k3241gyl8_mwl_w0000gn/T/

Active Locale:
LC_ALL=C/C.UTF-8/C/C/C/C
LC_COLLATE=C
LC_CTYPE=C.UTF-8
LC_MESSAGES=C
LC_MONETARY=C
LC_NUMERIC=C
LC_TIME=C

Signal Handlers:
   SIGSEGV: crash_handler in libjvm.dylib, mask=11100110000111110111111111111111, flags=SA_ONSTACK|SA_RESTART|SA_SIGINFO, unblocked
    SIGBUS: crash_handler in libjvm.dylib, mask=11100110000111110111111111111111, flags=SA_RESTART|SA_SIGINFO, unblocked
    SIGFPE: crash_handler in libjvm.dylib, mask=11100110000111110111111111111111, flags=SA_RESTART|SA_SIGINFO, unblocked
   SIGPIPE: javaSignalHandler in libjvm.dylib, mask=11100110000111110111111111111111, flags=SA_RESTART|SA_SIGINFO, blocked
   SIGXFSZ: javaSignalHandler in libjvm.dylib, mask=11100110000111110111111111111111, flags=SA_RESTART|SA_SIGINFO, blocked
    SIGILL: crash_handler in libjvm.dylib, mask=11100110000111110111111111111111, flags=SA_RESTART|SA_SIGINFO, unblocked
   SIGUSR2: SR_handler in libjvm.dylib, mask=00000000000000000000000000000000, flags=SA_RESTART|SA_SIGINFO, blocked
    SIGHUP: UserHandler in libjvm.dylib, mask=11100110000111110111111111111111, flags=SA_RESTART|SA_SIGINFO, blocked
    SIGINT: SIG_IGN, mask=00000000000000000000000000000000, flags=SA_ONSTACK, blocked
   SIGTERM: UserHandler in libjvm.dylib, mask=11100110000111110111111111111111, flags=SA_RESTART|SA_SIGINFO, blocked
   SIGQUIT: UserHandler in libjvm.dylib, mask=11100110000111110111111111111111, flags=SA_RESTART|SA_SIGINFO, blocked
   SIGTRAP: crash_handler in libjvm.dylib, mask=11100110000111110111111111111111, flags=SA_RESTART|SA_SIGINFO, unblocked


Compilation memory statistics disabled.

Periodic native trim disabled

---------------  S Y S T E M  ---------------

OS:
uname: Darwin 25.5.0 Darwin Kernel Version 25.5.0: Tue Jun  9 22:18:58 PDT 2026; root:xnu-12377.121.10~1/RELEASE_ARM64_T6000 arm64
OS uptime: 8 days 14:26 hours
rlimit (soft/hard): STACK 8176k/65520k , CORE 0k/infinity , NPROC 2666/4000 , NOFILE 1048576/infinity , AS infinity/infinity , CPU infinity/infinity , DATA infinity/infinity , FSIZE infinity/infinity , MEMLOCK infinity/infinity , RSS infinity/infinity
load average: 1.78 2.19 2.11

CPU: total 8 (initial active 8) 0x61:0x0:0x1b588bb3:0, fp, asimd, aes, pmull, sha1, sha256, crc32, lse, sha3, sha512, sb
machdep.cpu.brand_string:Apple M1 Pro
hw.cachelinesize:128
hw.l1icachesize:131072
hw.l1dcachesize:65536
hw.l2cachesize:4194304

Memory: 16k page, physical 16777216k(5591568k free), swap 0k(0k free)

vm_info: OpenJDK 64-Bit Server VM (26.0.2) for bsd-aarch64 JRE (26.0.2), built on 2026-06-17T07:37:29Z with clang Apple LLVM 21.0.0 (clang-2100.0.123.102)

END.
