rank,rankInten,rankOldAndNew,movieCd,movieNm,openDt,salesAmt,salesShare,salesInten,salesChange,salesAcc,audiCnt,audiInten,audiChange,audiAcc,scrnCnt,showCnt,b_date,c_date
1,0,OLD,20249255,만약에 우리,2025-12-31,1079629440,28.7,577370770,115.0,18622648660,108141,58256,116.8,1904759,1047,3929,2026-01-24,2026-08-11 11:44:21
2,0,OLD,20247457,신의악단,2025-12-31,569067940,15.1,311215040,120.7,5874083030,57760,31328,118.5,612334,811,1989,2026-01-24,2026-08-11 11:44:21
3,0,OLD,20256396,아바타: 불과 재,2025-12-17,648875900,17.3,377467760,139.1,76113150250,50122,29432,142.3,6520012,772,1822,2026-01-24,2026-08-11 11:44:21
4,3,OLD,20250482,"신비아파트 10주년 극장판: 한 번 더, 소환",2026-01-14,231017080,6.1,176114080,320.8,1939440580,25729,19550,316.4,217242,683,1340,2026-01-24,2026-08-11 11:44:21
5,-1,OLD,20249624,프로젝트 Y,2026-01-21,256604780,6.8,114919240,81.1,781367510,24718,10002,68.0,80420,800,2268,2026-01-24,2026-08-11 11:44:21
6,-1,OLD,20252432,주토피아 2,2025-11-26,200181240,5.3,110735480,123.8,81802359380,20176,11103,122.4,8499502,581,928,2026-01-24,2026-08-11 11:44:21
7,-1,OLD,20250188,하트맨,2026-01-14,142357270,3.8,81951270,135.7,2005120510,14353,7944,124.0,215366,613,1027,2026-01-24,2026-08-11 11:44:21
8,0,OLD,20040549,천공의 성 라퓨타,2004-04-30,118036760,3.1,69393060,142.7,496261550,11062,6221,128.5,57514,416,608,2026-01-24,2026-08-11 11:44:21
9,1,OLD,20259552,시라트,2026-01-21,50190450,1.3,9275760,22.7,183023160,5061,961,23.4,18546,195,248,2026-01-24,2026-08-11 11:44:21
10,11,OLD,20250299,고고다이노 극장판: 곤충세계 대모험,2026-01-14,43255800,1.2,38792900,869.2,253945800,4935,4381,790.8,28570,210,297,2026-01-24,2026-08-11 11:44:21
1,0,OLD,20249255,만약에 우리,2025-12-31,972309770,27.4,-107319670,-9.9,19594958430,96261,-11880,-11.0,2001020,1065,3766,2026-01-25,2026-08-11 11:44:20
2,0,OLD,20247457,신의악단,2025-12-31,700319220,19.7,131251280,23.1,6574402250,71119,13359,23.1,683453,907,1979,2026-01-25,2026-08-11 11:44:20
3,0,OLD,20256396,아바타: 불과 재,2025-12-17,571571480,16.1,-77304420,-11.9,76684721730,44828,-5294,-10.6,6564840,754,1731,2026-01-25,2026-08-11 11:44:20
4,0,OLD,20250482,"신비아파트 10주년 극장판: 한 번 더, 소환",2026-01-14,252193500,7.1,21176420,9.2,2191634080,27907,2178,8.5,245149,707,1321,2026-01-25,2026-08-11 11:44:20
5,0,OLD,20249624,프로젝트 Y,2026-01-21,225894350,6.4,-30710430,-12.0,1007261860,21462,-3256,-13.2,101882,774,2080,2026-01-25,2026-08-11 11:44:20
6,0,OLD,20252432,주토피아 2,2025-11-26,201929670,5.7,1748430,0.9,82004289050,20513,337,1.7,8520015,594,907,2026-01-25,2026-08-11 11:44:20
7,0,OLD,20250188,하트맨,2026-01-14,128981000,3.6,-13376270,-9.4,2134101510,12955,-1398,-9.7,228321,599,962,2026-01-25,2026-08-11 11:44:20
8,0,OLD,20040549,천공의 성 라퓨타,2004-04-30,89686170,2.5,-28350590,-24.0,585947720,8268,-2794,-25.3,65782,406,567,2026-01-25,2026-08-11 11:44:20
9,1,OLD,20250299,고고다이노 극장판: 곤충세계 대모험,2026-01-14,46487400,1.3,3231600,7.5,300433200,5204,269,5.5,33774,214,288,2026-01-25,2026-08-11 11:44:20
10,3,OLD,20050082,이터널 선샤인,2005-11-10,48000600,1.4,1431600,3.1,4462799792,4673,215,4.8,571306,113,165,2026-01-25,2026-08-11 11:44:20
1,0,OLD,20249255,만약에 우리,2025-12-31,325296230,29.5,-647013540,-66.5,19920254660,33426,-62835,-65.3,2034446,917,3302,2026-01-26,2026-08-11 11:44:19
2,0,OLD,20247457,신의악단,2025-12-31,228083070,20.7,-472236150,-67.4,6802485320,24253,-46866,-65.9,707706,660,1739,2026-01-26,2026-08-11 11:44:19
3,0,OLD,20256396,아바타: 불과 재,2025-12-17,164632820,14.9,-406938660,-71.2,76849354550,13127,-31701,-70.7,6577967,682,1534,2026-01-26,2026-08-11 11:44:19
4,1,OLD,20249624,프로젝트 Y,2026-01-21,69245500,6.3,-156648850,-69.3,1076507360,7220,-14242,-66.4,109102,635,1656,2026-01-26,2026-08-11 11:44:19
5,1,OLD,20252432,주토피아 2,2025-11-26,51571800,4.7,-150357870,-74.5,82055860850,5435,-15078,-73.5,8525450,453,670,2026-01-26,2026-08-11 11:44:19
6,-2,OLD,20250482,"신비아파트 10주년 극장판: 한 번 더, 소환",2026-01-14,32875670,3.0,-219317830,-87.0,2224509750,3685,-24222,-86.8,248834,415,596,2026-01-26,2026-08-11 11:44:19
7,1,OLD,20040549,천공의 성 라퓨타,2004-04-30,32623900,3.0,-57062270,-63.6,618571620,3338,-4930,-59.6,69120,386,556,2026-01-26,2026-08-11 11:44:19
8,-1,OLD,20250188,하트맨,2026-01-14,30107340,2.7,-98873660,-76.7,2164208850,3270,-9685,-74.8,231591,451,750,2026-01-26,2026-08-11 11:44:19
9,2,OLD,20259552,시라트,2026-01-21,25203100,2.3,-19769620,-44.0,253198980,2583,-1806,-41.1,25518,188,236,2026-01-26,2026-08-11 11:44:19
10,0,OLD,20050082,이터널 선샤인,2005-11-10,21255700,1.9,-26744900,-55.7,4484055492,2108,-2565,-54.9,573414,95,167,2026-01-26,2026-08-11 11:44:19
1,0,OLD,20249255,만약에 우리,2025-12-31,309411370,27.0,-15884860,-4.9,20229666030,31908,-1518,-4.5,2066354,926,3325,2026-01-27,2026-08-11 11:44:18
2,0,OLD,20247457,신의악단,2025-12-31,221545310,19.3,-6537760,-2.9,7024030630,24067,-186,-0.8,731773,678,1766,2026-01-27,2026-08-11 11:44:18
3,0,OLD,20256396,아바타: 불과 재,2025-12-17,154431650,13.5,-10201170,-6.2,77003786200,12618,-509,-3.9,6590585,687,1515,2026-01-27,2026-08-11 11:44:18
4,0,OLD,20249624,프로젝트 Y,2026-01-21,68976170,6.0,-269330,-0.4,1145483530,7363,143,2.0,116465,656,1660,2026-01-27,2026-08-11 11:44:18
5,19,OLD,20242837,왕과 사는 남자,2026-02-04,53615000,4.7,51185000,2106.4,161532470,5943,5673,2101.1,15958,29,29,2026-01-27,2026-08-11 11:44:18
6,-1,OLD,20252432,주토피아 2,2025-11-26,53819370,4.7,2247570,4.4,82109680220,5821,386,7.1,8531271,470,690,2026-01-27,2026-08-11 11:44:18
7,-1,OLD,20250482,"신비아파트 10주년 극장판: 한 번 더, 소환",2026-01-14,35858700,3.1,2983030,9.1,2260368450,4061,376,10.2,252895,449,659,2026-01-27,2026-08-11 11:44:18
8,0,OLD,20250188,하트맨,2026-01-14,32972800,2.9,2865460,9.5,2197181650,3568,298,9.1,235159,456,748,2026-01-27,2026-08-11 11:44:18
9,-2,OLD,20040549,천공의 성 라퓨타,2004-04-30,34313170,3.0,1689270,5.2,652884790,3513,175,5.2,72633,394,579,2026-01-27,2026-08-11 11:44:18
10,-1,OLD,20259552,시라트,2026-01-21,25682200,2.2,479100,1.9,278881180,2904,321,12.4,28422,185,239,2026-01-27,2026-08-11 11:44:18
1,0,OLD,20249255,만약에 우리,2025-12-31,375477600,24.5,66066230,21.4,20605143630,47906,15998,50.1,2114260,890,2916,2026-01-28,2026-08-11 11:44:17
2,0,OLD,20247457,신의악단,2025-12-31,230625420,15.1,9080110,4.1,7254656050,29563,5496,22.8,761336,684,1590,2026-01-28,2026-08-11 11:44:17
3,0,NEW,20250644,직장상사 길들이기,2026-01-28,105026300,6.9,105026300,100.0,120629300,13400,13400,100.0,14966,654,1547,2026-01-28,2026-08-11 11:44:17
4,-1,OLD,20256396,아바타: 불과 재,2025-12-17,137007270,8.9,-17424380,-11.3,77140793470,13207,589,4.7,6603792,602,1083,2026-01-28,2026-08-11 11:44:17
5,0,NEW,20247690,시스터,2026-01-28,82802600,5.4,82802600,100.0,97410600,11182,11182,100.0,12648,650,1555,2026-01-28,2026-08-11 11:44:17
6,0,NEW,20250686,하우스메이드,2026-01-28,72408160,4.7,72408160,100.0,95159160,9297,9297,100.0,11710,533,915,2026-01-28,2026-08-11 11:44:17
7,0,NEW,20258885,프라이메이트,2026-01-28,62291300,4.1,62291300,100.0,75534300,7922,7922,100.0,9389,502,911,2026-01-28,2026-08-11 11:44:17
8,0,NEW,20228313,"오늘 밤, 세계에서 이 사랑이 사라진다 해도",2022-11-30,52155900,3.4,52155900,100.0,12330469709,6393,6393,100.0,1223598,143,178,2026-01-28,2026-08-11 11:44:17
9,0,OLD,20040549,천공의 성 라퓨타,2004-04-30,46827870,3.1,12514700,36.5,699712660,5748,2235,63.6,78381,168,217,2026-01-28,2026-08-11 11:44:17
10,0,NEW,20250112,극장판 총집편 걸즈 밴드 크라이 청춘광주곡,2026-01-28,46808610,3.1,46808610,100.0,54164610,5344,5344,100.0,5846,130,245,2026-01-28,2026-08-11 11:44:17
1,0,OLD,20249255,만약에 우리,2025-12-31,279212420,22.4,-96265180,-25.6,20884356050,28847,-19059,-39.8,2143107,817,2807,2026-01-29,2026-08-11 11:44:17
2,0,OLD,20247457,신의악단,2025-12-31,227822920,18.3,-2802500,-1.2,7482478970,24710,-4853,-16.4,786046,630,1571,2026-01-29,2026-08-11 11:44:17
3,1,OLD,20256396,아바타: 불과 재,2025-12-17,116616860,9.3,-20390410,-14.9,77257410330,9420,-3787,-28.7,6613212,569,1044,2026-01-29,2026-08-11 11:44:17
4,-1,OLD,20250644,직장상사 길들이기,2026-01-28,60604680,4.9,-44421620,-42.3,181233980,6419,-6981,-52.1,21385,603,1352,2026-01-29,2026-08-11 11:44:17
5,1,OLD,20250686,하우스메이드,2026-01-28,56415770,4.5,-15992390,-22.1,151574930,6330,-2967,-31.9,18040,508,891,2026-01-29,2026-08-11 11:44:17
6,-1,OLD,20247690,시스터,2026-01-28,46981070,3.8,-35821530,-43.3,144391670,5535,-5647,-50.5,18183,576,1312,2026-01-29,2026-08-11 11:44:17
7,0,OLD,20258885,프라이메이트,2026-01-28,45634100,3.7,-16657200,-26.7,121168400,4927,-2995,-37.8,14316,460,830,2026-01-29,2026-08-11 11:44:17
8,0,OLD,20228313,"오늘 밤, 세계에서 이 사랑이 사라진다 해도",2022-11-30,40577000,3.3,-11578900,-22.2,12371046709,4180,-2213,-34.6,1227778,155,212,2026-01-29,2026-08-11 11:44:17
9,3,OLD,20252432,주토피아 2,2025-11-26,31876830,2.6,-5967450,-15.8,82179401330,3435,-1049,-23.4,8539190,303,362,2026-01-29,2026-08-11 11:44:17
10,4,OLD,20250482,"신비아파트 10주년 극장판: 한 번 더, 소환",2026-01-14,28651600,2.3,-771900,-2.6,2318443550,3306,-39,-1.2,259546,294,362,2026-01-29,2026-08-11 11:44:17
1,0,OLD,20249255,만약에 우리,2025-12-31,368425010,24.8,89212590,32.0,21252781060,36845,7998,27.7,2179952,864,3057,2026-01-30,2026-08-11 11:44:16
2,0,OLD,20247457,신의악단,2025-12-31,233002180,15.7,5179260,2.3,7715481150,24438,-272,-1.1,810484,656,1712,2026-01-30,2026-08-11 11:44:16
3,0,OLD,20256396,아바타: 불과 재,2025-12-17,162096900,10.9,45480040,39.0,77419507230,12419,2999,31.8,6625631,591,1132,2026-01-30,2026-08-11 11:44:16
4,0,OLD,20250644,직장상사 길들이기,2026-01-28,75931390,5.1,15326710,25.3,257165370,7725,1306,20.3,29110,614,1423,2026-01-30,2026-08-11 11:44:16
5,0,OLD,20250686,하우스메이드,2026-01-28,65343500,4.4,8927730,15.8,216918430,7059,729,11.5,25099,529,943,2026-01-30,2026-08-11 11:44:16
6,0,OLD,20247690,시스터,2026-01-28,50342300,3.4,3361230,7.2,194733970,5735,200,3.6,23918,587,1298,2026-01-30,2026-08-11 11:44:16
7,0,OLD,20258885,프라이메이트,2026-01-28,45854400,3.1,220300,0.5,167022800,4862,-65,-1.3,19178,453,809,2026-01-30,2026-08-11 11:44:16
8,1,OLD,20252432,주토피아 2,2025-11-26,38801770,2.6,6924940,21.7,82218203100,4096,661,19.2,8543286,323,392,2026-01-30,2026-08-11 11:44:16
9,-1,OLD,20228313,"오늘 밤, 세계에서 이 사랑이 사라진다 해도",2022-11-30,35534200,2.4,-5042800,-12.4,12406580909,3463,-717,-17.2,1231241,163,241,2026-01-30,2026-08-11 11:44:16
10,0,OLD,20250482,"신비아파트 10주년 극장판: 한 번 더, 소환",2026-01-14,31345560,2.1,2693960,9.4,2349789110,3462,156,4.7,263008,330,417,2026-01-30,2026-08-11 11:44:16
1,0,OLD,20249255,만약에 우리,2025-12-31,781639300,25.6,413214290,112.2,22034420360,78952,42107,114.3,2258904,939,3463,2026-01-31,2026-08-11 11:44:16
2,0,OLD,20247457,신의악단,2025-12-31,556384300,18.2,323382120,138.8,8271865450,58132,33694,137.9,868616,806,2210,2026-01-31,2026-08-11 11:44:16
3,0,OLD,20256396,아바타: 불과 재,2025-12-17,376313590,12.3,214216690,132.2,77795820820,29770,17351,139.7,6655401,628,1286,2026-01-31,2026-08-11 11:44:16
4,0,OLD,20250644,직장상사 길들이기,2026-01-28,150824840,4.9,74893450,98.6,407990210,15291,7566,97.9,44401,661,1412,2026-01-31,2026-08-11 11:44:16
5,5,OLD,20250482,"신비아파트 10주년 극장판: 한 번 더, 소환",2026-01-14,136311360,4.5,104965800,334.9,2486100470,15180,11718,338.5,278188,508,772,2026-01-31,2026-08-11 11:44:16
6,2,OLD,20252432,주토피아 2,2025-11-26,126610370,4.2,87808600,226.3,82344813470,12943,8847,216.0,8556229,479,687,2026-01-31,2026-08-11 11:44:16
7,-2,OLD,20250686,하우스메이드,2026-01-28,115330310,3.8,49986810,76.5,332248740,12160,5101,72.3,37259,540,1003,2026-01-31,2026-08-11 11:44:16
8,-2,OLD,20247690,시스터,2026-01-28,106469240,3.5,56126940,111.5,301203210,11488,5753,100.3,35406,601,1307,2026-01-31,2026-08-11 11:44:16
9,6,OLD,20040549,천공의 성 라퓨타,2004-04-30,89130060,2.9,66079120,286.7,831962630,8808,6501,281.8,91585,174,218,2026-01-31,2026-08-11 11:44:16
10,-1,OLD,20228313,"오늘 밤, 세계에서 이 사랑이 사라진다 해도",2022-11-30,74130300,2.4,38596100,108.6,12480711209,7359,3896,112.5,1238600,175,282,2026-01-31,2026-08-11 11:44:16
1,1,OLD,20247457,신의악단,2025-12-31,634649070,23.4,78264770,14.1,8906514520,65768,7636,13.1,934384,893,2139,2026-02-01,2026-08-11 11:44:15
2,-1,OLD,20249255,만약에 우리,2025-12-31,639680650,23.6,-141958650,-18.2,22674101010,63941,-15011,-19.0,2322845,923,3249,2026-02-01,2026-08-11 11:44:15
3,0,OLD,20256396,아바타: 불과 재,2025-12-17,311428270,11.5,-64885320,-17.2,78107249090,24485,-5285,-17.8,6679886,614,1215,2026-02-01,2026-08-11 11:44:15
4,1,OLD,20250482,"신비아파트 10주년 극장판: 한 번 더, 소환",2026-01-14,148545450,5.5,12234090,9.0,2634645920,16242,1062,7.0,294430,515,770,2026-02-01,2026-08-11 11:44:15
5,1,OLD,20252432,주토피아 2,2025-11-26,118784650,4.4,-7825720,-6.2,82463598120,11991,-952,-7.4,8568220,487,668,2026-02-01,2026-08-11 11:44:15
6,-2,OLD,20250644,직장상사 길들이기,2026-01-28,111888450,4.1,-38936390,-25.8,519878660,11250,-4041,-26.4,55651,641,1267,2026-02-01,2026-08-11 11:44:15
7,1,OLD,20247690,시스터,2026-01-28,88880740,3.3,-17588500,-16.5,390083950,9640,-1848,-16.1,45046,586,1206,2026-02-01,2026-08-11 11:44:15
8,-1,OLD,20250686,하우스메이드,2026-01-28,89171680,3.3,-26158630,-22.7,421420420,9199,-2961,-24.4,46458,540,925,2026-02-01,2026-08-11 11:44:15
9,1,OLD,20228313,"오늘 밤, 세계에서 이 사랑이 사라진다 해도",2022-11-30,84006700,3.1,9876400,13.3,12564717909,8325,966,13.1,1246925,167,276,2026-02-01,2026-08-11 11:44:15
10,3,OLD,20250563,정글비트 2,2026-01-29,38360070,1.4,265970,0.7,106841570,4359,-127,-2.8,12813,309,353,2026-02-01,2026-08-11 11:44:15
1,1,OLD,20249255,만약에 우리,2025-12-31,235761740,24.8,-403918910,-63.1,22909862750,24356,-39585,-61.9,2347201,821,2824,2026-02-02,2026-08-11 11:44:15
2,-1,OLD,20247457,신의악단,2025-12-31,206671590,21.8,-427977480,-67.4,9113186110,22340,-43428,-66.0,956724,668,1864,2026-02-02,2026-08-11 11:44:15
3,0,OLD,20256396,아바타: 불과 재,2025-12-17,87419890,9.2,-224008380,-71.9,78194668980,7396,-17089,-69.8,6687282,539,1027,2026-02-02,2026-08-11 11:44:15
4,3,OLD,20247690,시스터,2026-01-28,41938850,4.4,-46941890,-52.8,432022800,4976,-4664,-48.4,50022,499,996,2026-02-02,2026-08-11 11:44:15
5,3,OLD,20250686,하우스메이드,2026-01-28,41418400,4.4,-47753280,-53.6,462838820,4477,-4722,-51.3,50935,478,882,2026-02-02,2026-08-11 11:44:15
6,0,OLD,20250644,직장상사 길들이기,2026-01-28,39696250,4.2,-72192200,-64.5,559574910,4116,-7134,-63.4,59767,553,1041,2026-02-02,2026-08-11 11:44:15
7,2,OLD,20228313,"오늘 밤, 세계에서 이 사랑이 사라진다 해도",2022-11-30,28716050,3.0,-55290650,-65.8,12593433959,2952,-5373,-64.5,1249877,157,277,2026-02-02,2026-08-11 11:44:15
8,-3,OLD,20252432,주토피아 2,2025-11-26,26094170,2.8,-92690480,-78.0,82489692290,2719,-9272,-77.3,8570939,303,385,2026-02-02,2026-08-11 11:44:15
9,2,OLD,20258885,프라이메이트,2026-01-28,22256000,2.3,-21483110,-49.1,291415250,2292,-1986,-46.4,31637,374,538,2026-02-02,2026-08-11 11:44:15
10,-6,OLD,20250482,"신비아파트 10주년 극장판: 한 번 더, 소환",2026-01-14,19444300,2.0,-129101150,-86.9,2654090220,2155,-14087,-86.7,296585,282,349,2026-02-02,2026-08-11 11:44:15
1,0,OLD,20249255,만약에 우리,2025-12-31,223057330,21.5,-12704410,-5.4,23132920080,23039,-1317,-5.4,2370240,830,2819,2026-02-03,2026-08-11 11:44:14
2,0,OLD,20247457,신의악단,2025-12-31,207750690,20.0,1079100,0.5,9320936800,22713,373,1.7,979437,699,1901,2026-02-03,2026-08-11 11:44:14
3,0,OLD,20256396,아바타: 불과 재,2025-12-17,102468490,9.9,15048600,17.2,78297137470,8043,647,8.7,6695325,558,1044,2026-02-03,2026-08-11 11:44:14
4,0,OLD,20247690,시스터,2026-01-28,58073400,5.6,16134550,38.5,490096200,7643,2667,53.6,57665,538,1061,2026-02-03,2026-08-11 11:44:14
5,0,OLD,20250686,하우스메이드,2026-01-28,41775220,4.0,356820,0.9,504614040,4573,96,2.1,55508,491,866,2026-02-03,2026-08-11 11:44:14
6,0,OLD,20250644,직장상사 길들이기,2026-01-28,35242700,3.4,-4453550,-11.2,594817610,3676,-440,-10.7,63443,552,996,2026-02-03,2026-08-11 11:44:14
7,0,NEW,20252373,넘버원,2026-02-11,31644000,3.0,31644000,100.0,38499000,3516,3516,100.0,4218,17,17,2026-02-03,2026-08-11 11:44:14
8,0,OLD,20252432,주토피아 2,2025-11-26,30979950,3.0,4885780,18.7,82520672240,3306,587,21.6,8574245,321,413,2026-02-03,2026-08-11 11:44:14
9,0,OLD,20258885,프라이메이트,2026-01-28,27799870,2.7,5543870,24.9,319215120,3057,765,33.4,34694,378,544,2026-02-03,2026-08-11 11:44:14
10,-3,OLD,20228313,"오늘 밤, 세계에서 이 사랑이 사라진다 해도",2022-11-30,27998600,2.7,-717450,-2.5,12621432559,2922,-30,-1.0,1252799,162,278,2026-02-03,2026-08-11 11:44:14
1,10,OLD,20242837,왕과 사는 남자,2026-02-04,1076238210,50.8,1052527210,4439.0,1365519680,117783,115173,4412.8,147538,1658,6932,2026-02-04,2026-08-11 11:44:14
2,-1,OLD,20249255,만약에 우리,2025-12-31,157439930,7.4,-65617400,-29.4,23290360010,16140,-6899,-29.9,2386380,633,1577,2026-02-04,2026-08-11 11:44:14
3,24,OLD,20261439,"2024.12.03 그날 조작된 내란, 감춰진 진실",2026-02-04,162225820,7.7,158289820,4021.6,199884820,16132,15676,3437.7,19832,145,229,2026-02-04,2026-08-11 11:44:14
4,-2,OLD,20247457,신의악단,2025-12-31,135235470,6.4,-72515220,-34.9,9456172270,15039,-7674,-33.8,994476,607,1253,2026-02-04,2026-08-11 11:44:14
5,0,NEW,20250878,노 머시: 90분,2026-02-04,94786360,4.5,94786360,100.0,162854360,10152,10152,100.0,17430,538,1413,2026-02-04,2026-08-11 11:44:14
6,0,NEW,20261526,아이엠스타!X프리파라 더 무비 -만남의 기적!-,2026-02-04,77110300,3.6,77110300,100.0,77110300,7064,7064,100.0,7064,118,160,2026-02-04,2026-08-11 11:44:14
7,0,NEW,20241266,휴민트,2026-02-11,46767000,2.2,46767000,100.0,63045000,4087,4087,100.0,5089,16,17,2026-02-04,2026-08-11 11:44:14
8,-5,OLD,20256396,아바타: 불과 재,2025-12-17,34391260,1.6,-68077230,-66.4,78331528730,3142,-4901,-60.9,6698467,304,377,2026-02-04,2026-08-11 11:44:14
9,0,NEW,20261041,스트레이 키즈 : 더 도미네이트 익스피리언스,2026-02-04,77574000,3.7,77574000,100.0,77574000,3029,3029,100.0,3029,103,184,2026-02-04,2026-08-11 11:44:14
10,0,OLD,20228313,"오늘 밤, 세계에서 이 사랑이 사라진다 해도",2022-11-30,19098040,0.9,-8900560,-31.8,12640530599,1925,-997,-34.1,1254724,96,145,2026-02-04,2026-08-11 11:44:14
1,0,OLD,20242837,왕과 사는 남자,2026-02-04,831148510,45.5,-245089700,-22.8,2196668190,91731,-26052,-22.1,239269,1612,6723,2026-02-05,2026-08-11 11:44:13
2,1,OLD,20261439,"2024.12.03 그날 조작된 내란, 감춰진 진실",2026-02-04,194891900,10.7,32666080,20.1,394776720,20036,3904,24.2,39868,229,346,2026-02-05,2026-08-11 11:44:13
3,1,OLD,20247457,신의악단,2025-12-31,160124840,8.8,24889370,18.4,9616297110,17621,2582,17.2,1012097,623,1312,2026-02-05,2026-08-11 11:44:13
4,-2,OLD,20249255,만약에 우리,2025-12-31,152594860,8.4,-4845070,-3.1,23442954870,15556,-584,-3.6,2401936,652,1551,2026-02-05,2026-08-11 11:44:13
5,0,OLD,20250878,노 머시: 90분,2026-02-04,70774070,3.9,-24012290,-25.3,233628430,7421,-2731,-26.9,24851,565,1353,2026-02-05,2026-08-11 11:44:13
6,5,OLD,20252373,넘버원,2026-02-11,50166000,2.7,35730000,247.5,103101000,5574,3970,247.5,11396,26,26,2026-02-05,2026-08-11 11:44:13
7,-1,OLD,20261526,아이엠스타!X프리파라 더 무비 -만남의 기적!-,2026-02-04,43196600,2.4,-33913700,-44.0,120306900,3994,-3070,-43.5,11058,115,154,2026-02-05,2026-08-11 11:44:13
8,0,OLD,20256396,아바타: 불과 재,2025-12-17,34790340,1.9,399080,1.2,78366319070,3160,18,0.6,6701627,294,366,2026-02-05,2026-08-11 11:44:13
9,24,OLD,20250112,극장판 총집편 걸즈 밴드 크라이 청춘광주곡,2026-01-28,23974710,1.3,20675910,626.8,137695250,2499,2173,666.6,14097,72,84,2026-02-05,2026-08-11 11:44:13
10,0,OLD,20228313,"오늘 밤, 세계에서 이 사랑이 사라진다 해도",2022-11-30,18201200,1.0,-896840,-4.7,12658731799,1867,-58,-3.0,1256591,98,149,2026-02-05,2026-08-11 11:44:13
1,0,OLD,20242837,왕과 사는 남자,2026-02-04,1203723060,53.2,372574550,44.8,3400391250,126625,34894,38.0,365894,1653,7152,2026-02-06,2026-08-11 11:44:12
2,0,OLD,20261439,"2024.12.03 그날 조작된 내란, 감춰진 진실",2026-02-04,215796130,9.5,20904230,10.7,610572850,21207,1171,5.8,61075,295,473,2026-02-06,2026-08-11 11:44:12
3,1,OLD,20249255,만약에 우리,2025-12-31,191515910,8.5,38921050,25.5,23634470780,18795,3239,20.8,2420731,685,1679,2026-02-06,2026-08-11 11:44:12
4,-1,OLD,20247457,신의악단,2025-12-31,167044350,7.4,6919510,4.3,9783341460,17564,-57,-0.3,1029661,671,1408,2026-02-06,2026-08-11 11:44:12
5,0,OLD,20250878,노 머시: 90분,2026-02-04,87072180,3.8,16298110,23.0,320700610,9002,1581,21.3,33853,573,1318,2026-02-06,2026-08-11 11:44:12
6,2,OLD,20256396,아바타: 불과 재,2025-12-17,66444400,2.9,31654060,91.0,78432763470,4784,1624,51.4,6706411,316,391,2026-02-06,2026-08-11 11:44:12
7,0,OLD,20261526,아이엠스타!X프리파라 더 무비 -만남의 기적!-,2026-02-04,38211100,1.7,-4985500,-11.5,158518000,3431,-563,-14.1,14489,108,153,2026-02-06,2026-08-11 11:44:12
8,2,OLD,20228313,"오늘 밤, 세계에서 이 사랑이 사라진다 해도",2022-11-30,19831100,0.9,1629900,9.0,12678562899,1936,69,3.7,1258527,103,152,2026-02-06,2026-08-11 11:44:12
9,5,OLD,20250686,하우스메이드,2026-01-28,18810960,0.8,5399260,40.3,551608300,1825,453,33.0,60214,218,272,2026-02-06,2026-08-11 11:44:12
10,2,OLD,20252432,주토피아 2,2025-11-26,15811000,0.7,2617000,19.8,82562099220,1731,252,17.0,8578897,133,150,2026-02-06,2026-08-11 11:44:12
1,0,OLD,20242837,왕과 사는 남자,2026-02-04,3145705860,60.3,1941982800,161.3,6546097110,327112,200487,158.3,693006,1717,7714,2026-02-07,2026-08-11 11:44:12
2,2,OLD,20247457,신의악단,2025-12-31,349577890,6.7,182533540,109.3,10132919350,36204,18640,106.1,1065865,731,1550,2026-02-07,2026-08-11 11:44:12
3,0,OLD,20249255,만약에 우리,2025-12-31,341705880,6.6,150189970,78.4,23976176660,33549,14754,78.5,2454280,718,1621,2026-02-07,2026-08-11 11:44:12
4,-2,OLD,20261439,"2024.12.03 그날 조작된 내란, 감춰진 진실",2026-02-04,308584790,5.9,92788660,43.0,919157640,30812,9605,45.3,91887,403,718,2026-02-07,2026-08-11 11:44:12
5,0,OLD,20250878,노 머시: 90분,2026-02-04,153644120,2.9,66571940,76.5,474344730,15000,5998,66.6,48853,595,1164,2026-02-07,2026-08-11 11:44:12
6,61,OLD,20250604,극장판 엉덩이 탐정: 스타 앤드 문,2026-02-07,77556200,1.5,77208200,22186.3,81648200,10039,9985,18490.7,10581,247,492,2026-02-07,2026-08-11 11:44:12
7,-1,OLD,20256396,아바타: 불과 재,2025-12-17,130633720,2.5,64189320,96.6,78563397190,9541,4757,99.4,6715952,312,381,2026-02-07,2026-08-11 11:44:12
8,3,OLD,20250482,"신비아파트 10주년 극장판: 한 번 더, 소환",2026-01-14,68590820,1.3,53024820,340.6,2782393790,7377,5660,329.6,310770,309,376,2026-02-07,2026-08-11 11:44:12
9,0,NEW,20241266,휴민트,2026-02-11,83121800,1.6,83121800,100.0,146166800,5752,5752,100.0,10841,20,21,2026-02-07,2026-08-11 11:44:12
10,0,OLD,20252432,주토피아 2,2025-11-26,53369660,1.0,37558660,237.5,82615468880,5258,3527,203.8,8584155,223,255,2026-02-07,2026-08-11 11:44:12
1,0,OLD,20242837,왕과 사는 남자,2026-02-04,2941919760,58.1,-203786100,-6.5,9488016870,308083,-19029,-5.8,1001089,1724,7292,2026-02-08,2026-08-11 11:44:11
2,0,OLD,20247457,신의악단,2025-12-31,473717660,9.4,124139770,35.5,10606637010,50022,13818,38.2,1115887,775,1490,2026-02-08,2026-08-11 11:44:11
3,0,OLD,20249255,만약에 우리,2025-12-31,309809740,6.1,-31896140,-9.3,24285986400,30125,-3424,-10.2,2484405,718,1545,2026-02-08,2026-08-11 11:44:11
4,0,OLD,20261439,"2024.12.03 그날 조작된 내란, 감춰진 진실",2026-02-04,289449390,5.7,-19135400,-6.2,1208607030,28593,-2219,-7.2,120480,419,760,2026-02-08,2026-08-11 11:44:11
5,0,OLD,20250878,노 머시: 90분,2026-02-04,123460180,2.4,-30183940,-19.6,597804910,11996,-3004,-20.0,60849,572,1078,2026-02-08,2026-08-11 11:44:11
6,0,OLD,20250604,극장판 엉덩이 탐정: 스타 앤드 문,2026-02-07,79331600,1.6,1775400,2.3,160979800,10111,72,0.7,20692,254,479,2026-02-08,2026-08-11 11:44:11
7,0,OLD,20256396,아바타: 불과 재,2025-12-17,108147600,2.1,-22486120,-17.2,78671544790,8440,-1101,-11.5,6724392,294,359,2026-02-08,2026-08-11 11:44:11
8,0,OLD,20250482,"신비아파트 10주년 극장판: 한 번 더, 소환",2026-01-14,77378350,1.5,8787530,12.8,2859772140,8313,936,12.7,319083,318,372,2026-02-08,2026-08-11 11:44:11
9,1,OLD,20252432,주토피아 2,2025-11-26,55268510,1.1,1898850,3.6,82670737390,5485,227,4.3,8589640,220,249,2026-02-08,2026-08-11 11:44:11
10,6,OLD,20261041,스트레이 키즈 : 더 도미네이트 익스피리언스,2026-02-04,131590000,2.6,72100000,121.2,331469000,4961,2664,116.0,12707,102,172,2026-02-08,2026-08-11 11:44:11
1,0,OLD,20242837,왕과 사는 남자,2026-02-04,908223980,57.7,-2033695780,-69.1,10396240850,98379,-209704,-68.1,1099468,1530,6494,2026-02-09,2026-08-11 11:44:11
2,0,OLD,20247457,신의악단,2025-12-31,126365090,8.0,-347352570,-73.3,10733002100,13546,-36476,-72.9,1129433,595,1299,2026-02-09,2026-08-11 11:44:11
3,0,OLD,20249255,만약에 우리,2025-12-31,119794060,7.6,-190015680,-61.3,24405780460,12057,-18068,-60.0,2496462,647,1470,2026-02-09,2026-08-11 11:44:11
4,0,OLD,20261439,"2024.12.03 그날 조작된 내란, 감춰진 진실",2026-02-04,106802570,6.8,-182646820,-63.1,1315409600,11513,-17080,-59.7,131993,405,785,2026-02-09,2026-08-11 11:44:11
5,0,OLD,20250878,노 머시: 90분,2026-02-04,52524140,3.3,-70936040,-57.5,650329050,5531,-6465,-53.9,66380,511,947,2026-02-09,2026-08-11 11:44:11
6,1,OLD,20256396,아바타: 불과 재,2025-12-17,36972650,2.3,-71174950,-65.8,78708517440,2942,-5498,-65.1,6727334,284,347,2026-02-09,2026-08-11 11:44:11
7,6,OLD,20252373,넘버원,2026-02-11,18009000,1.1,-25047600,-58.2,199207610,2001,-1613,-44.6,20089,13,13,2026-02-09,2026-08-11 11:44:11
8,8,OLD,20247690,시스터,2026-01-28,11040700,0.7,-2941600,-21.0,567713280,1639,-198,-10.8,67780,172,197,2026-02-09,2026-08-11 11:44:11
9,3,OLD,20228313,"오늘 밤, 세계에서 이 사랑이 사라진다 해도",2022-11-30,13721970,0.9,-24829130,-64.4,12763717169,1400,-2356,-62.7,1266896,98,137,2026-02-09,2026-08-11 11:44:11
10,9,OLD,20250686,하우스메이드,2026-01-28,12947500,0.8,-2262920,-14.9,602707420,1359,-102,-7.0,65225,186,216,2026-02-09,2026-08-11 11:44:11
1,0,OLD,20242837,왕과 사는 남자,2026-02-04,878997090,55.8,-29226890,-3.2,11275237940,95582,-2797,-2.8,1195050,1536,6557,2026-02-10,2026-08-11 11:44:10
2,0,OLD,20247457,신의악단,2025-12-31,124291650,7.9,-2073440,-1.6,10857293750,13519,-27,-0.2,1142952,597,1295,2026-02-10,2026-08-11 11:44:10
3,0,OLD,20249255,만약에 우리,2025-12-31,117464500,7.5,-2329560,-1.9,24523244960,11804,-253,-2.1,2508266,646,1462,2026-02-10,2026-08-11 11:44:10
4,0,OLD,20261439,"2024.12.03 그날 조작된 내란, 감춰진 진실",2026-02-04,99976790,6.3,-6825780,-6.4,1415386390,10705,-808,-7.0,142698,411,793,2026-02-10,2026-08-11 11:44:10
5,0,OLD,20250878,노 머시: 90분,2026-02-04,60917400,3.9,8393260,16.0,711246450,6689,1158,20.9,73069,540,989,2026-02-10,2026-08-11 11:44:10
6,0,OLD,20256396,아바타: 불과 재,2025-12-17,47725480,3.0,10752830,29.1,78756242920,3692,750,25.5,6731026,296,361,2026-02-10,2026-08-11 11:44:10
7,3,OLD,20250686,하우스메이드,2026-01-28,19306600,1.2,6359100,49.1,622014020,2104,745,54.8,67329,194,232,2026-02-10,2026-08-11 11:44:10
8,1,OLD,20228313,"오늘 밤, 세계에서 이 사랑이 사라진다 해도",2022-11-30,16536600,1.1,2814630,20.5,12780253769,1664,264,18.9,1268560,93,132,2026-02-10,2026-08-11 11:44:10
9,3,OLD,20252432,주토피아 2,2025-11-26,12213400,0.8,1825300,17.6,82693338890,1413,275,24.2,8592191,109,124,2026-02-10,2026-08-11 11:44:10
10,-2,OLD,20247690,시스터,2026-01-28,8892500,0.6,-2148200,-19.5,576605780,1296,-343,-20.9,69076,147,168,2026-02-10,2026-08-11 11:44:10
1,48,OLD,20241266,휴민트,2026-02-11,1105412630,42.1,1104252630,95194.2,1307061030,116740,116624,100537.9,131625,1520,6291,2026-02-11,2026-08-11 11:44:10
2,-1,OLD,20242837,왕과 사는 남자,2026-02-04,811327260,30.9,-67669830,-7.7,12086565200,86924,-8658,-9.1,1281974,1150,4203,2026-02-11,2026-08-11 11:44:10
3,0,NEW,20252373,넘버원,2026-02-11,156190180,5.9,156190180,100.0,355397790,17231,17231,100.0,37320,647,1723,2026-02-11,2026-08-11 11:44:10
4,0,NEW,20257823,폭풍의 언덕,2026-02-11,99077490,3.8,99077490,100.0,123243490,10479,10479,100.0,12000,428,816,2026-02-11,2026-08-11 11:44:10
5,-3,OLD,20247457,신의악단,2025-12-31,74424000,2.8,-49867650,-40.1,10931717750,7920,-5599,-41.4,1150872,426,597,2026-02-11,2026-08-11 11:44:10
6,-2,OLD,20261439,"2024.12.03 그날 조작된 내란, 감춰진 진실",2026-02-04,62567870,2.4,-37408920,-37.4,1477954260,6863,-3842,-35.9,149561,347,559,2026-02-11,2026-08-11 11:44:10
7,-4,OLD,20249255,만약에 우리,2025-12-31,63178670,2.4,-54285830,-46.2,24586423630,6256,-5548,-47.0,2514522,376,536,2026-02-11,2026-08-11 11:44:10
8,6,OLD,20261526,아이엠스타!X프리파라 더 무비 -만남의 기적!-,2026-02-04,64810900,2.5,54079600,503.9,309988900,6239,5187,493.1,28984,95,117,2026-02-11,2026-08-11 11:44:10
9,8,OLD,20261041,스트레이 키즈 : 더 도미네이트 익스피리언스,2026-02-04,69242000,2.6,50807000,275.6,437331000,2770,2068,294.6,16881,39,63,2026-02-11,2026-08-11 11:44:10
10,-5,OLD,20250878,노 머시: 90분,2026-02-04,18848400,0.7,-42069000,-69.1,730094850,2157,-4532,-67.8,75226,158,189,2026-02-11,2026-08-11 11:44:10
1,1,OLD,20242837,왕과 사는 남자,2026-02-04,775585340,35.9,-35741920,-4.4,12862150540,83916,-3008,-3.5,1365890,1206,4331,2026-02-12,2026-08-11 11:44:09
2,-1,OLD,20241266,휴민트,2026-02-11,766996380,35.5,-338416250,-30.6,2074057410,81183,-35557,-30.5,212808,1494,6079,2026-02-12,2026-08-11 11:44:09
3,0,OLD,20252373,넘버원,2026-02-11,123347500,5.7,-32842680,-21.0,478745290,13932,-3299,-19.1,51252,643,1629,2026-02-12,2026-08-11 11:44:09
4,1,OLD,20247457,신의악단,2025-12-31,80086880,3.7,5662880,7.6,11011804630,8661,741,9.4,1159533,428,613,2026-02-12,2026-08-11 11:44:09
5,-1,OLD,20257823,폭풍의 언덕,2026-02-11,62782790,2.9,-36294700,-36.6,186026280,6778,-3701,-35.3,18778,423,759,2026-02-12,2026-08-11 11:44:09
6,0,OLD,20261439,"2024.12.03 그날 조작된 내란, 감춰진 진실",2026-02-04,62731500,2.9,163630,0.3,1540685760,6751,-112,-1.6,156312,354,549,2026-02-12,2026-08-11 11:44:09
7,0,OLD,20249255,만약에 우리,2025-12-31,62069000,2.9,-1109670,-1.8,24648492630,6189,-67,-1.1,2520711,371,529,2026-02-12,2026-08-11 11:44:09
8,0,OLD,20261526,아이엠스타!X프리파라 더 무비 -만남의 기적!-,2026-02-04,34488400,1.6,-30322500,-46.8,344477300,3390,-2849,-45.7,32374,83,109,2026-02-12,2026-08-11 11:44:09
9,1,OLD,20250878,노 머시: 90분,2026-02-04,23687200,1.1,4838800,25.7,753782050,2802,645,29.9,78028,155,188,2026-02-12,2026-08-11 11:44:09
10,0,NEW,20250840,바다 탐험대 옥토넛 어보브 앤 비욘드 : 육지생물 구조작전,2026-02-12,11847400,0.5,11847400,100.0,29748000,1463,1463,100.0,3259,141,169,2026-02-12,2026-08-11 11:44:09
1,0,OLD,20242837,왕과 사는 남자,2026-02-04,1295622220,44.2,520036880,67.1,14157772760,133573,49657,59.2,1499463,1420,5369,2026-02-13,2026-08-11 11:44:09
2,0,OLD,20241266,휴민트,2026-02-11,917939650,31.3,150943270,19.7,2991997060,91891,10708,13.2,304699,1405,5809,2026-02-13,2026-08-11 11:44:09
3,0,OLD,20252373,넘버원,2026-02-11,130458980,4.5,7111480,5.8,609204270,13978,46,0.3,65230,630,1590,2026-02-13,2026-08-11 11:44:09
4,0,OLD,20247457,신의악단,2025-12-31,87732600,3.0,7645720,9.5,11099537230,8978,317,3.7,1168511,418,590,2026-02-13,2026-08-11 11:44:09
5,2,OLD,20249255,만약에 우리,2025-12-31,88862260,3.0,26793260,43.2,24737354890,8177,1988,32.1,2528888,376,517,2026-02-13,2026-08-11 11:44:09
6,-1,OLD,20257823,폭풍의 언덕,2026-02-11,57960650,2.0,-4822140,-7.7,243986930,5885,-893,-13.2,24663,403,692,2026-02-13,2026-08-11 11:44:09
7,-1,OLD,20261439,"2024.12.03 그날 조작된 내란, 감춰진 진실",2026-02-04,53879320,1.8,-8852180,-14.1,1594565080,5467,-1284,-19.0,161779,317,504,2026-02-13,2026-08-11 11:44:09
8,0,NEW,20227073,신 에반게리온 극장판,2022-10-05,49943600,1.7,49943600,100.0,385769587,4747,4747,100.0,34457,46,71,2026-02-13,2026-08-11 11:44:09
9,0,OLD,20250878,노 머시: 90분,2026-02-04,26739970,0.9,3052770,12.9,780522020,3047,245,8.7,81075,152,180,2026-02-13,2026-08-11 11:44:09
10,-2,OLD,20261526,아이엠스타!X프리파라 더 무비 -만남의 기적!-,2026-02-04,31130500,1.1,-3357900,-9.7,375607800,2894,-496,-14.6,35268,76,108,2026-02-13,2026-08-11 11:44:09
1,0,OLD,20242837,왕과 사는 남자,2026-02-04,3489757500,53.3,2194135280,169.3,17647530260,357886,224313,167.9,1857349,1729,6851,2026-02-14,2026-08-11 11:44:08
2,0,OLD,20241266,휴민트,2026-02-11,1969734780,30.1,1051795130,114.6,4961731840,194546,102655,111.7,499245,1375,5819,2026-02-14,2026-08-11 11:44:08
3,0,OLD,20252373,넘버원,2026-02-11,248475220,3.8,118016240,90.5,857679490,25550,11572,82.8,90780,635,1318,2026-02-14,2026-08-11 11:44:08
4,0,OLD,20247457,신의악단,2025-12-31,173118490,2.6,85385890,97.3,11272655720,17415,8437,94.0,1185926,436,602,2026-02-14,2026-08-11 11:44:08
5,0,OLD,20249255,만약에 우리,2025-12-31,111759750,1.7,22897490,25.8,24849114640,10620,2443,29.9,2539508,353,469,2026-02-14,2026-08-11 11:44:08
6,1,OLD,20261439,"2024.12.03 그날 조작된 내란, 감춰진 진실",2026-02-04,64188770,1.0,10309450,19.1,1658753850,6702,1235,22.6,168481,258,344,2026-02-14,2026-08-11 11:44:08
7,-1,OLD,20257823,폭풍의 언덕,2026-02-11,65717500,1.0,7756850,13.4,309704430,6450,565,9.6,31113,374,513,2026-02-14,2026-08-11 11:44:08
8,6,OLD,20250604,극장판 엉덩이 탐정: 스타 앤드 문,2026-02-07,45276000,0.7,37670100,495.3,246847600,6012,4985,485.4,32287,230,346,2026-02-14,2026-08-11 11:44:08
9,9,OLD,20250840,바다 탐험대 옥토넛 어보브 앤 비욘드 : 육지생물 구조작전,2026-02-12,35248400,0.5,27528100,356.6,72716700,3618,2811,348.3,7684,227,300,2026-02-14,2026-08-11 11:44:08
10,-1,OLD,20250878,노 머시: 90분,2026-02-04,30009770,0.5,3269800,12.2,810531790,3209,162,5.3,84284,158,174,2026-02-14,2026-08-11 11:44:08
1,0,OLD,20242837,왕과 사는 남자,2026-02-04,4549624530,59.2,1059867030,30.4,22197154790,465254,107368,30.0,2322603,1836,7248,2026-02-15,2026-08-11 11:44:07
2,0,OLD,20241266,휴민트,2026-02-11,2084305370,27.1,114570590,5.8,7046037210,204552,10006,5.1,703797,1356,5601,2026-02-15,2026-08-11 11:44:07
3,0,OLD,20252373,넘버원,2026-02-11,258032720,3.4,9557500,3.8,1115712210,26374,824,3.2,117154,652,1325,2026-02-15,2026-08-11 11:44:07
4,0,OLD,20247457,신의악단,2025-12-31,192778050,2.5,19659560,11.4,11465433770,18816,1401,8.0,1204742,420,567,2026-02-15,2026-08-11 11:44:07
5,0,OLD,20249255,만약에 우리,2025-12-31,99193940,1.3,-12565810,-11.2,24948308580,9449,-1171,-11.0,2548957,370,478,2026-02-15,2026-08-11 11:44:07
6,0,OLD,20261439,"2024.12.03 그날 조작된 내란, 감춰진 진실",2026-02-04,67293100,0.9,3104330,4.8,1726046950,6781,79,1.2,175262,249,319,2026-02-15,2026-08-11 11:44:07
7,1,OLD,20250604,극장판 엉덩이 탐정: 스타 앤드 문,2026-02-07,42544400,0.6,-2731600,-6.0,289392000,5253,-759,-12.6,37540,232,353,2026-02-15,2026-08-11 11:44:07
8,-1,OLD,20257823,폭풍의 언덕,2026-02-11,49349550,0.6,-16367950,-24.9,359053980,4804,-1646,-25.5,35917,360,482,2026-02-15,2026-08-11 11:44:07
9,1,OLD,20250878,노 머시: 90분,2026-02-04,33463350,0.4,3453580,11.5,843995140,3724,515,16.0,88008,141,161,2026-02-15,2026-08-11 11:44:07
10,-1,OLD,20250840,바다 탐험대 옥토넛 어보브 앤 비욘드 : 육지생물 구조작전,2026-02-12,34652700,0.5,-595700,-1.7,107369400,3523,-95,-2.6,11207,219,297,2026-02-15,2026-08-11 11:44:07
1,0,OLD,20242837,왕과 사는 남자,2026-02-04,5301151370,64.6,751526840,16.5,27498306160,537175,71921,15.5,2859778,1899,7804,2026-02-16,2026-08-11 11:44:07
2,0,OLD,20241266,휴민트,2026-02-11,1846543770,22.5,-237761600,-11.4,8892580980,182655,-21897,-10.7,886452,1290,5280,2026-02-16,2026-08-11 11:44:07
3,1,OLD,20247457,신의악단,2025-12-31,306602500,3.7,113824450,59.0,11772036270,30221,11405,60.6,1234963,434,623,2026-02-16,2026-08-11 11:44:07
4,-1,OLD,20252373,넘버원,2026-02-11,222429690,2.7,-35603030,-13.8,1338141900,22493,-3881,-14.7,139647,645,1131,2026-02-16,2026-08-11 11:44:07
5,1,OLD,20261439,"2024.12.03 그날 조작된 내란, 감춰진 진실",2026-02-04,75806800,0.9,8513700,12.7,1801853750,7568,787,11.6,182830,231,286,2026-02-16,2026-08-11 11:44:07
6,-1,OLD,20249255,만약에 우리,2025-12-31,79529640,1.0,-19664300,-19.8,25027838220,7451,-1998,-21.1,2556408,337,471,2026-02-16,2026-08-11 11:44:07
7,0,OLD,20250604,극장판 엉덩이 탐정: 스타 앤드 문,2026-02-07,39134200,0.5,-3410200,-8.0,328526200,4503,-750,-14.3,42043,226,353,2026-02-16,2026-08-11 11:44:07
8,0,OLD,20257823,폭풍의 언덕,2026-02-11,40592120,0.5,-8757430,-17.7,399646100,4022,-782,-16.3,39939,351,444,2026-02-16,2026-08-11 11:44:07
9,1,OLD,20250840,바다 탐험대 옥토넛 어보브 앤 비욘드 : 육지생물 구조작전,2026-02-12,35494200,0.4,841500,2.4,142863600,3602,79,2.2,14809,224,298,2026-02-16,2026-08-11 11:44:07
10,-1,OLD,20250878,노 머시: 90분,2026-02-04,28276900,0.3,-5186450,-15.5,872272040,2913,-811,-21.8,90921,130,148,2026-02-16,2026-08-11 11:44:07
1,0,OLD,20242837,왕과 사는 남자,2026-02-04,6574650470,67.2,1273499100,24.0,34072956630,661439,124264,23.1,3521217,2010,8341,2026-02-17,2026-08-11 11:44:06
2,0,OLD,20241266,휴민트,2026-02-11,2199712250,22.5,353168480,19.1,11092293230,213403,30748,16.8,1099855,1225,4909,2026-02-17,2026-08-11 11:44:06
3,0,OLD,20247457,신의악단,2025-12-31,340532730,3.5,33930230,11.1,12112569000,33635,3414,11.3,1268598,462,694,2026-02-17,2026-08-11 11:44:06
4,0,OLD,20252373,넘버원,2026-02-11,209720820,2.1,-12708870,-5.7,1547862720,21897,-596,-2.6,161544,605,1062,2026-02-17,2026-08-11 11:44:06
5,0,OLD,20261439,"2024.12.03 그날 조작된 내란, 감춰진 진실",2026-02-04,72149080,0.7,-3657720,-4.8,1874002830,7197,-371,-4.9,190027,205,239,2026-02-17,2026-08-11 11:44:06
6,0,OLD,20249255,만약에 우리,2025-12-31,74221480,0.8,-5308160,-6.7,25102059700,7021,-430,-5.8,2563429,319,432,2026-02-17,2026-08-11 11:44:06
7,1,OLD,20257823,폭풍의 언덕,2026-02-11,42274200,0.4,1682080,4.1,441920300,4354,332,8.3,44293,330,411,2026-02-17,2026-08-11 11:44:06
8,-1,OLD,20250604,극장판 엉덩이 탐정: 스타 앤드 문,2026-02-07,35550300,0.4,-3583900,-9.2,364076500,4237,-266,-5.9,46280,208,312,2026-02-17,2026-08-11 11:44:06
9,1,OLD,20250878,노 머시: 90분,2026-02-04,26405460,0.3,-1871440,-6.6,898677500,2702,-211,-7.2,93623,131,143,2026-02-17,2026-08-11 11:44:06
10,1,OLD,20252432,주토피아 2,2025-11-26,26360300,0.3,-1631140,-5.8,82810844690,2570,-191,-6.9,8604180,94,103,2026-02-17,2026-08-11 11:44:06
1,0,OLD,20242837,왕과 사는 남자,2026-02-04,6353617930,65.0,-221032540,-3.4,40426574560,653634,-7805,-1.2,4174851,2017,8045,2026-02-18,2026-08-11 11:44:06
2,0,OLD,20241266,휴민트,2026-02-11,1884910650,19.3,-314801600,-14.3,12977203880,184951,-28452,-13.3,1284806,1188,4360,2026-02-18,2026-08-11 11:44:06
3,0,OLD,20247457,신의악단,2025-12-31,298928880,3.1,-41603850,-12.2,12411497880,30600,-3035,-9.0,1299198,492,692,2026-02-18,2026-08-11 11:44:06
4,0,OLD,20252373,넘버원,2026-02-11,261584930,2.7,51864110,24.7,1809447650,26301,4404,20.1,187845,609,970,2026-02-18,2026-08-11 11:44:06
5,0,NEW,20261208,귀신 부르는 앱: 영,2026-02-18,187822700,1.9,187822700,100.0,192302700,18263,18263,100.0,18903,176,357,2026-02-18,2026-08-11 11:44:06
6,0,NEW,20261150,점보,2026-02-18,114833230,1.2,114833230,100.0,130123700,12648,12648,100.0,14169,355,453,2026-02-18,2026-08-11 11:44:06
7,-1,OLD,20249255,만약에 우리,2025-12-31,88348200,0.9,14126720,19.0,25190407900,8477,1456,20.7,2571906,288,374,2026-02-18,2026-08-11 11:44:06
8,-3,OLD,20261439,"2024.12.03 그날 조작된 내란, 감춰진 진실",2026-02-04,82022950,0.8,9873870,13.7,1956025780,8450,1253,17.4,198477,178,214,2026-02-18,2026-08-11 11:44:06
9,6,OLD,20261526,아이엠스타!X프리파라 더 무비 -만남의 기적!-,2026-02-04,80727100,0.8,70698700,705.0,531427900,7831,6883,726.1,50217,74,96,2026-02-18,2026-08-11 11:44:06
10,1,OLD,20250840,바다 탐험대 옥토넛 어보브 앤 비욘드 : 육지생물 구조작전,2026-02-12,40620200,0.4,18134000,80.6,205970000,4101,1884,85.0,21127,195,241,2026-02-18,2026-08-11 11:44:06
1,0,OLD,20242837,왕과 사는 남자,2026-02-04,2231556760,65.8,-4122061170,-64.9,42658131320,239783,-413851,-63.3,4414634,1607,6521,2026-02-19,2026-08-11 11:44:05
2,0,OLD,20241266,휴민트,2026-02-11,532681280,15.7,-1352229370,-71.7,13509885160,54834,-130117,-70.4,1339640,1116,4036,2026-02-19,2026-08-11 11:44:05
3,1,OLD,20252373,넘버원,2026-02-11,97506630,2.9,-164078300,-62.7,1906954280,10762,-15539,-59.1,198607,574,983,2026-02-19,2026-08-11 11:44:05
4,1,OLD,20261208,귀신 부르는 앱: 영,2026-02-18,91871100,2.7,-95951600,-51.1,284173800,9175,-9088,-49.8,28078,189,384,2026-02-19,2026-08-11 11:44:05
5,-2,OLD,20247457,신의악단,2025-12-31,78315430,2.3,-220613450,-73.8,12489813310,8480,-22120,-72.3,1307678,433,629,2026-02-19,2026-08-11 11:44:05
6,3,OLD,20261526,아이엠스타!X프리파라 더 무비 -만남의 기적!-,2026-02-04,54846900,1.6,-25880200,-32.1,586274800,5533,-2298,-29.3,55750,71,91,2026-02-19,2026-08-11 11:44:05
7,0,OLD,20249255,만약에 우리,2025-12-31,45238700,1.3,-43109500,-48.8,25235646600,4486,-3991,-47.1,2576392,292,411,2026-02-19,2026-08-11 11:44:05
8,12,OLD,20250878,노 머시: 90분,2026-02-04,33504200,1.0,21607800,181.6,944078100,3661,2487,211.8,98458,60,70,2026-02-19,2026-08-11 11:44:05
9,-1,OLD,20261439,"2024.12.03 그날 조작된 내란, 감춰진 진실",2026-02-04,26793700,0.8,-55229250,-67.3,1982819480,2969,-5481,-64.9,201446,203,263,2026-02-19,2026-08-11 11:44:05
10,1,OLD,20250428,센티멘탈 밸류,2026-02-18,23869540,0.7,-17056220,-41.7,103781940,2546,-1363,-34.9,10113,188,221,2026-02-19,2026-08-11 11:44:05
1,0,OLD,20242837,왕과 사는 남자,2026-02-04,2586365530,69.9,354808770,15.9,45244496850,264713,24930,10.4,4679347,1771,7277,2026-02-20,2026-08-11 11:44:04
2,0,OLD,20241266,휴민트,2026-02-11,519326920,14.0,-13354360,-2.5,14029212080,51305,-3529,-6.4,1390945,1089,3982,2026-02-20,2026-08-11 11:44:04
3,0,OLD,20252373,넘버원,2026-02-11,85752790,2.3,-11753840,-12.1,1992707070,9033,-1729,-16.1,207640,593,988,2026-02-20,2026-08-11 11:44:04
4,0,OLD,20261208,귀신 부르는 앱: 영,2026-02-18,84787600,2.3,-7083500,-7.7,368961400,8195,-980,-10.7,36273,190,380,2026-02-20,2026-08-11 11:44:04
5,0,OLD,20247457,신의악단,2025-12-31,74579950,2.0,-3735480,-4.8,12564393260,8017,-463,-5.5,1315695,457,684,2026-02-20,2026-08-11 11:44:04
6,1,OLD,20249255,만약에 우리,2025-12-31,47107840,1.3,1869140,4.1,25282754440,4384,-102,-2.3,2580776,304,418,2026-02-20,2026-08-11 11:44:04
7,3,OLD,20250428,센티멘탈 밸류,2026-02-18,31498370,0.9,7628830,32.0,135280310,3416,870,34.2,13529,192,230,2026-02-20,2026-08-11 11:44:04
8,-2,OLD,20261526,아이엠스타!X프리파라 더 무비 -만남의 기적!-,2026-02-04,35693300,1.0,-19153600,-34.9,621968100,3408,-2125,-38.4,59158,75,102,2026-02-20,2026-08-11 11:44:04
9,2,OLD,20261150,점보,2026-02-18,29130000,0.8,7941460,37.5,180442240,3263,793,32.1,19902,312,352,2026-02-20,2026-08-11 11:44:04
10,-1,OLD,20261439,"2024.12.03 그날 조작된 내란, 감춰진 진실",2026-02-04,20243100,0.5,-6550600,-24.4,2003062580,2102,-867,-29.2,203548,192,251,2026-02-20,2026-08-11 11:44:04
1,0,OLD,20242837,왕과 사는 남자,2026-02-04,5691833080,74.3,3105467550,120.1,50936329930,581160,316447,119.5,5260507,2106,9006,2026-02-21,2026-08-11 11:44:04
2,0,OLD,20241266,휴민트,2026-02-11,1025956220,13.4,506629300,97.6,15055168300,100054,48749,95.0,1490999,1048,3624,2026-02-21,2026-08-11 11:44:04
3,0,OLD,20252373,넘버원,2026-02-11,156346730,2.0,70593940,82.3,2149053800,15757,6724,74.4,223397,549,798,2026-02-21,2026-08-11 11:44:04
4,1,OLD,20247457,신의악단,2025-12-31,135986500,1.8,61406550,82.3,12700379760,14064,6047,75.4,1329759,508,780,2026-02-21,2026-08-11 11:44:04
5,-1,OLD,20261208,귀신 부르는 앱: 영,2026-02-18,133172300,1.7,48384700,57.1,502133700,12759,4564,55.7,49032,178,352,2026-02-21,2026-08-11 11:44:04
6,3,OLD,20261150,점보,2026-02-18,82505100,1.1,53375100,183.2,262947340,9260,5997,183.8,29162,370,479,2026-02-21,2026-08-11 11:44:04
7,-1,OLD,20249255,만약에 우리,2025-12-31,52562700,0.7,5454860,11.6,25335317140,5053,669,15.3,2585829,244,302,2026-02-21,2026-08-11 11:44:04
8,-1,OLD,20250428,센티멘탈 밸류,2026-02-18,38191480,0.5,6693110,21.2,173471790,3769,353,10.3,17298,190,209,2026-02-21,2026-08-11 11:44:04
9,2,OLD,20257823,폭풍의 언덕,2026-02-11,24052500,0.3,2935150,13.9,537961520,2307,243,11.8,53788,155,177,2026-02-21,2026-08-11 11:44:04
10,7,OLD,20030047,모노노케 히메,2003-04-25,36104410,0.5,28344240,365.3,2406676520,2289,1673,271.6,198845,33,42,2026-02-21,2026-08-11 11:44:04
1,0,OLD,20242837,왕과 사는 남자,2026-02-04,5554146750,75.1,-137686330,-2.4,56490476680,568288,-12872,-2.2,5828795,2142,8689,2026-02-22,2026-08-11 11:44:03
2,0,OLD,20241266,휴민트,2026-02-11,912149530,12.3,-113806690,-11.1,15967317830,88007,-12047,-12.0,1579006,1026,3381,2026-02-22,2026-08-11 11:44:03
3,1,OLD,20247457,신의악단,2025-12-31,176840660,2.4,40854160,30.0,12877220420,18886,4822,34.3,1348645,524,752,2026-02-22,2026-08-11 11:44:03
4,-1,OLD,20252373,넘버원,2026-02-11,157792100,2.1,1445370,0.9,2306845900,16015,258,1.6,239412,548,792,2026-02-22,2026-08-11 11:44:03
5,0,OLD,20261208,귀신 부르는 앱: 영,2026-02-18,118273100,1.6,-14899200,-11.2,620406800,11391,-1368,-10.7,60423,187,346,2026-02-22,2026-08-11 11:44:03
6,0,OLD,20261150,점보,2026-02-18,86828530,1.2,4323430,5.2,349775870,9807,547,5.9,38969,371,477,2026-02-22,2026-08-11 11:44:03
7,0,OLD,20249255,만약에 우리,2025-12-31,43325100,0.6,-9237600,-17.6,25378642240,4116,-937,-18.5,2589945,240,291,2026-02-22,2026-08-11 11:44:03
8,0,OLD,20250428,센티멘탈 밸류,2026-02-18,36468050,0.5,-1723430,-4.5,209939840,3541,-228,-6.0,20839,180,200,2026-02-22,2026-08-11 11:44:03
9,1,OLD,20030047,모노노케 히메,2003-04-25,35470620,0.5,-633790,-1.8,2442147140,2234,-55,-2.4,201079,31,39,2026-02-22,2026-08-11 11:44:03
10,2,OLD,20261439,"2024.12.03 그날 조작된 내란, 감춰진 진실",2026-02-04,21168600,0.3,2087800,10.9,2043311980,2136,151,7.6,207669,149,173,2026-02-22,2026-08-11 11:44:03
1,0,OLD,20242837,왕과 사는 남자,2026-02-04,1841999690,73.0,-3712147060,-66.8,58332476370,195470,-372818,-65.6,6024265,1756,7273,2026-02-23,2026-08-11 11:44:03
2,0,OLD,20241266,휴민트,2026-02-11,327488800,13.0,-584660730,-64.1,16294806630,32115,-55892,-63.5,1611121,921,3101,2026-02-23,2026-08-11 11:44:03
3,1,OLD,20252373,넘버원,2026-02-11,47802850,1.9,-109989250,-69.7,2354648750,5276,-10739,-67.1,244688,496,762,2026-02-23,2026-08-11 11:44:03
4,-1,OLD,20247457,신의악단,2025-12-31,43174450,1.7,-133666210,-75.6,12920394870,4667,-14219,-75.3,1353312,417,631,2026-02-23,2026-08-11 11:44:03
5,0,OLD,20261208,귀신 부르는 앱: 영,2026-02-18,45899900,1.8,-72373200,-61.2,666306700,4474,-6917,-60.7,64897,182,346,2026-02-23,2026-08-11 11:44:03
6,0,OLD,20261150,점보,2026-02-18,22270150,0.9,-64558380,-74.4,372046020,2584,-7223,-73.7,41553,281,306,2026-02-23,2026-08-11 11:44:03
7,0,OLD,20249255,만약에 우리,2025-12-31,24189200,1.0,-19135900,-44.2,25402831440,2328,-1788,-43.4,2592273,257,350,2026-02-23,2026-08-11 11:44:03
8,0,OLD,20250428,센티멘탈 밸류,2026-02-18,17870070,0.7,-18597980,-51.0,227809910,1915,-1626,-45.9,22754,179,207,2026-02-23,2026-08-11 11:44:03
9,0,NEW,20250301,판결,2026-02-25,11346000,0.4,11346000,100.0,37271000,1259,1259,100.0,4001,7,7,2026-02-23,2026-08-11 11:44:03
10,0,NEW,20261181,너자 2,2026-02-25,8120000,0.3,8120000,100.0,35221000,1160,1160,100.0,3203,9,9,2026-02-23,2026-08-11 11:44:03
1,0,OLD,20242837,왕과 사는 남자,2026-02-04,1827069870,74.4,-14929820,-0.8,60159546240,194636,-834,-0.4,6218901,1778,7331,2026-02-24,2026-08-11 11:44:02
2,0,OLD,20241266,휴민트,2026-02-11,258103480,10.5,-69385320,-21.2,16552910110,26624,-5491,-17.1,1637745,936,3086,2026-02-24,2026-08-11 11:44:02
3,0,OLD,20252373,넘버원,2026-02-11,46301500,1.9,-1501350,-3.1,2400950250,5091,-185,-3.5,249779,502,763,2026-02-24,2026-08-11 11:44:02
4,0,OLD,20247457,신의악단,2025-12-31,44477240,1.8,1302790,3.0,12964872110,4914,247,5.3,1358226,416,632,2026-02-24,2026-08-11 11:44:02
5,0,OLD,20261208,귀신 부르는 앱: 영,2026-02-18,42252500,1.7,-3647400,-7.9,708559200,4590,116,2.6,69487,181,340,2026-02-24,2026-08-11 11:44:02
6,0,OLD,20261150,점보,2026-02-18,30184100,1.2,7913950,35.5,402230120,3553,969,37.5,45106,291,321,2026-02-24,2026-08-11 11:44:02
7,1,OLD,20250428,센티멘탈 밸류,2026-02-18,22528200,0.9,4658130,26.1,250338110,2400,485,25.3,25154,197,225,2026-02-24,2026-08-11 11:44:02
8,-1,OLD,20249255,만약에 우리,2025-12-31,22582470,0.9,-1606730,-6.6,25425413910,2187,-141,-6.1,2594460,249,341,2026-02-24,2026-08-11 11:44:02
9,0,NEW,20241501,매드 댄스 오피스,2026-03-04,13878000,0.6,13878000,100.0,17992000,1542,1542,100.0,1966,7,8,2026-02-24,2026-08-11 11:44:02
10,1,OLD,20257823,폭풍의 언덕,2026-02-11,12486980,0.5,2096450,20.2,577532170,1324,208,18.6,57770,170,196,2026-02-24,2026-08-11 11:44:02
1,0,OLD,20242837,왕과 사는 남자,2026-02-04,2417894910,73.2,590825040,32.3,62577441150,309572,114936,59.1,6528473,1937,7497,2026-02-25,2026-08-11 11:44:01
2,0,OLD,20241266,휴민트,2026-02-11,312647710,9.5,54544230,21.1,16865557820,37892,11268,42.3,1675637,855,2399,2026-02-25,2026-08-11 11:44:01
3,0,NEW,20259583,초속 5센티미터,2026-02-25,144137600,4.4,144137600,100.0,155824500,17947,17947,100.0,19020,568,1257,2026-02-25,2026-08-11 11:44:01
4,0,NEW,20261181,너자 2,2026-02-25,53822600,1.6,53822600,100.0,89043600,6936,6936,100.0,10139,277,584,2026-02-25,2026-08-11 11:44:01
5,55,OLD,20250365,햄넷,2026-02-25,43640460,1.3,43054260,7344.6,100010780,5633,5573,9288.3,11121,381,495,2026-02-25,2026-08-11 11:44:01
6,-2,OLD,20247457,신의악단,2025-12-31,39963700,1.2,-4513540,-10.1,13004835810,4905,-9,-0.2,1363131,355,464,2026-02-25,2026-08-11 11:44:01
7,-4,OLD,20252373,넘버원,2026-02-11,33090300,1.0,-13211200,-28.5,2434040550,4103,-988,-19.4,253882,291,364,2026-02-25,2026-08-11 11:44:01
8,-3,OLD,20261208,귀신 부르는 앱: 영,2026-02-18,30291000,0.9,-11961500,-28.3,738850200,3747,-843,-18.4,73234,188,252,2026-02-25,2026-08-11 11:44:01
9,-2,OLD,20250428,센티멘탈 밸류,2026-02-18,27278500,0.8,4750300,21.1,277616610,3558,1158,48.3,28712,104,122,2026-02-25,2026-08-11 11:44:01
10,4,OLD,20261526,아이엠스타!X프리파라 더 무비 -만남의 기적!-,2026-02-04,24167000,0.7,16923400,233.6,699820300,2509,1793,250.4,66932,58,77,2026-02-25,2026-08-11 11:44:01
1,0,OLD,20242837,왕과 사는 남자,2026-02-04,1934801520,73.2,-483093390,-20.0,64512242670,204929,-104643,-33.8,6733402,1803,7335,2026-02-26,2026-08-11 11:44:01
2,0,OLD,20241266,휴민트,2026-02-11,214542270,8.1,-98105440,-31.4,17080100090,21909,-15983,-42.2,1697546,786,2269,2026-02-26,2026-08-11 11:44:01
3,0,OLD,20259583,초속 5센티미터,2026-02-25,87546700,3.3,-56590900,-39.3,243371200,9236,-8711,-48.5,28256,515,1143,2026-02-26,2026-08-11 11:44:01
4,0,OLD,20261181,너자 2,2026-02-25,45165600,1.7,-8657000,-16.1,134209200,5841,-1095,-15.8,15980,263,565,2026-02-26,2026-08-11 11:44:01
5,1,OLD,20247457,신의악단,2025-12-31,42542900,1.6,2579200,6.5,13047378710,4584,-321,-6.5,1367715,363,464,2026-02-26,2026-08-11 11:44:01
6,1,OLD,20252373,넘버원,2026-02-11,34227570,1.3,1137270,3.4,2468268120,3929,-174,-4.2,257811,288,366,2026-02-26,2026-08-11 11:44:01
7,1,OLD,20261208,귀신 부르는 앱: 영,2026-02-18,32381900,1.2,2090900,6.9,771232100,3460,-287,-7.7,76694,180,244,2026-02-26,2026-08-11 11:44:01
8,0,NEW,20261450,슬라이드 스트럼 뮤트,2026-02-26,26484000,1.0,26484000,100.0,32724000,3119,3119,100.0,3899,117,126,2026-02-26,2026-08-11 11:44:01
9,-4,OLD,20250365,햄넷,2026-02-25,28026520,1.1,-15613940,-35.8,128037300,3031,-2602,-46.2,14152,352,457,2026-02-26,2026-08-11 11:44:01
10,-1,OLD,20250428,센티멘탈 밸류,2026-02-18,19168400,0.7,-8110100,-29.7,296785010,2130,-1428,-40.1,30842,97,107,2026-02-26,2026-08-11 11:44:01
1,0,OLD,20242837,왕과 사는 남자,2026-02-04,2758081920,76.9,823280400,42.6,67270324590,278059,73130,35.7,7011461,1932,8039,2026-02-27,2026-08-11 11:44:00
2,0,OLD,20241266,휴민트,2026-02-11,225469520,6.3,10927250,5.1,17305569610,22005,96,0.4,1719551,739,2014,2026-02-27,2026-08-11 11:44:00
3,0,OLD,20259583,초속 5센티미터,2026-02-25,91322020,2.5,3775320,4.3,334693220,9061,-175,-1.9,37317,518,1015,2026-02-27,2026-08-11 11:44:00
4,0,NEW,20257744,28년 후: 뼈의 사원,2026-02-27,66348480,1.9,66348480,100.0,68460480,6209,6209,100.0,6401,467,807,2026-02-27,2026-08-11 11:44:00
5,0,OLD,20247457,신의악단,2025-12-31,39658700,1.1,-2884200,-6.8,13087037410,4206,-378,-8.2,1371921,345,421,2026-02-27,2026-08-11 11:44:00
6,-2,OLD,20261181,너자 2,2026-02-25,33725700,0.9,-11439900,-25.3,167934900,3638,-2203,-37.7,19618,256,464,2026-02-27,2026-08-11 11:44:00
7,-1,OLD,20252373,넘버원,2026-02-11,29909340,0.8,-4318230,-12.6,2498177460,3395,-534,-13.6,261206,269,321,2026-02-27,2026-08-11 11:44:00
8,0,NEW,20261621,엔하이픈 [워크 더 라인 썸머 에디션] 인 시네마,2026-02-27,72425000,2.0,72425000,100.0,72425000,2897,2897,100.0,2897,61,117,2026-02-27,2026-08-11 11:44:00
9,-2,OLD,20261208,귀신 부르는 앱: 영,2026-02-18,27740400,0.8,-4641500,-14.3,798972500,2795,-665,-19.2,79489,163,220,2026-02-27,2026-08-11 11:44:00
10,-1,OLD,20250365,햄넷,2026-02-25,27525260,0.8,-501260,-1.8,155562560,2752,-279,-9.2,16904,329,420,2026-02-27,2026-08-11 11:44:00
1,0,OLD,20242837,왕과 사는 남자,2026-02-04,6472569500,82.6,3714487580,134.7,73742894090,655719,377660,135.8,7667180,2165,9758,2026-02-28,2026-08-11 11:44:00
2,0,OLD,20241266,휴민트,2026-02-11,512719970,6.5,287250450,127.4,17818289580,47959,25954,117.9,1767510,816,2018,2026-02-28,2026-08-11 11:44:00
3,0,OLD,20259583,초속 5센티미터,2026-02-25,123604030,1.6,32282010,35.3,458297250,12239,3178,35.1,49556,542,949,2026-02-28,2026-08-11 11:44:00
4,1,OLD,20247457,신의악단,2025-12-31,85942300,1.1,46283600,116.7,13172979710,9281,5075,120.7,1381202,376,474,2026-02-28,2026-08-11 11:44:00
5,1,OLD,20261181,너자 2,2026-02-25,73962300,0.9,40236600,119.3,241897200,7981,4343,119.4,27599,260,476,2026-02-28,2026-08-11 11:44:00
6,-2,OLD,20257744,28년 후: 뼈의 사원,2026-02-27,82634310,1.1,16285830,24.5,151094790,7664,1455,23.4,14065,417,689,2026-02-28,2026-08-11 11:44:00
7,7,OLD,20261450,슬라이드 스트럼 뮤트,2026-02-26,42566000,0.5,31757000,293.8,86099000,4770,3497,274.7,9942,120,166,2026-02-28,2026-08-11 11:44:00
8,2,OLD,20250365,햄넷,2026-02-25,44357880,0.6,16832620,61.2,199920440,4566,1814,65.9,21470,326,407,2026-02-28,2026-08-11 11:44:00
9,0,OLD,20261208,귀신 부르는 앱: 영,2026-02-18,43689500,0.6,15949100,57.5,842662000,4296,1501,53.7,83785,152,202,2026-02-28,2026-08-11 11:44:00
10,-3,OLD,20252373,넘버원,2026-02-11,31987520,0.4,2078180,6.9,2530164980,3401,6,0.2,264607,209,267,2026-02-28,2026-08-11 11:44:00
1,0,OLD,20242837,왕과 사는 남자,2026-02-04,8012476100,83.5,1539906600,23.8,81755370190,817182,161463,24.6,8484362,2170,9709,2026-03-01,2026-08-11 11:43:59
2,0,OLD,20241266,휴민트,2026-02-11,568576780,5.9,55856810,10.9,18386866360,54656,6697,14.0,1822166,784,1786,2026-03-01,2026-08-11 11:43:59
3,0,NEW,20256283,호퍼스,2026-03-04,233985250,2.4,233985250,100.0,244596250,22185,22185,100.0,22996,536,1172,2026-03-01,2026-08-11 11:43:59
4,0,OLD,20247457,신의악단,2025-12-31,99348800,1.0,13406500,15.6,13272328510,10536,1255,13.5,1391738,327,376,2026-03-01,2026-08-11 11:43:59
5,-2,OLD,20259583,초속 5센티미터,2026-02-25,101729040,1.1,-21874990,-17.7,560026290,10031,-2208,-18.0,59587,503,777,2026-03-01,2026-08-11 11:43:59
6,0,OLD,20257744,28년 후: 뼈의 사원,2026-02-27,79966140,0.8,-2668170,-3.2,231060930,7500,-164,-2.1,21565,417,619,2026-03-01,2026-08-11 11:43:59
7,-2,OLD,20261181,너자 2,2026-02-25,72372600,0.8,-1589700,-2.1,314269800,7249,-732,-9.2,34848,242,398,2026-03-01,2026-08-11 11:43:59
8,0,OLD,20250365,햄넷,2026-02-25,43366570,0.5,-991310,-2.2,243287010,4346,-220,-4.8,25816,309,354,2026-03-01,2026-08-11 11:43:59
9,1,OLD,20252373,넘버원,2026-02-11,40535300,0.4,8547780,26.7,2570700280,4180,779,22.9,268787,185,223,2026-03-01,2026-08-11 11:43:59
10,-1,OLD,20261208,귀신 부르는 앱: 영,2026-02-18,39516800,0.4,-4172700,-9.6,882178800,3921,-375,-8.7,87706,136,177,2026-03-01,2026-08-11 11:43:59
1,0,OLD,20242837,왕과 사는 남자,2026-02-04,7031284220,83.4,-981191880,-12.2,88786654410,728915,-88267,-10.8,9213277,2150,9321,2026-03-02,2026-08-11 11:43:58
2,0,OLD,20241266,휴민트,2026-02-11,415209600,4.9,-153367180,-27.0,18802075960,41504,-13152,-24.1,1863670,754,1622,2026-03-02,2026-08-11 11:43:58
3,0,OLD,20256283,호퍼스,2026-03-04,306886650,3.6,72901400,31.2,551482900,29415,7230,32.6,52411,538,1174,2026-03-02,2026-08-11 11:43:58
4,0,OLD,20247457,신의악단,2025-12-31,109752410,1.3,10403610,10.5,13382080920,11210,674,6.4,1402948,287,337,2026-03-02,2026-08-11 11:43:58
5,0,OLD,20259583,초속 5센티미터,2026-02-25,82155150,1.0,-19573890,-19.2,642181440,8164,-1867,-18.6,67751,488,721,2026-03-02,2026-08-11 11:43:58
6,1,OLD,20261181,너자 2,2026-02-25,65029700,0.8,-7342900,-10.1,379299500,6934,-315,-4.3,41782,231,378,2026-03-02,2026-08-11 11:43:58
7,-1,OLD,20257744,28년 후: 뼈의 사원,2026-02-27,53104160,0.6,-26861980,-33.6,284165090,4978,-2522,-33.6,26543,365,514,2026-03-02,2026-08-11 11:43:58
8,0,OLD,20250365,햄넷,2026-02-25,45168550,0.5,1801980,4.2,288455560,4622,276,6.4,30438,292,339,2026-03-02,2026-08-11 11:43:58
9,0,OLD,20252373,넘버원,2026-02-11,38882300,0.5,-1653000,-4.1,2609582580,3950,-230,-5.5,272737,173,207,2026-03-02,2026-08-11 11:43:58
10,0,OLD,20261208,귀신 부르는 앱: 영,2026-02-18,29724000,0.4,-9792800,-24.8,911902800,3325,-596,-15.2,91031,133,168,2026-03-02,2026-08-11 11:43:58
1,0,OLD,20242837,왕과 사는 남자,2026-02-04,1820225790,83.4,-5211058430,-74.1,90606880200,194476,-534439,-73.3,9407753,1800,7489,2026-03-03,2026-08-11 11:43:58
2,0,OLD,20241266,휴민트,2026-02-11,103348800,4.7,-311860800,-75.1,18905424760,10756,-30748,-74.1,1874426,659,1647,2026-03-03,2026-08-11 11:43:58
3,2,OLD,20259583,초속 5센티미터,2026-02-25,32780000,1.5,-49375150,-60.1,674961440,3542,-4622,-56.6,71293,444,748,2026-03-03,2026-08-11 11:43:58
4,3,OLD,20257744,28년 후: 뼈의 사원,2026-02-27,26394760,1.2,-26709400,-50.3,310559850,2632,-2346,-47.1,29175,379,564,2026-03-03,2026-08-11 11:43:58
5,-1,OLD,20247457,신의악단,2025-12-31,20551700,0.9,-89200710,-81.3,13402632620,2242,-8968,-80.0,1405190,295,369,2026-03-03,2026-08-11 11:43:58
6,2,OLD,20250365,햄넷,2026-02-25,20622620,0.9,-24545930,-54.3,309078180,2231,-2391,-51.7,32669,302,390,2026-03-03,2026-08-11 11:43:58
7,2,OLD,20252373,넘버원,2026-02-11,17536040,0.8,-21346260,-54.9,2627118620,2035,-1915,-48.5,274772,191,235,2026-03-03,2026-08-11 11:43:58
8,-2,OLD,20261181,너자 2,2026-02-25,14593700,0.7,-50436000,-77.6,393893200,1840,-5094,-73.5,43622,203,331,2026-03-03,2026-08-11 11:43:58
9,2,OLD,20250428,센티멘탈 밸류,2026-02-18,10367570,0.5,-16685590,-61.7,420302580,1101,-1564,-58.7,42895,101,110,2026-03-03,2026-08-11 11:43:58
10,0,NEW,20258074,아르코,2026-03-11,9387000,0.4,9387000,100.0,25631870,1043,1043,100.0,2665,8,8,2026-03-03,2026-08-11 11:43:58
1,0,OLD,20242837,왕과 사는 남자,2026-02-04,1768402810,74.0,-51822980,-2.8,92375283010,189637,-4839,-2.5,9597390,1633,6464,2026-03-04,2026-08-11 11:43:57
2,0,NEW,20256283,호퍼스,2026-03-04,171315880,7.2,171315880,100.0,722798780,17155,17155,100.0,69566,788,2320,2026-03-04,2026-08-11 11:43:57
3,21,OLD,20258444,브라이드!,2026-03-04,72509440,3.0,67953440,1491.5,77065440,7478,7210,2690.3,7746,399,676,2026-03-04,2026-08-11 11:43:57
4,-2,OLD,20241266,휴민트,2026-02-11,69381720,2.9,-33967080,-32.9,18974806480,6837,-3919,-36.4,1881263,549,932,2026-03-04,2026-08-11 11:43:57
5,0,NEW,20241501,매드 댄스 오피스,2026-03-04,45384560,1.9,45384560,100.0,75342930,5420,5420,100.0,8350,484,885,2026-03-04,2026-08-11 11:43:57
6,0,NEW,20250875,우리는 매일매일,2026-03-04,21068300,0.9,21068300,100.0,26531300,2523,2523,100.0,3130,142,168,2026-03-04,2026-08-11 11:43:57
7,1,OLD,20261181,너자 2,2026-02-25,13898100,0.6,-695600,-4.8,407791300,2512,672,36.5,46134,107,139,2026-03-04,2026-08-11 11:43:57
8,0,NEW,20250413,다이 마이 러브,2026-03-04,17508600,0.7,17508600,100.0,17508600,2164,2164,100.0,2164,115,212,2026-03-04,2026-08-11 11:43:57
9,-3,OLD,20250365,햄넷,2026-02-25,18682300,0.8,-1940320,-9.4,327760480,1979,-252,-11.3,34648,164,196,2026-03-04,2026-08-11 11:43:57
10,9,OLD,20261526,아이엠스타!X프리파라 더 무비 -만남의 기적!-,2026-02-04,17500900,0.7,14304800,447.6,790926800,1754,1441,460.4,75777,53,62,2026-03-04,2026-08-11 11:43:57
1,0,OLD,20242837,왕과 사는 남자,2026-02-04,1676046780,77.2,-92356030,-5.2,94051329790,180529,-9108,-4.8,9777919,1697,6654,2026-03-05,2026-08-11 11:43:56
2,0,OLD,20256283,호퍼스,2026-03-04,116444100,5.4,-54871780,-32.0,839242880,11795,-5360,-31.2,81361,747,2041,2026-03-05,2026-08-11 11:43:56
3,1,OLD,20241266,휴민트,2026-02-11,69377800,3.2,-3920,0.0,19044184280,7105,268,3.9,1888368,542,934,2026-03-05,2026-08-11 11:43:56
4,1,OLD,20241501,매드 댄스 오피스,2026-03-04,32071700,1.5,-13312860,-29.3,107414630,3839,-1581,-29.2,12189,470,815,2026-03-05,2026-08-11 11:43:56
5,-2,OLD,20258444,브라이드!,2026-03-04,32473430,1.5,-40036010,-55.2,109538870,3357,-4121,-55.1,11103,370,600,2026-03-05,2026-08-11 11:43:56
6,1,OLD,20261181,너자 2,2026-02-25,13534300,0.6,-363800,-2.6,421325600,2388,-124,-4.9,48522,110,135,2026-03-05,2026-08-11 11:43:56
7,4,OLD,20247457,신의악단,2025-12-31,16543000,0.8,3474630,26.6,13432243990,1938,345,21.7,1408721,183,209,2026-03-05,2026-08-11 11:43:56
8,-2,OLD,20250875,우리는 매일매일,2026-03-04,15499450,0.7,-5568850,-26.4,42030750,1887,-636,-25.2,5017,125,150,2026-03-05,2026-08-11 11:43:56
9,0,OLD,20250365,햄넷,2026-02-25,16510400,0.8,-2171900,-11.6,344270880,1758,-221,-11.2,36406,175,202,2026-03-05,2026-08-11 11:43:56
10,-2,OLD,20250413,다이 마이 러브,2026-03-04,11753000,0.5,-5755600,-32.9,29261600,1519,-645,-29.8,3683,112,186,2026-03-05,2026-08-11 11:43:56
1,0,OLD,20242837,왕과 사는 남자,2026-02-04,2659703920,80.4,983657140,58.7,96711033710,271738,91209,50.5,10049657,1881,7684,2026-03-06,2026-08-11 11:43:56
2,0,OLD,20256283,호퍼스,2026-03-04,217646930,6.6,101202830,86.9,1056889810,20799,9004,76.3,102160,827,2311,2026-03-06,2026-08-11 11:43:56
3,0,OLD,20241266,휴민트,2026-02-11,102432050,3.1,33054250,47.6,19146616330,9905,2800,39.4,1898273,582,1011,2026-03-06,2026-08-11 11:43:56
4,0,OLD,20241501,매드 댄스 오피스,2026-03-04,34440470,1.0,2368770,7.4,141855100,3915,76,2.0,16104,476,783,2026-03-06,2026-08-11 11:43:56
5,0,OLD,20258444,브라이드!,2026-03-04,30563140,0.9,-1910290,-5.9,140102010,2957,-400,-11.9,14060,357,591,2026-03-06,2026-08-11 11:43:56
6,2,OLD,20250875,우리는 매일매일,2026-03-04,20928400,0.6,5428950,35.0,62959150,2546,659,34.9,7563,134,162,2026-03-06,2026-08-11 11:43:56
7,2,OLD,20250365,햄넷,2026-02-25,23364600,0.7,6854200,41.5,367635480,2337,579,32.9,38743,172,195,2026-03-06,2026-08-11 11:43:56
8,-2,OLD,20261181,너자 2,2026-02-25,11332700,0.3,-2201600,-16.3,432658300,1861,-527,-22.1,50383,110,131,2026-03-06,2026-08-11 11:43:56
9,-2,OLD,20247457,신의악단,2025-12-31,16229340,0.5,-313660,-1.9,13448473330,1658,-280,-14.4,1410379,175,199,2026-03-06,2026-08-11 11:43:56
10,6,OLD,20250428,센티멘탈 밸류,2026-02-18,15385100,0.5,7592160,97.4,452338520,1498,693,86.1,46149,87,100,2026-03-06,2026-08-11 11:43:56
1,0,OLD,20242837,왕과 사는 남자,2026-02-04,7435162890,80.4,4775458970,179.5,104146196600,754518,482780,177.7,10804175,2171,9535,2026-03-07,2026-08-11 11:43:55
2,0,OLD,20256283,호퍼스,2026-03-04,1042505710,11.3,824858780,379.0,2099395520,107039,86240,414.6,209199,1011,3247,2026-03-07,2026-08-11 11:43:55
3,0,OLD,20241266,휴민트,2026-02-11,195125670,2.1,92693620,90.5,19341742000,18428,8523,86.0,1916701,519,896,2026-03-07,2026-08-11 11:43:55
4,0,OLD,20241501,매드 댄스 오피스,2026-03-04,55754510,0.6,21314040,61.9,197609610,5971,2056,52.5,22075,456,602,2026-03-07,2026-08-11 11:43:55
5,4,OLD,20247457,신의악단,2025-12-31,40983050,0.4,24753710,152.5,13489456380,4538,2880,173.7,1414917,167,195,2026-03-07,2026-08-11 11:43:55
6,1,OLD,20250365,햄넷,2026-02-25,31239980,0.3,7875380,33.7,398875460,3076,739,31.6,41819,149,161,2026-03-07,2026-08-11 11:43:55
7,-2,OLD,20258444,브라이드!,2026-03-04,35145800,0.4,4582660,15.0,175247810,3040,83,2.8,17100,337,439,2026-03-07,2026-08-11 11:43:55
8,20,OLD,20252373,넘버원,2026-02-11,36624100,0.4,34147000,1378.5,2670358320,2940,2703,1140.5,278409,65,74,2026-03-07,2026-08-11 11:43:55
9,-1,OLD,20261181,너자 2,2026-02-25,20267600,0.2,8934900,78.8,452925900,2894,1033,55.5,53277,98,113,2026-03-07,2026-08-11 11:43:55
10,1,OLD,20259583,초속 5센티미터,2026-02-25,26940000,0.3,11545930,75.0,739836710,2637,1200,83.5,77609,189,214,2026-03-07,2026-08-11 11:43:55
1,0,OLD,20242837,왕과 사는 남자,2026-02-04,6865592080,80.2,-569570810,-7.7,111011788680,699459,-55059,-7.3,11503634,2187,9211,2026-03-08,2026-08-11 11:43:54
2,0,OLD,20256283,호퍼스,2026-03-04,1028662540,12.0,-13843170,-1.3,3128058060,105977,-1062,-1.0,315176,1013,3157,2026-03-08,2026-08-11 11:43:54
3,0,OLD,20241266,휴민트,2026-02-11,163953580,1.9,-31172090,-16.0,19505695580,15497,-2931,-15.9,1932198,515,836,2026-03-08,2026-08-11 11:43:54
4,1,OLD,20247457,신의악단,2025-12-31,49917500,0.6,8934450,21.8,13539373880,5719,1181,26.0,1420636,168,189,2026-03-08,2026-08-11 11:43:54
5,-1,OLD,20241501,매드 댄스 오피스,2026-03-04,44771440,0.5,-10983070,-19.7,242381050,4898,-1073,-18.0,26973,428,547,2026-03-08,2026-08-11 11:43:54
6,3,OLD,20261181,너자 2,2026-02-25,26086900,0.3,5819300,28.7,479012800,3831,937,32.4,57108,102,115,2026-03-08,2026-08-11 11:43:54
7,-1,OLD,20250365,햄넷,2026-02-25,29108570,0.3,-2131410,-6.8,427984030,2823,-253,-8.2,44642,145,159,2026-03-08,2026-08-11 11:43:54
8,2,OLD,20259583,초속 5센티미터,2026-02-25,26111480,0.3,-828520,-3.1,765948190,2531,-106,-4.0,80140,194,219,2026-03-08,2026-08-11 11:43:54
9,9,OLD,19980089,굿 윌 헌팅,1998-03-21,31714900,0.4,16518800,108.7,450461200,2480,1037,71.9,55957,89,104,2026-03-08,2026-08-11 11:43:54
10,-3,OLD,20258444,브라이드!,2026-03-04,24900000,0.3,-10245800,-29.2,200147810,2225,-815,-26.8,19325,297,380,2026-03-08,2026-08-11 11:43:54
1,0,OLD,20242837,왕과 사는 남자,2026-02-04,1903659490,83.9,-4961932590,-72.3,112915448170,203138,-496321,-71.0,11706772,1816,7356,2026-03-09,2026-08-11 11:43:54
2,0,OLD,20256283,호퍼스,2026-03-04,114331050,5.0,-914331490,-88.9,3242389110,11332,-94645,-89.3,326508,690,1835,2026-03-09,2026-08-11 11:43:54
3,0,OLD,20241266,휴민트,2026-02-11,57277220,2.5,-106676360,-65.1,19562972800,5633,-9864,-63.7,1937831,509,865,2026-03-09,2026-08-11 11:43:54
4,1,OLD,20241501,매드 댄스 오피스,2026-03-04,17319500,0.8,-27451940,-61.3,259700550,2025,-2873,-58.7,28998,368,488,2026-03-09,2026-08-11 11:43:54
5,3,OLD,20259583,초속 5센티미터,2026-02-25,16330000,0.7,-9781480,-37.5,782278190,1793,-738,-29.2,81933,202,236,2026-03-09,2026-08-11 11:43:54
6,1,OLD,20250365,햄넷,2026-02-25,14201300,0.6,-14907270,-51.2,442185330,1450,-1373,-48.6,46092,153,178,2026-03-09,2026-08-11 11:43:54
7,3,OLD,20258444,브라이드!,2026-03-04,12243470,0.5,-12656530,-50.8,212391280,1286,-939,-42.2,20611,277,366,2026-03-09,2026-08-11 11:43:54
8,-4,OLD,20247457,신의악단,2025-12-31,11442470,0.5,-38475030,-77.1,13550816350,1245,-4474,-78.2,1421881,163,188,2026-03-09,2026-08-11 11:43:54
9,9,OLD,20261694,투어스 브이알 콘서트 : 러쉬로드,2026-03-04,37280000,1.6,-1344000,-3.5,214855500,1165,-42,-3.5,6830,1,8,2026-03-09,2026-08-11 11:43:54
10,2,OLD,20250428,센티멘탈 밸류,2026-02-18,9445770,0.4,-10696250,-53.1,505741210,979,-1039,-51.5,51402,74,86,2026-03-09,2026-08-11 11:43:54
1,0,OLD,20242837,왕과 사는 남자,2026-02-04,1649354860,80.7,-254304630,-13.4,114564803030,177177,-25961,-12.8,11883949,1860,7464,2026-03-10,2026-08-11 11:43:53
2,0,OLD,20256283,호퍼스,2026-03-04,102448680,5.0,-11882370,-10.4,3344837790,10263,-1069,-9.4,336771,692,1786,2026-03-10,2026-08-11 11:43:53
3,0,OLD,20241266,휴민트,2026-02-11,54518800,2.7,-2758420,-4.8,19617491600,5358,-275,-4.9,1943189,515,869,2026-03-10,2026-08-11 11:43:53
4,0,OLD,20241501,매드 댄스 오피스,2026-03-04,35450600,1.7,18131100,104.7,295151150,4297,2272,112.2,33295,423,597,2026-03-10,2026-08-11 11:43:53
5,0,OLD,20259583,초속 5센티미터,2026-02-25,23917440,1.2,7587440,46.5,806195630,2738,945,52.7,84671,221,267,2026-03-10,2026-08-11 11:43:53
6,1,OLD,20258444,브라이드!,2026-03-04,16205710,0.8,3962240,32.4,228596990,1844,558,43.4,22455,299,405,2026-03-10,2026-08-11 11:43:53
7,1,OLD,20247457,신의악단,2025-12-31,14637600,0.7,3195130,27.9,13565453950,1676,431,34.6,1423557,178,198,2026-03-10,2026-08-11 11:43:53
8,-2,OLD,20250365,햄넷,2026-02-25,14127800,0.7,-73500,-0.5,456313130,1493,43,3.0,47585,163,193,2026-03-10,2026-08-11 11:43:53
9,2,OLD,20249843,우리에게는 아직 내일이 있다,2026-03-04,6996400,0.3,1423100,25.5,78555880,1183,444,60.1,9319,84,104,2026-03-10,2026-08-11 11:43:53
10,4,OLD,20250875,우리는 매일매일,2026-03-04,8629100,0.4,3588700,71.2,99736950,1030,460,80.7,11794,101,116,2026-03-10,2026-08-11 11:43:53
1,0,OLD,20242837,왕과 사는 남자,2026-02-04,1589208240,73.7,-60146620,-3.6,116154011270,171419,-5758,-3.2,12055368,1934,7926,2026-03-11,2026-08-11 11:43:52
2,0,OLD,20256283,호퍼스,2026-03-04,114041000,5.3,11592320,11.3,3458878790,11605,1342,13.1,348376,659,1588,2026-03-11,2026-08-11 11:43:52
3,0,NEW,20232662,삼악도,2026-03-11,94075600,4.4,94075600,100.0,99780600,11184,11184,100.0,11999,225,819,2026-03-11,2026-08-11 11:43:52
4,0,NEW,20254501,F1 더 무비,2025-06-25,84644760,3.9,84644760,100.0,55026339130,6406,6406,100.0,5221391,164,541,2026-03-11,2026-08-11 11:43:52
5,-2,OLD,20241266,휴민트,2026-02-11,38687540,1.8,-15831260,-29.0,19656179140,4150,-1208,-22.5,1947339,434,649,2026-03-11,2026-08-11 11:43:52
6,0,NEW,20060033,오만과 편견,2006-03-24,29092900,1.3,29092900,100.0,5560337100,2865,2865,100.0,887914,151,303,2026-03-11,2026-08-11 11:43:52
7,81,OLD,20258074,아르코,2026-03-11,20638500,1.0,20596500,49039.3,82425170,2528,2523,50460.0,9162,233,285,2026-03-11,2026-08-11 11:43:52
8,-4,OLD,20241501,매드 댄스 오피스,2026-03-04,17048300,0.8,-18402300,-51.9,312199450,2088,-2209,-51.4,35383,252,299,2026-03-11,2026-08-11 11:43:52
9,8,OLD,20261181,너자 2,2026-02-25,8308100,0.4,4923400,145.5,492847500,1533,1203,364.5,59179,67,77,2026-03-11,2026-08-11 11:43:52
10,-5,OLD,20259583,초속 5센티미터,2026-02-25,11778800,0.5,-12138640,-50.8,817974430,1355,-1383,-50.5,86026,106,125,2026-03-11,2026-08-11 11:43:52
1,0,OLD,20242837,왕과 사는 남자,2026-02-04,1475728440,76.3,-113479800,-7.1,117629739710,158644,-12775,-7.5,12214012,1955,7839,2026-03-12,2026-08-11 11:43:52
2,0,OLD,20256283,호퍼스,2026-03-04,94689790,4.9,-19351210,-17.0,3553568580,9567,-2038,-17.6,357943,649,1467,2026-03-12,2026-08-11 11:43:52
3,0,OLD,20232662,삼악도,2026-03-11,62202000,3.2,-31873600,-33.9,161982600,7228,-3956,-35.4,19227,235,742,2026-03-12,2026-08-11 11:43:52
4,0,OLD,20254501,F1 더 무비,2025-06-25,72087820,3.7,-12556940,-14.8,55098426950,5337,-1069,-16.7,5226728,163,530,2026-03-12,2026-08-11 11:43:52
5,0,OLD,20241266,휴민트,2026-02-11,38399330,2.0,-288210,-0.7,19694578470,3955,-195,-4.7,1951294,433,643,2026-03-12,2026-08-11 11:43:52
6,2,OLD,20241501,매드 댄스 오피스,2026-03-04,19439200,1.0,2390900,14.0,331638650,2220,132,6.3,37603,248,299,2026-03-12,2026-08-11 11:43:52
7,-1,OLD,20060033,오만과 편견,2006-03-24,20395900,1.1,-8697000,-29.9,5580733000,2057,-808,-28.2,889971,159,311,2026-03-12,2026-08-11 11:43:52
8,-1,OLD,20258074,아르코,2026-03-11,12012160,0.6,-8626340,-41.8,94437330,1451,-1077,-42.6,10613,222,263,2026-03-12,2026-08-11 11:43:52
9,7,OLD,20247457,신의악단,2025-12-31,8996200,0.5,1244400,16.1,13582201950,1029,150,17.1,1425465,119,145,2026-03-12,2026-08-11 11:43:52
10,0,OLD,20259583,초속 5센티미터,2026-02-25,9059500,0.5,-2719300,-23.1,827033930,1014,-341,-25.2,87040,97,110,2026-03-12,2026-08-11 11:43:52
1,0,OLD,20242837,왕과 사는 남자,2026-02-04,2180344160,75.6,704615720,47.7,119810083870,221367,62723,39.5,12435379,2036,8880,2026-03-13,2026-08-11 11:43:51
2,0,OLD,20256283,호퍼스,2026-03-04,178612510,6.2,83922720,88.6,3732181090,17445,7878,82.3,375388,673,1773,2026-03-13,2026-08-11 11:43:51
3,0,OLD,20232662,삼악도,2026-03-11,83118200,2.9,20916200,33.6,245100800,8864,1636,22.6,28091,225,747,2026-03-13,2026-08-11 11:43:51
4,0,OLD,20254501,F1 더 무비,2025-06-25,99100390,3.4,27012570,37.5,55197527340,6977,1640,30.7,5233705,159,415,2026-03-13,2026-08-11 11:43:51
5,0,OLD,20241266,휴민트,2026-02-11,43145400,1.5,4746070,12.4,19737723870,4308,353,8.9,1955602,435,655,2026-03-13,2026-08-11 11:43:51
6,0,NEW,20253101,극장판 진격의 거인 완결편 더 라스트 어택,2025-03-13,55774550,1.9,55774550,100.0,9837135420,4225,4225,100.0,954489,16,52,2026-03-13,2026-08-11 11:43:51
7,0,OLD,20060033,오만과 편견,2006-03-24,26971100,0.9,6575200,32.2,5607704100,2466,409,19.9,892437,148,294,2026-03-13,2026-08-11 11:43:51
8,-2,OLD,20241501,매드 댄스 오피스,2026-03-04,16976200,0.6,-2463000,-12.7,348614850,2012,-208,-9.4,39615,254,294,2026-03-13,2026-08-11 11:43:51
9,0,NEW,20241575,메소드연기,2026-03-18,16794000,0.6,16794000,100.0,20487000,1866,1866,100.0,2229,6,7,2026-03-13,2026-08-11 11:43:51
10,-1,OLD,20247457,신의악단,2025-12-31,12047300,0.4,3051100,33.9,13594249250,1337,308,29.9,1426802,118,140,2026-03-13,2026-08-11 11:43:51
1,0,OLD,20242837,왕과 사는 남자,2026-02-04,5491509500,77.2,3311165340,151.9,125301593370,554177,332810,150.3,12989556,2262,10416,2026-03-14,2026-08-11 11:43:50
2,0,OLD,20256283,호퍼스,2026-03-04,793085070,11.2,614472560,344.0,4525266160,79884,62439,357.9,455272,918,2815,2026-03-14,2026-08-11 11:43:50
3,0,OLD,20232662,삼악도,2026-03-11,156099300,2.2,72981100,87.8,401200100,15934,7070,79.8,44025,226,666,2026-03-14,2026-08-11 11:43:50
4,0,OLD,20254501,F1 더 무비,2025-06-25,199755150,2.8,100654760,101.6,55397282490,14269,7292,104.5,5247974,166,398,2026-03-14,2026-08-11 11:43:50
5,0,OLD,20241266,휴민트,2026-02-11,66986620,0.9,23841220,55.3,19804710490,6640,2332,54.1,1962242,361,521,2026-03-14,2026-08-11 11:43:50
6,0,OLD,20253101,극장판 진격의 거인 완결편 더 라스트 어택,2025-03-13,47157200,0.7,-8617350,-15.5,9884292620,3637,-588,-13.9,958126,16,41,2026-03-14,2026-08-11 11:43:50
7,0,OLD,20060033,오만과 편견,2006-03-24,31779600,0.4,4808500,17.8,5639483700,3026,560,22.7,895463,177,278,2026-03-14,2026-08-11 11:43:50
8,4,OLD,20250428,센티멘탈 밸류,2026-02-18,23300400,0.3,9974300,74.8,569587410,2268,1006,79.7,57767,71,81,2026-03-14,2026-08-11 11:43:50
9,-1,OLD,20241501,매드 댄스 오피스,2026-03-04,16753860,0.2,-222340,-1.3,365368710,1905,-107,-5.3,41520,184,220,2026-03-14,2026-08-11 11:43:50
10,0,OLD,20247457,신의악단,2025-12-31,16826110,0.2,4778810,39.7,13611075360,1775,438,32.8,1428577,104,119,2026-03-14,2026-08-11 11:43:50
1,0,OLD,20242837,왕과 사는 남자,2026-02-04,4706514140,75.7,-784995360,-14.3,130008107510,478133,-76044,-13.7,13467689,2223,9908,2026-03-15,2026-08-11 11:43:50
2,0,OLD,20256283,호퍼스,2026-03-04,744129560,12.0,-48955510,-6.2,5269395720,75888,-3996,-5.0,531160,931,2731,2026-03-15,2026-08-11 11:43:50
3,0,OLD,20232662,삼악도,2026-03-11,129347900,2.1,-26751400,-17.1,530548000,13360,-2574,-16.2,57385,221,639,2026-03-15,2026-08-11 11:43:50
4,0,OLD,20254501,F1 더 무비,2025-06-25,183256340,2.9,-16498810,-8.3,55580538830,13235,-1034,-7.2,5261209,168,382,2026-03-15,2026-08-11 11:43:50
5,0,OLD,20241266,휴민트,2026-02-11,53996480,0.9,-12990140,-19.4,19858706970,5359,-1281,-19.3,1967601,350,495,2026-03-15,2026-08-11 11:43:50
6,4,OLD,20247457,신의악단,2025-12-31,31584200,0.5,14758090,87.7,13642659560,3596,1821,102.6,1432173,113,128,2026-03-15,2026-08-11 11:43:50
7,-1,OLD,20253101,극장판 진격의 거인 완결편 더 라스트 어택,2025-03-13,35692840,0.6,-11464360,-24.3,9919985460,2819,-818,-22.5,960945,16,38,2026-03-15,2026-08-11 11:43:50
8,-1,OLD,20060033,오만과 편견,2006-03-24,27953100,0.4,-3826500,-12.0,5667436800,2649,-377,-12.5,898112,174,254,2026-03-15,2026-08-11 11:43:50
9,4,OLD,20261927,스페셜즈,2026-03-13,26463300,0.4,7659900,40.7,47870800,2032,670,49.2,3673,38,46,2026-03-15,2026-08-11 11:43:50
10,-2,OLD,20250428,센티멘탈 밸류,2026-02-18,20194020,0.3,-3106380,-13.3,589781430,1940,-328,-14.5,59707,60,73,2026-03-15,2026-08-11 11:43:50
1,0,OLD,20242837,왕과 사는 남자,2026-02-04,1264396430,79.8,-3442117710,-73.1,131272503940,133935,-344198,-72.0,13601624,1946,8102,2026-03-16,2026-08-11 11:43:49
2,0,OLD,20256283,호퍼스,2026-03-04,82666840,5.2,-661462720,-88.9,5352062560,8186,-67702,-89.2,539346,598,1436,2026-03-16,2026-08-11 11:43:49
3,0,OLD,20232662,삼악도,2026-03-11,37192600,2.3,-92155300,-71.2,567740600,3743,-9617,-72.0,61128,228,638,2026-03-16,2026-08-11 11:43:49
4,1,OLD,20241266,휴민트,2026-02-11,33889800,2.1,-20106680,-37.2,19892596770,3285,-2074,-38.7,1970886,429,670,2026-03-16,2026-08-11 11:43:49
5,3,OLD,20060033,오만과 편견,2006-03-24,14318700,0.9,-13634400,-48.8,5681755500,1410,-1239,-46.8,899522,144,301,2026-03-16,2026-08-11 11:43:49
6,7,OLD,20241501,매드 댄스 오피스,2026-03-04,9509000,0.6,-5286400,-35.7,389673110,1220,-570,-31.8,44530,206,257,2026-03-16,2026-08-11 11:43:49
7,7,OLD,20250365,햄넷,2026-02-25,9790870,0.6,-7104830,-42.1,530055400,1015,-679,-40.1,55081,82,91,2026-03-16,2026-08-11 11:43:49
8,8,OLD,20261694,투어스 브이알 콘서트 : 러쉬로드,2026-03-04,30656000,1.9,-7904000,-20.5,451495500,958,-247,-20.5,14225,1,8,2026-03-16,2026-08-11 11:43:49
9,1,OLD,20250428,센티멘탈 밸류,2026-02-18,8307700,0.5,-11886320,-58.9,598089130,858,-1082,-55.8,60565,58,70,2026-03-16,2026-08-11 11:43:49
10,-4,OLD,20247457,신의악단,2025-12-31,7677400,0.5,-23906800,-75.7,13650336960,851,-2745,-76.3,1433024,123,140,2026-03-16,2026-08-11 11:43:49
1,0,OLD,20242837,왕과 사는 남자,2026-02-04,1132734240,77.9,-131662190,-10.4,132405238180,120443,-13492,-10.1,13722067,1969,8121,2026-03-17,2026-08-11 11:43:49
2,0,OLD,20256283,호퍼스,2026-03-04,83727090,5.8,1060250,1.3,5435789650,8474,288,3.5,547820,625,1452,2026-03-17,2026-08-11 11:43:49
3,0,OLD,20232662,삼악도,2026-03-11,39911800,2.7,2719200,7.3,607652400,4555,812,21.7,65683,232,628,2026-03-17,2026-08-11 11:43:49
4,0,OLD,20241266,휴민트,2026-02-11,35252100,2.4,1362300,4.0,19927848870,3371,86,2.6,1974257,423,668,2026-03-17,2026-08-11 11:43:49
5,0,OLD,20060033,오만과 편견,2006-03-24,12809000,0.9,-1509700,-10.5,5694564500,1270,-140,-9.9,900792,144,287,2026-03-17,2026-08-11 11:43:49
6,4,OLD,20247457,신의악단,2025-12-31,10250600,0.7,2573200,33.5,13660587560,1159,308,36.2,1434183,132,153,2026-03-17,2026-08-11 11:43:49
7,0,OLD,20250365,햄넷,2026-02-25,11109600,0.8,1318730,13.5,541165000,1150,135,13.3,56231,80,97,2026-03-17,2026-08-11 11:43:49
8,1,OLD,20250428,센티멘탈 밸류,2026-02-18,10087500,0.7,1779800,21.4,608176630,1051,193,22.5,61616,70,81,2026-03-17,2026-08-11 11:43:49
9,5,OLD,20258074,아르코,2026-03-11,7518800,0.5,2889600,62.4,137222860,990,415,72.2,15533,176,199,2026-03-17,2026-08-11 11:43:49
10,-4,OLD,20241501,매드 댄스 오피스,2026-03-04,7008100,0.5,-2500900,-26.3,396681210,899,-321,-26.3,45429,199,237,2026-03-17,2026-08-11 11:43:49
1,0,OLD,20242837,왕과 사는 남자,2026-02-04,1153768800,49.2,21034560,1.9,133559006980,124102,3659,3.0,13846169,1533,6026,2026-03-18,2026-08-11 11:43:48
2,31,OLD,20261782,프로젝트 헤일메리,2026-03-18,849106500,36.2,847972500,74777.1,881072030,76003,75877,60219.8,78054,1331,4086,2026-03-18,2026-08-11 11:43:48
3,0,NEW,20241575,메소드연기,2026-03-18,70933270,3.0,70933270,100.0,108735840,8268,8268,100.0,11856,519,779,2026-03-18,2026-08-11 11:43:48
4,-2,OLD,20256283,호퍼스,2026-03-04,49898700,2.1,-33828390,-40.4,5485688350,5207,-3267,-38.6,553027,426,594,2026-03-18,2026-08-11 11:43:48
5,13,OLD,20261804,폭탄,2026-03-18,26120100,1.1,23103100,765.8,35724100,3783,3352,777.7,5155,175,312,2026-03-18,2026-08-11 11:43:48
6,-3,OLD,20232662,삼악도,2026-03-11,22311700,1.0,-17600100,-44.1,629964100,2485,-2070,-45.4,68168,190,253,2026-03-18,2026-08-11 11:43:48
7,0,NEW,20138661,케이온,2013-06-13,17596100,0.8,17596100,100.0,294168031,1595,1595,100.0,31597,50,58,2026-03-18,2026-08-11 11:43:48
8,0,NEW,20261437,녹나무의 파수꾼,2026-03-18,14408160,0.6,14408160,100.0,14408160,1548,1548,100.0,1548,305,469,2026-03-18,2026-08-11 11:43:48
9,0,NEW,19950084,쇼생크 탈출,1995-02-04,11844500,0.5,11844500,100.0,509311486,1168,1168,100.0,58777,52,65,2026-03-18,2026-08-11 11:43:48
10,5,OLD,20080356,"파리, 텍사스",1987-08-29,9558600,0.4,4755500,99.0,91020000,1019,579,131.6,8940,29,29,2026-03-18,2026-08-11 11:43:48
1,0,OLD,20242837,왕과 사는 남자,2026-02-04,1002153910,52.4,-151614890,-13.1,134561160890,107184,-16918,-13.6,13953353,1563,6045,2026-03-19,2026-08-11 11:43:47
2,0,OLD,20261782,프로젝트 헤일메리,2026-03-18,613563010,32.1,-235543490,-27.7,1494635040,53227,-22776,-30.0,131281,1321,3977,2026-03-19,2026-08-11 11:43:47
3,0,OLD,20241575,메소드연기,2026-03-18,60543900,3.2,-10389370,-14.6,169279740,6991,-1277,-15.4,18847,513,761,2026-03-19,2026-08-11 11:43:47
4,0,OLD,20256283,호퍼스,2026-03-04,44784540,2.3,-5114160,-10.2,5530472890,4621,-586,-11.3,557648,422,606,2026-03-19,2026-08-11 11:43:47
5,0,OLD,20261804,폭탄,2026-03-18,21949100,1.1,-4171000,-16.0,57673200,3194,-589,-15.6,8349,176,312,2026-03-19,2026-08-11 11:43:47
6,0,OLD,20232662,삼악도,2026-03-11,21249100,1.1,-1062600,-4.8,651213200,2543,58,2.3,70711,182,254,2026-03-19,2026-08-11 11:43:47
7,5,OLD,20060033,오만과 편견,2006-03-24,13114600,0.7,4844400,58.6,5715949300,1285,484,60.4,902878,82,120,2026-03-19,2026-08-11 11:43:47
8,0,OLD,20261437,녹나무의 파수꾼,2026-03-18,10394400,0.5,-4013760,-27.9,24802560,1120,-428,-27.6,2668,270,389,2026-03-19,2026-08-11 11:43:47
9,2,OLD,20261694,투어스 브이알 콘서트 : 러쉬로드,2026-03-04,27232000,1.4,-1600000,-5.5,531303500,851,-50,-5.5,16719,1,8,2026-03-19,2026-08-11 11:43:47
10,-1,OLD,19950084,쇼생크 탈출,1995-02-04,8293100,0.4,-3551400,-30.0,517604586,814,-354,-30.3,59591,55,67,2026-03-19,2026-08-11 11:43:47
1,0,OLD,20242837,왕과 사는 남자,2026-02-04,1461726280,51.3,459572370,45.9,136022887170,147734,40550,37.8,14101087,1607,6633,2026-03-20,2026-08-11 11:43:47
2,0,OLD,20261782,프로젝트 헤일메리,2026-03-18,951209620,33.4,337646610,55.0,2445844660,79303,26076,49.0,210584,1337,4166,2026-03-20,2026-08-11 11:43:47
3,1,OLD,20256283,호퍼스,2026-03-04,83407400,2.9,38622860,86.2,5613880290,8278,3657,79.1,565926,482,734,2026-03-20,2026-08-11 11:43:47
4,17,OLD,20253101,극장판 진격의 거인 완결편 더 라스트 어택,2025-03-13,87469500,3.1,84304100,2663.3,10030091660,6712,6463,2595.6,969475,60,130,2026-03-20,2026-08-11 11:43:47
5,-2,OLD,20241575,메소드연기,2026-03-18,59225120,2.1,-1318780,-2.2,228504860,6511,-480,-6.9,25358,514,731,2026-03-20,2026-08-11 11:43:47
6,0,OLD,20232662,삼악도,2026-03-11,28542000,1.0,7292900,34.3,679755200,3011,468,18.4,73722,196,286,2026-03-20,2026-08-11 11:43:47
7,-2,OLD,20261804,폭탄,2026-03-18,22589900,0.8,640800,2.9,80263100,2918,-276,-8.6,11267,185,309,2026-03-20,2026-08-11 11:43:47
8,-1,OLD,20060033,오만과 편견,2006-03-24,14219900,0.5,1105300,8.4,5730169200,1290,5,0.4,904168,90,131,2026-03-20,2026-08-11 11:43:47
9,-1,OLD,20261437,녹나무의 파수꾼,2026-03-18,9758420,0.3,-635980,-6.1,34560980,1044,-76,-6.8,3712,281,381,2026-03-20,2026-08-11 11:43:47
10,0,OLD,19950084,쇼생크 탈출,1995-02-04,10877200,0.4,2584100,31.2,528481786,987,173,21.3,60578,52,68,2026-03-20,2026-08-11 11:43:47
1,0,OLD,20242837,왕과 사는 남자,2026-02-04,3442266110,52.2,1980539830,135.5,139465153280,346538,198804,134.6,14447625,1725,7465,2026-03-21,2026-08-11 11:43:46
2,0,OLD,20261782,프로젝트 헤일메리,2026-03-18,2180500350,33.0,1229290730,129.2,4626345010,190040,110737,139.6,400624,1325,4284,2026-03-21,2026-08-11 11:43:46
3,0,OLD,20256283,호퍼스,2026-03-04,391199800,5.9,307792400,369.0,6005080090,40650,32372,391.1,606576,726,1594,2026-03-21,2026-08-11 11:43:46
4,0,OLD,20253101,극장판 진격의 거인 완결편 더 라스트 어택,2025-03-13,127986000,1.9,40516500,46.3,10158077660,10157,3445,51.3,979632,60,139,2026-03-21,2026-08-11 11:43:46
5,0,OLD,20241575,메소드연기,2026-03-18,98243430,1.5,39018310,65.9,326748290,9772,3261,50.1,35130,482,670,2026-03-21,2026-08-11 11:43:46
6,0,OLD,20232662,삼악도,2026-03-11,43231500,0.7,14689500,51.5,722986700,4403,1392,46.2,78125,181,254,2026-03-21,2026-08-11 11:43:46
7,0,OLD,20261804,폭탄,2026-03-18,30445800,0.5,7855900,34.8,110708900,3707,789,27.0,14974,170,269,2026-03-21,2026-08-11 11:43:46
8,0,NEW,20261906,명탐정 코난: 세기말의 마술사,2026-03-27,29055600,0.4,29055600,100.0,29055600,2186,2186,100.0,2186,13,15,2026-03-21,2026-08-11 11:43:46
9,0,OLD,20261437,녹나무의 파수꾼,2026-03-18,19450600,0.3,9692180,99.3,54011580,1979,935,89.6,5691,265,307,2026-03-21,2026-08-11 11:43:46
10,0,OLD,19950084,쇼생크 탈출,1995-02-04,16139900,0.2,5262700,48.4,544621686,1394,407,41.2,61972,55,60,2026-03-21,2026-08-11 11:43:46
1,0,OLD,20242837,왕과 사는 남자,2026-02-04,3056861030,52.7,-385405080,-11.2,142522014310,309383,-37155,-10.7,14757008,1714,7133,2026-03-22,2026-08-11 11:43:45
2,0,OLD,20261782,프로젝트 헤일메리,2026-03-18,1823666390,31.4,-356833960,-16.4,6450011400,160739,-29301,-15.4,561363,1332,4089,2026-03-22,2026-08-11 11:43:45
3,0,OLD,20256283,호퍼스,2026-03-04,382901380,6.6,-8298420,-2.1,6387981470,39852,-798,-2.0,646428,724,1563,2026-03-22,2026-08-11 11:43:45
4,0,OLD,20253101,극장판 진격의 거인 완결편 더 라스트 어택,2025-03-13,120377700,2.1,-7608300,-5.9,10278455360,9782,-375,-3.7,989414,60,141,2026-03-22,2026-08-11 11:43:45
5,0,OLD,20241575,메소드연기,2026-03-18,86146000,1.5,-12097430,-12.3,412894290,8592,-1180,-12.1,43722,482,645,2026-03-22,2026-08-11 11:43:45
6,0,OLD,20232662,삼악도,2026-03-11,39460900,0.7,-3770600,-8.7,762447600,4432,29,0.7,82557,185,250,2026-03-22,2026-08-11 11:43:45
7,0,OLD,20261804,폭탄,2026-03-18,28625600,0.5,-1820200,-6.0,139334500,3640,-67,-1.8,18614,175,258,2026-03-22,2026-08-11 11:43:45
8,2,OLD,19950084,쇼생크 탈출,1995-02-04,34805500,0.6,18665600,115.6,579427186,2579,1185,85.0,64551,56,60,2026-03-22,2026-08-11 11:43:45
9,10,OLD,20247457,신의악단,2025-12-31,18071170,0.3,10091970,126.5,13700927930,2112,1245,143.6,1438794,56,60,2026-03-22,2026-08-11 11:43:45
10,-1,OLD,20261437,녹나무의 파수꾼,2026-03-18,18392200,0.3,-1058400,-5.4,72403780,1908,-71,-3.6,7599,252,285,2026-03-22,2026-08-11 11:43:45
1,0,OLD,20242837,왕과 사는 남자,2026-02-04,815636140,53.8,-2241224890,-73.3,143337650450,85889,-223494,-72.2,14842897,1516,6055,2026-03-23,2026-08-11 11:43:45
2,0,OLD,20261782,프로젝트 헤일메리,2026-03-18,501860020,33.1,-1321806370,-72.5,6951871420,42609,-118130,-73.5,603972,1237,3567,2026-03-23,2026-08-11 11:43:45
3,0,OLD,20256283,호퍼스,2026-03-04,37730550,2.5,-345170830,-90.1,6425712020,3858,-35994,-90.3,650286,413,595,2026-03-23,2026-08-11 11:43:45
4,1,OLD,20241575,메소드연기,2026-03-18,24631200,1.6,-61514800,-71.4,437525490,2773,-5819,-67.7,46495,414,575,2026-03-23,2026-08-11 11:43:45
5,-1,OLD,20253101,극장판 진격의 거인 완결편 더 라스트 어택,2025-03-13,29564900,1.9,-90812800,-75.4,10308020260,2411,-7371,-75.4,991825,58,133,2026-03-23,2026-08-11 11:43:45
6,0,OLD,20232662,삼악도,2026-03-11,11675300,0.8,-27785600,-70.4,774122900,1076,-3356,-75.7,83633,160,209,2026-03-23,2026-08-11 11:43:45
7,0,OLD,20261804,폭탄,2026-03-18,8972700,0.6,-19652900,-68.7,148307200,895,-2745,-75.4,19509,160,240,2026-03-23,2026-08-11 11:43:45
8,5,OLD,20261694,투어스 브이알 콘서트 : 러쉬로드,2026-03-04,19520000,1.3,-20096000,-50.7,662311500,610,-628,-50.7,20813,1,8,2026-03-23,2026-08-11 11:43:45
9,9,OLD,20060033,오만과 편견,2006-03-24,5369100,0.4,-4093700,-43.3,5757937300,535,-331,-38.2,906766,80,119,2026-03-23,2026-08-11 11:43:45
10,0,OLD,20261437,녹나무의 파수꾼,2026-03-18,4948160,0.3,-13444040,-73.1,77351940,534,-1374,-72.0,8133,208,243,2026-03-23,2026-08-11 11:43:45
1,0,OLD,20242837,왕과 사는 남자,2026-02-04,733675220,51.1,-81960920,-10.0,144071325670,78589,-7300,-8.5,14921486,1550,6041,2026-03-24,2026-08-11 11:43:44
2,0,OLD,20261782,프로젝트 헤일메리,2026-03-18,466788900,32.5,-35071120,-7.0,7418660320,40107,-2502,-5.9,644079,1273,3591,2026-03-24,2026-08-11 11:43:44
3,0,OLD,20256283,호퍼스,2026-03-04,39292200,2.7,1561650,4.1,6465004220,4279,421,10.9,654565,422,601,2026-03-24,2026-08-11 11:43:44
4,0,OLD,20241575,메소드연기,2026-03-18,28070570,2.0,3439370,14.0,465596060,3392,619,22.3,49887,430,582,2026-03-24,2026-08-11 11:43:44
5,0,NEW,20254121,살목지,2026-04-08,26792000,1.9,26792000,100.0,26792000,2784,2784,100.0,2784,13,15,2026-03-24,2026-08-11 11:43:44
6,-1,OLD,20253101,극장판 진격의 거인 완결편 더 라스트 어택,2025-03-13,26269500,1.8,-3295400,-11.1,10334289760,2166,-245,-10.2,993991,58,133,2026-03-24,2026-08-11 11:43:44
7,-1,OLD,20232662,삼악도,2026-03-11,10580800,0.7,-1094500,-9.4,784703700,1008,-68,-6.3,84641,155,206,2026-03-24,2026-08-11 11:43:44
8,-1,OLD,20261804,폭탄,2026-03-18,8619900,0.6,-352800,-3.9,156927100,876,-19,-2.1,20385,152,229,2026-03-24,2026-08-11 11:43:44
9,5,OLD,20241266,휴민트,2026-02-11,7063800,0.5,3076000,77.1,19979047710,748,327,77.7,1979498,112,120,2026-03-24,2026-08-11 11:43:44
10,-1,OLD,20060033,오만과 편견,2006-03-24,6415600,0.4,1046500,19.5,5764352900,618,83,15.5,907384,75,110,2026-03-24,2026-08-11 11:43:44
1,0,OLD,20242837,왕과 사는 남자,2026-02-04,869025260,44.1,135350040,18.4,144940350930,110068,31479,40.1,15031554,1661,6242,2026-03-25,2026-08-11 11:43:44
2,0,OLD,20261782,프로젝트 헤일메리,2026-03-18,673641840,34.2,206852940,44.3,8092302160,73500,33393,83.3,717579,1333,3544,2026-03-25,2026-08-11 11:43:44
3,0,NEW,20253289,극장판 귀멸의 칼날: 무한성편,2025-08-22,70140000,3.6,70140000,100.0,61480313650,7303,7303,100.0,5708262,24,61,2026-03-25,2026-08-11 11:43:44
4,2,OLD,20253101,극장판 진격의 거인 완결편 더 라스트 어택,2025-03-13,54170200,2.7,27900700,106.2,10388459960,5956,3790,175.0,999947,182,329,2026-03-25,2026-08-11 11:43:44
5,-2,OLD,20256283,호퍼스,2026-03-04,44892200,2.3,5600000,14.3,6509896420,5780,1501,35.1,660345,401,504,2026-03-25,2026-08-11 11:43:44
6,0,NEW,20257521,프로텍터,2026-03-25,41669960,2.1,41669960,100.0,43595960,5409,5409,100.0,5623,413,595,2026-03-25,2026-08-11 11:43:44
7,0,NEW,19970100,첨밀밀 ,1997-03-01,32079800,1.6,32079800,100.0,60575800,4006,4006,100.0,6992,125,356,2026-03-25,2026-08-11 11:43:44
8,0,NEW,20128386,라이프 오브 파이,2013-01-01,25953300,1.3,25953300,100.0,16410829400,3065,3065,100.0,1650062,58,126,2026-03-25,2026-08-11 11:43:44
9,-5,OLD,20241575,메소드연기,2026-03-18,14572300,0.7,-13498270,-48.1,480168360,2057,-1335,-39.4,51944,232,289,2026-03-25,2026-08-11 11:43:44
10,13,OLD,19868242,연지구 디 오리지널 4K,2026-03-25,10979500,0.6,8596500,360.7,26519700,1402,1220,670.3,2718,130,175,2026-03-25,2026-08-11 11:43:44
1,0,OLD,20242837,왕과 사는 남자,2026-02-04,678163370,45.5,-190861890,-22.0,145618514300,72421,-37647,-34.2,15103975,1560,5989,2026-03-26,2026-08-11 11:43:43
2,0,OLD,20261782,프로젝트 헤일메리,2026-03-18,489495210,32.8,-184146630,-27.3,8581797370,41233,-32267,-43.9,758812,1290,3513,2026-03-26,2026-08-11 11:43:43
3,0,OLD,20253289,극장판 귀멸의 칼날: 무한성편,2025-08-22,55831400,3.7,-14308600,-20.4,61536145050,4450,-2853,-39.1,5712712,24,60,2026-03-26,2026-08-11 11:43:43
4,2,OLD,20257521,프로텍터,2026-03-25,32364700,2.2,-9305260,-22.3,75960660,3925,-1484,-27.4,9548,374,522,2026-03-26,2026-08-11 11:43:43
5,0,OLD,20256283,호퍼스,2026-03-04,32287740,2.2,-12604460,-28.1,6542184160,3316,-2464,-42.6,663661,369,469,2026-03-26,2026-08-11 11:43:43
6,-2,OLD,20253101,극장판 진격의 거인 완결편 더 라스트 어택,2025-03-13,29336300,2.0,-24833900,-45.8,10417796260,2561,-3395,-57.0,1002508,169,302,2026-03-26,2026-08-11 11:43:43
7,0,OLD,19970100,첨밀밀 ,1997-03-01,18278900,1.2,-13800900,-43.0,78854700,1819,-2187,-54.6,8811,121,349,2026-03-26,2026-08-11 11:43:43
8,3,OLD,20261804,폭탄,2026-03-18,9784900,0.7,285900,3.0,176211000,1433,59,4.3,23192,132,184,2026-03-26,2026-08-11 11:43:43
9,0,OLD,20241575,메소드연기,2026-03-18,10330900,0.7,-4241400,-29.1,490499260,1339,-718,-34.9,53283,211,255,2026-03-26,2026-08-11 11:43:43
10,4,OLD,20232662,삼악도,2026-03-11,8920000,0.6,2081900,30.4,800461800,1073,187,21.1,86600,120,166,2026-03-26,2026-08-11 11:43:43
1,0,OLD,20242837,왕과 사는 남자,2026-02-04,969179640,39.8,291016270,42.9,146587693940,98161,25740,35.5,15202136,1554,6349,2026-03-27,2026-08-11 11:43:43
2,0,OLD,20261782,프로젝트 헤일메리,2026-03-18,866191330,35.6,376696120,77.0,9447988700,71435,30202,73.2,830247,1301,3690,2026-03-27,2026-08-11 11:43:43
3,0,NEW,20261906,명탐정 코난: 세기말의 마술사,2026-03-27,181993900,7.5,181993900,100.0,227472900,17357,17357,100.0,20822,238,727,2026-03-27,2026-08-11 11:43:43
4,-1,OLD,20253289,극장판 귀멸의 칼날: 무한성편,2025-08-22,84037100,3.5,28205700,50.5,61620182150,6359,1909,42.9,5719071,24,77,2026-03-27,2026-08-11 11:43:43
5,0,OLD,20256283,호퍼스,2026-03-04,51695940,2.1,19408200,60.1,6593880100,5265,1949,58.8,668926,384,499,2026-03-27,2026-08-11 11:43:43
6,0,OLD,20253101,극장판 진격의 거인 완결편 더 라스트 어택,2025-03-13,44053000,1.8,14716700,50.2,10461849260,3594,1033,40.3,1006102,163,305,2026-03-27,2026-08-11 11:43:43
7,-3,OLD,20257521,프로텍터,2026-03-25,25782900,1.1,-6581800,-20.3,101743560,3012,-913,-23.3,12560,355,463,2026-03-27,2026-08-11 11:43:43
8,-1,OLD,19970100,첨밀밀 ,1997-03-01,24526000,1.0,6247100,34.2,103380700,2283,464,25.5,11094,126,354,2026-03-27,2026-08-11 11:43:43
9,0,OLD,20241575,메소드연기,2026-03-18,18334900,0.8,8004000,77.5,508834160,1893,554,41.4,55176,203,258,2026-03-27,2026-08-11 11:43:43
10,4,OLD,19868242,연지구 디 오리지널 4K,2026-03-25,13751900,0.6,7667700,126.0,46355800,1375,738,115.9,4730,120,145,2026-03-27,2026-08-11 11:43:43
1,0,OLD,20242837,왕과 사는 남자,2026-02-04,2250771510,43.2,1281591870,132.2,148838465450,225287,127126,129.5,15427423,1583,6890,2026-03-28,2026-08-11 11:43:42
2,0,OLD,20261782,프로젝트 헤일메리,2026-03-18,1999768080,38.4,1133576750,130.9,11447756780,173558,102123,143.0,1003805,1350,4109,2026-03-28,2026-08-11 11:43:42
3,2,OLD,20256283,호퍼스,2026-03-04,196527000,3.8,144831060,280.2,6790407100,19928,14663,278.5,688854,583,1016,2026-03-28,2026-08-11 11:43:42
4,-1,OLD,20261906,명탐정 코난: 세기말의 마술사,2026-03-27,178099600,3.4,-3894300,-2.1,405572500,17249,-108,-0.6,38071,252,621,2026-03-28,2026-08-11 11:43:42
5,-1,OLD,20253289,극장판 귀멸의 칼날: 무한성편,2025-08-22,90784300,1.7,6747200,8.0,61710966450,7564,1205,18.9,5726635,25,51,2026-03-28,2026-08-11 11:43:42
6,0,OLD,20253101,극장판 진격의 거인 완결편 더 라스트 어택,2025-03-13,85136720,1.6,41083720,93.3,10546985980,7200,3606,100.3,1013302,169,269,2026-03-28,2026-08-11 11:43:42
7,0,NEW,20262179,펫 트레인,2026-03-28,44201500,0.8,44201500,100.0,45601500,6012,6012,100.0,6212,182,324,2026-03-28,2026-08-11 11:43:42
8,-1,OLD,20257521,프로텍터,2026-03-25,30367200,0.6,4584300,17.8,132110760,3419,407,13.5,15979,334,427,2026-03-28,2026-08-11 11:43:42
9,5,OLD,20262291,뮤지컬 장수탕 선녀님,2026-03-26,25885500,0.5,19349500,296.0,48220080,2622,1948,289.0,4905,134,197,2026-03-28,2026-08-11 11:43:42
10,0,NEW,20254121,살목지,2026-04-08,30277900,0.6,30277900,100.0,58569900,2524,2524,100.0,5458,80,80,2026-03-28,2026-08-11 11:43:42
1,0,OLD,20242837,왕과 사는 남자,2026-02-04,1869643080,42.2,-381128430,-16.9,150708108530,188432,-36855,-16.4,15615855,1578,6530,2026-03-29,2026-08-11 11:43:42
2,0,OLD,20261782,프로젝트 헤일메리,2026-03-18,1670520370,37.7,-329247710,-16.5,13118277150,146841,-26717,-15.4,1150646,1344,3919,2026-03-29,2026-08-11 11:43:42
3,0,OLD,20256283,호퍼스,2026-03-04,191130740,4.3,-5396260,-2.7,6981537840,19231,-697,-3.5,708085,572,996,2026-03-29,2026-08-11 11:43:42
4,0,OLD,20261906,명탐정 코난: 세기말의 마술사,2026-03-27,141317400,3.2,-36782200,-20.7,546889900,13861,-3388,-19.6,51932,252,589,2026-03-29,2026-08-11 11:43:42
5,0,OLD,20253289,극장판 귀멸의 칼날: 무한성편,2025-08-22,109390800,2.5,18606500,20.5,61820357250,8945,1381,18.3,5735580,25,68,2026-03-29,2026-08-11 11:43:42
6,0,OLD,20253101,극장판 진격의 거인 완결편 더 라스트 어택,2025-03-13,70733400,1.6,-14403320,-16.9,10617719380,6052,-1148,-15.9,1019354,161,264,2026-03-29,2026-08-11 11:43:42
7,0,OLD,20262179,펫 트레인,2026-03-28,42312400,1.0,-1889100,-4.3,87913900,5547,-465,-7.7,11759,184,310,2026-03-29,2026-08-11 11:43:42
8,1,OLD,20262291,뮤지컬 장수탕 선녀님,2026-03-26,29326000,0.7,3440500,13.3,77546080,3027,405,15.4,7932,153,211,2026-03-29,2026-08-11 11:43:42
9,-1,OLD,20257521,프로텍터,2026-03-25,26001000,0.6,-4366200,-14.4,158111760,2929,-490,-14.3,18908,321,404,2026-03-29,2026-08-11 11:43:42
10,0,OLD,20254121,살목지,2026-04-08,28838300,0.7,-1439600,-4.8,87408200,2445,-79,-3.1,7903,80,80,2026-03-29,2026-08-11 11:43:42
1,0,OLD,20242837,왕과 사는 남자,2026-02-04,568106470,43.0,-1301536610,-69.6,151276215000,60583,-127849,-67.8,15676438,1451,5578,2026-03-30,2026-08-11 11:43:41
2,0,OLD,20261782,프로젝트 헤일메리,2026-03-18,492054630,37.3,-1178465740,-70.5,13610331780,42581,-104260,-71.0,1193227,1271,3430,2026-03-30,2026-08-11 11:43:41
3,1,OLD,20261906,명탐정 코난: 세기말의 마술사,2026-03-27,37842700,2.9,-103474700,-73.2,584732600,3715,-10146,-73.2,55647,204,485,2026-03-30,2026-08-11 11:43:41
4,6,OLD,20254121,살목지,2026-04-08,18862500,1.4,-9975800,-34.6,106270700,2515,70,2.9,10418,10,10,2026-03-30,2026-08-11 11:43:41
5,0,OLD,20253289,극장판 귀멸의 칼날: 무한성편,2025-08-22,27618000,2.1,-81772800,-74.8,61847975250,2209,-6736,-75.3,5737789,23,76,2026-03-30,2026-08-11 11:43:41
6,-3,OLD,20256283,호퍼스,2026-03-04,21756800,1.6,-169373940,-88.6,7003294640,2159,-17072,-88.8,710244,301,394,2026-03-30,2026-08-11 11:43:41
7,2,OLD,20257521,프로텍터,2026-03-25,13830400,1.0,-12170600,-46.8,171942160,1609,-1320,-45.1,20517,302,373,2026-03-30,2026-08-11 11:43:41
8,-2,OLD,20253101,극장판 진격의 거인 완결편 더 라스트 어택,2025-03-13,17500140,1.3,-53233260,-75.3,10635219520,1543,-4509,-74.5,1020897,142,242,2026-03-30,2026-08-11 11:43:41
9,6,OLD,20261694,투어스 브이알 콘서트 : 러쉬로드,2026-03-04,38880000,2.9,-4576000,-10.5,895367500,1215,-143,-10.5,28096,1,8,2026-03-30,2026-08-11 11:43:41
10,1,OLD,19970100,첨밀밀 ,1997-03-01,9813600,0.7,-16923300,-63.3,165981800,1010,-1255,-55.4,16739,120,257,2026-03-30,2026-08-11 11:43:41
1,0,OLD,20242837,왕과 사는 남자,2026-02-04,513638460,42.0,-54468010,-9.6,151789853460,55373,-5210,-8.6,15731811,1464,5574,2026-03-31,2026-08-11 11:43:41
2,0,OLD,20261782,프로젝트 헤일메리,2026-03-18,476000190,38.9,-16054440,-3.3,14086331970,41494,-1087,-2.6,1234721,1281,3438,2026-03-31,2026-08-11 11:43:41
3,0,OLD,20261906,명탐정 코난: 세기말의 마술사,2026-03-27,32991300,2.7,-4851400,-12.8,617723900,3283,-432,-11.6,58930,207,463,2026-03-31,2026-08-11 11:43:41
4,2,OLD,20256283,호퍼스,2026-03-04,24377300,2.0,2620500,12.0,7027671940,2566,407,18.9,712810,311,398,2026-03-31,2026-08-11 11:43:41
5,2,OLD,20257521,프로텍터,2026-03-25,18265800,1.5,4435400,32.1,190207960,2268,659,41.0,22785,305,371,2026-03-31,2026-08-11 11:43:41
6,-1,OLD,20253289,극장판 귀멸의 칼날: 무한성편,2025-08-22,22594600,1.8,-5023400,-18.2,61870569850,1819,-390,-17.7,5739608,24,79,2026-03-31,2026-08-11 11:43:41
7,1,OLD,20253101,극장판 진격의 거인 완결편 더 라스트 어택,2025-03-13,16468200,1.3,-1031940,-5.9,10651687720,1460,-83,-5.4,1022357,145,234,2026-03-31,2026-08-11 11:43:41
8,2,OLD,19970100,첨밀밀 ,1997-03-01,11684200,1.0,1870600,19.1,177666000,1212,202,20.0,17951,123,276,2026-03-31,2026-08-11 11:43:41
9,3,OLD,20232662,삼악도,2026-03-11,8007800,0.7,2555700,46.9,851323000,1093,523,91.8,92271,98,122,2026-03-31,2026-08-11 11:43:41
10,1,OLD,20241575,메소드연기,2026-03-18,8890200,0.7,1545300,21.0,552806880,944,50,5.6,59984,160,193,2026-03-31,2026-08-11 11:43:41
1,0,OLD,20242837,왕과 사는 남자,2026-02-04,470692610,33.7,-42945850,-8.4,152260546070,50276,-5097,-9.2,15782087,1408,5158,2026-04-01,2026-08-11 11:43:40
2,0,OLD,20261782,프로젝트 헤일메리,2026-03-18,437951590,31.4,-38048600,-8.0,14524283560,39862,-1632,-3.9,1274583,1244,3291,2026-04-01,2026-08-11 11:43:40
3,0,NEW,20261666,네가 마지막으로 남긴 노래,2026-04-01,104864050,7.5,104864050,100.0,121589350,11414,11414,100.0,12967,560,1408,2026-04-01,2026-08-11 11:43:40
4,2,OLD,20253289,극장판 귀멸의 칼날: 무한성편,2025-08-22,88475500,6.3,65880900,291.6,61959045350,6650,4831,265.6,5746258,90,274,2026-04-01,2026-08-11 11:43:40
5,-2,OLD,20261906,명탐정 코난: 세기말의 마술사,2026-03-27,29376550,2.1,-3614750,-11.0,647100450,2959,-324,-9.9,61889,197,380,2026-04-01,2026-08-11 11:43:40
6,0,NEW,20262101,킬 빌: 더 홀 블러디 어페어,2026-04-01,57152400,4.1,57152400,100.0,71886700,2923,2923,100.0,3733,88,119,2026-04-01,2026-08-11 11:43:40
7,-3,OLD,20256283,호퍼스,2026-03-04,18696770,1.3,-5680530,-23.3,7046368710,1862,-704,-27.4,714672,257,307,2026-04-01,2026-08-11 11:43:40
8,0,NEW,20173226,패왕별희 디 오리지널,2017-03-30,19683500,1.4,19683500,100.0,1436477958,1746,1746,100.0,156608,54,62,2026-04-01,2026-08-11 11:43:40
9,54,OLD,20256757,극장판 체인소 맨: 레제편,2025-09-24,15854800,1.1,15617400,6578.5,36310765300,1366,1347,7089.5,3453440,26,50,2026-04-01,2026-08-11 11:43:40
10,3,OLD,19868242,연지구 디 오리지널 4K,2026-03-25,11758300,0.8,6978900,146.0,86760400,999,495,98.2,8624,85,92,2026-04-01,2026-08-11 11:43:40
1,0,OLD,20242837,왕과 사는 남자,2026-02-04,367575210,29.0,-103117400,-21.9,152628121280,39303,-10973,-21.8,15821390,1340,4614,2026-04-02,2026-08-11 11:43:39
2,0,OLD,20261782,프로젝트 헤일메리,2026-03-18,351881680,27.7,-86069910,-19.7,14876165240,31886,-7976,-20.0,1306469,1166,2987,2026-04-02,2026-08-11 11:43:39
3,71,OLD,20192680,끝장수사,2026-04-02,123343600,9.7,123217600,97791.7,129274600,13957,13942,92946.7,14617,648,1563,2026-04-02,2026-08-11 11:43:39
4,-1,OLD,20261666,네가 마지막으로 남긴 노래,2026-04-01,49742770,3.9,-55121280,-52.6,171332120,5257,-6157,-53.9,18224,489,1031,2026-04-02,2026-08-11 11:43:39
5,-1,OLD,20253289,극장판 귀멸의 칼날: 무한성편,2025-08-22,58475500,4.6,-30000000,-33.9,62017520850,4370,-2280,-34.3,5750628,90,275,2026-04-02,2026-08-11 11:43:39
6,-1,OLD,20261906,명탐정 코난: 세기말의 마술사,2026-03-27,32466300,2.6,3089750,10.5,679566750,3315,356,12.0,65204,183,297,2026-04-02,2026-08-11 11:43:39
7,0,NEW,20262463,오피셜히게단디즘 라이브 앳 스타디움 2025,2026-04-02,79407500,6.3,79407500,100.0,79407500,3178,3178,100.0,3178,58,84,2026-04-02,2026-08-11 11:43:39
8,-1,OLD,20256283,호퍼스,2026-03-04,12088700,1.0,-6608070,-35.3,7058457410,1266,-596,-32.0,715938,196,218,2026-04-02,2026-08-11 11:43:39
9,16,OLD,20247648,내 이름은,2026-04-15,10881000,0.9,8280000,318.3,13482000,1209,920,318.3,1498,4,5,2026-04-02,2026-08-11 11:43:39
10,-4,OLD,20262101,킬 빌: 더 홀 블러디 어페어,2026-04-01,20604300,1.6,-36548100,-63.9,92491000,1047,-1876,-64.2,4780,80,111,2026-04-02,2026-08-11 11:43:39
1,1,OLD,20261782,프로젝트 헤일메리,2026-03-18,660357570,37.8,308475890,87.7,15536522810,58078,26192,82.1,1364547,1305,3459,2026-04-03,2026-08-11 11:43:39
2,-1,OLD,20242837,왕과 사는 남자,2026-02-04,514559310,29.4,146984100,40.0,153142680590,52071,12768,32.5,15873461,1370,4922,2026-04-03,2026-08-11 11:43:39
3,0,OLD,20192680,끝장수사,2026-04-02,109757100,6.3,-13586500,-11.0,239031700,11763,-2194,-15.7,26380,643,1440,2026-04-03,2026-08-11 11:43:39
4,0,OLD,20261666,네가 마지막으로 남긴 노래,2026-04-01,76935700,4.4,27192930,54.7,248267820,7267,2010,38.2,25491,557,1102,2026-04-03,2026-08-11 11:43:39
5,0,OLD,20253289,극장판 귀멸의 칼날: 무한성편,2025-08-22,85049800,4.9,26574300,45.4,62102570650,5903,1533,35.1,5756531,90,264,2026-04-03,2026-08-11 11:43:39
6,0,OLD,20261906,명탐정 코난: 세기말의 마술사,2026-03-27,33057350,1.9,591050,1.8,712624100,3166,-149,-4.5,68370,187,306,2026-04-03,2026-08-11 11:43:39
7,1,OLD,20256283,호퍼스,2026-03-04,16469000,0.9,4380300,36.2,7074926410,1639,373,29.5,717577,212,236,2026-04-03,2026-08-11 11:43:39
8,-1,OLD,20262463,오피셜히게단디즘 라이브 앳 스타디움 2025,2026-04-02,36023500,2.1,-43384000,-54.6,115431000,1441,-1737,-54.7,4619,56,76,2026-04-03,2026-08-11 11:43:39
9,2,OLD,20173226,패왕별희 디 오리지널,2017-03-30,16095100,0.9,4505000,38.9,1464163158,1358,335,32.7,158989,48,57,2026-04-03,2026-08-11 11:43:39
10,5,OLD,20253101,극장판 진격의 거인 완결편 더 라스트 어택,2025-03-13,14174100,0.8,5550100,64.4,10685442670,1110,386,53.3,1025105,51,96,2026-04-03,2026-08-11 11:43:39
1,0,OLD,20261782,프로젝트 헤일메리,2026-03-18,1689901980,40.2,1029544410,155.9,17226424790,153841,95763,164.9,1518388,1401,4099,2026-04-04,2026-08-11 11:43:38
2,0,OLD,20242837,왕과 사는 남자,2026-02-04,1240513800,29.5,725954490,141.1,154383194390,123797,71726,137.7,15997258,1392,5417,2026-04-04,2026-08-11 11:43:38
3,1,OLD,20261666,네가 마지막으로 남긴 노래,2026-04-01,186093850,4.4,109158150,141.9,434361670,16758,9491,130.6,42249,593,1160,2026-04-04,2026-08-11 11:43:38
4,-1,OLD,20192680,끝장수사,2026-04-02,158445050,3.8,48687950,44.4,397476750,16587,4824,41.0,42967,689,1343,2026-04-04,2026-08-11 11:43:38
5,0,OLD,20253289,극장판 귀멸의 칼날: 무한성편,2025-08-22,207259200,4.9,122209400,143.7,62309829850,14918,9015,152.7,5771449,90,256,2026-04-04,2026-08-11 11:43:38
6,1,OLD,20256283,호퍼스,2026-03-04,113403520,2.7,96934520,588.6,7188329930,11402,9763,595.7,728979,463,667,2026-04-04,2026-08-11 11:43:38
7,19,OLD,20254121,살목지,2026-04-08,97336800,2.3,95176800,4406.3,209841500,8058,7788,2884.4,19156,116,144,2026-04-04,2026-08-11 11:43:38
8,-2,OLD,20261906,명탐정 코난: 세기말의 마술사,2026-03-27,62849750,1.5,29792400,90.1,775473850,6311,3145,99.3,74681,196,313,2026-04-04,2026-08-11 11:43:38
9,54,OLD,20262179,펫 트레인,2026-03-28,26819850,0.6,26469350,7551.9,119056450,3565,3525,8812.5,15819,130,166,2026-04-04,2026-08-11 11:43:38
10,1,OLD,20262101,킬 빌: 더 홀 블러디 어페어,2026-04-01,72035500,1.7,51762600,255.3,184799400,3479,2459,241.1,9279,97,122,2026-04-04,2026-08-11 11:43:38
1,0,OLD,20261782,프로젝트 헤일메리,2026-03-18,1287677850,39.8,-402224130,-23.8,18514102640,117008,-36833,-23.9,1635396,1376,3915,2026-04-05,2026-08-11 11:43:38
2,0,OLD,20242837,왕과 사는 남자,2026-02-04,947523480,29.3,-292990320,-23.6,155330717870,94406,-29391,-23.7,16091664,1353,5104,2026-04-05,2026-08-11 11:43:38
3,1,OLD,20192680,끝장수사,2026-04-02,128078710,4.0,-30366340,-19.2,525555460,13346,-3241,-19.5,56313,687,1292,2026-04-05,2026-08-11 11:43:38
4,-1,OLD,20261666,네가 마지막으로 남긴 노래,2026-04-01,125077090,3.9,-61016760,-32.8,559438760,11758,-5000,-29.8,54007,565,1071,2026-04-05,2026-08-11 11:43:38
5,0,OLD,20253289,극장판 귀멸의 칼날: 무한성편,2025-08-22,149204400,4.6,-58054800,-28.0,62459034250,11077,-3841,-25.7,5782526,90,239,2026-04-05,2026-08-11 11:43:38
6,0,OLD,20256283,호퍼스,2026-03-04,92007070,2.8,-21396450,-18.9,7280337000,9077,-2325,-20.4,738056,463,655,2026-04-05,2026-08-11 11:43:38
7,0,OLD,20254121,살목지,2026-04-08,90617700,2.8,-6719100,-6.9,300459200,7565,-493,-6.1,26721,112,140,2026-04-05,2026-08-11 11:43:38
8,0,OLD,20261906,명탐정 코난: 세기말의 마술사,2026-03-27,54478750,1.7,-8371000,-13.3,829952600,5531,-780,-12.4,80212,200,307,2026-04-05,2026-08-11 11:43:38
9,2,OLD,20226489,리바운드,2023-04-05,34514400,1.1,7697230,28.7,6781869188,3029,704,30.3,706398,167,182,2026-04-05,2026-08-11 11:43:38
10,-1,OLD,20262179,펫 트레인,2026-03-28,20880550,0.6,-5939300,-22.1,139937000,2748,-817,-22.9,18567,132,165,2026-04-05,2026-08-11 11:43:38
1,1,OLD,20242837,왕과 사는 남자,2026-02-04,358630150,35.0,-588893330,-62.2,155689348020,37815,-56591,-59.9,16129479,1235,4317,2026-04-06,2026-08-11 11:43:37
2,-1,OLD,20261782,프로젝트 헤일메리,2026-03-18,386273220,37.7,-901404630,-70.0,18900375860,35092,-81916,-70.0,1670488,1232,3232,2026-04-06,2026-08-11 11:43:37
3,0,OLD,20192680,끝장수사,2026-04-02,64805150,6.3,-63273560,-49.4,590360610,7164,-6182,-46.3,63477,580,1153,2026-04-06,2026-08-11 11:43:37
4,0,OLD,20261666,네가 마지막으로 남긴 노래,2026-04-01,35749620,3.5,-89327470,-71.4,595188380,3790,-7968,-67.8,57797,478,844,2026-04-06,2026-08-11 11:43:37
5,0,OLD,20253289,극장판 귀멸의 칼날: 무한성편,2025-08-22,31784500,3.1,-117419900,-78.7,62490818750,2354,-8723,-78.7,5784880,89,233,2026-04-06,2026-08-11 11:43:37
6,2,OLD,20261906,명탐정 코난: 세기말의 마술사,2026-03-27,13469850,1.3,-41008900,-75.3,843422450,1353,-4178,-75.5,81565,161,228,2026-04-06,2026-08-11 11:43:37
7,-1,OLD,20256283,호퍼스,2026-03-04,10599650,1.0,-81407420,-88.5,7290936650,1048,-8029,-88.5,739104,186,206,2026-04-06,2026-08-11 11:43:37
8,4,OLD,20262101,킬 빌: 더 홀 블러디 어페어,2026-04-01,18160000,1.8,-25899700,-58.8,247019100,983,-1096,-52.7,12341,85,109,2026-04-06,2026-08-11 11:43:37
9,4,OLD,20253101,극장판 진격의 거인 완결편 더 라스트 어택,2025-03-13,7873700,0.8,-11710400,-59.8,10739161570,659,-979,-59.8,1029540,51,88,2026-04-06,2026-08-11 11:43:37
10,6,OLD,20261694,투어스 브이알 콘서트 : 러쉬로드,2026-03-04,20416000,2.0,-20416000,-50.0,1087623500,638,-638,-50.0,34104,1,8,2026-04-06,2026-08-11 11:43:37
1,0,OLD,20242837,왕과 사는 남자,2026-02-04,297606260,32.5,-61023890,-17.0,155986954280,32132,-5683,-15.0,16161611,1263,4151,2026-04-07,2026-08-11 11:43:37
2,0,OLD,20261782,프로젝트 헤일메리,2026-03-18,335531460,36.7,-50741760,-13.1,19235907320,30580,-4512,-12.9,1701068,1249,3207,2026-04-07,2026-08-11 11:43:37
3,0,OLD,20192680,끝장수사,2026-04-02,53277550,5.8,-11527600,-17.8,643638160,5932,-1232,-17.2,69409,593,1148,2026-04-07,2026-08-11 11:43:37
4,0,OLD,20261666,네가 마지막으로 남긴 노래,2026-04-01,36436520,4.0,686900,1.9,631624900,4040,250,6.6,61837,487,854,2026-04-07,2026-08-11 11:43:37
5,0,OLD,20253289,극장판 귀멸의 칼날: 무한성편,2025-08-22,28485000,3.1,-3299500,-10.4,62519303750,2090,-264,-11.2,5786970,89,230,2026-04-07,2026-08-11 11:43:37
6,0,OLD,20261906,명탐정 코난: 세기말의 마술사,2026-03-27,12378050,1.4,-1091800,-8.1,855800500,1242,-111,-8.2,82807,158,231,2026-04-07,2026-08-11 11:43:37
7,0,OLD,20256283,호퍼스,2026-03-04,11849000,1.3,1249350,11.8,7302785650,1170,122,11.6,740274,178,195,2026-04-07,2026-08-11 11:43:37
8,4,OLD,20259598,두 검사,2026-04-01,7542050,0.8,1988440,35.8,55791730,941,314,50.1,6171,46,52,2026-04-07,2026-08-11 11:43:37
9,0,OLD,20253101,극장판 진격의 거인 완결편 더 라스트 어택,2025-03-13,10639600,1.2,2765900,35.1,10749801170,892,233,35.4,1030432,51,88,2026-04-07,2026-08-11 11:43:37
10,-2,OLD,20262101,킬 빌: 더 홀 블러디 어페어,2026-04-01,15411700,1.7,-2748300,-15.1,262430800,829,-154,-15.7,13170,84,104,2026-04-07,2026-08-11 11:43:37
1,26,OLD,20254121,살목지,2026-04-08,902587320,48.6,900475320,42636.1,1205158520,89911,89719,46728.6,116824,1191,3873,2026-04-08,2026-08-11 11:43:36
2,0,OLD,20261782,프로젝트 헤일메리,2026-03-18,354308230,19.1,18776770,5.6,19590215550,32139,1559,5.1,1733207,1139,2967,2026-04-08,2026-08-11 11:43:36
3,-2,OLD,20242837,왕과 사는 남자,2026-02-04,255872660,13.8,-41733600,-14.0,156242826940,27524,-4608,-14.3,16189135,1040,3203,2026-04-08,2026-08-11 11:43:36
4,0,NEW,20261622,위 리브 인 타임,2026-04-08,35874900,1.9,35874900,100.0,41012900,5337,5337,100.0,6071,220,437,2026-04-08,2026-08-11 11:43:36
5,0,NEW,20262343,크라임 101,2026-04-08,23454460,1.3,23454460,100.0,31086460,3513,3513,100.0,4025,208,436,2026-04-08,2026-08-11 11:43:36
6,-3,OLD,20192680,끝장수사,2026-04-02,30160150,1.6,-23117400,-43.4,673798310,3498,-2434,-41.0,72907,411,567,2026-04-08,2026-08-11 11:43:36
7,0,NEW,20147727,그랜드 부다페스트 호텔,2014-03-20,34028960,1.8,34028960,100.0,6552734482,3077,3077,100.0,838769,81,152,2026-04-08,2026-08-11 11:43:36
8,-4,OLD,20261666,네가 마지막으로 남긴 노래,2026-04-01,25648950,1.4,-10787570,-29.6,657273850,2835,-1205,-29.8,64672,298,366,2026-04-08,2026-08-11 11:43:36
9,0,NEW,20070602,마녀배달부 키키,2007-11-22,41756000,2.2,41756000,100.0,494581104,2497,2497,100.0,62970,27,54,2026-04-08,2026-08-11 11:43:36
10,-5,OLD,20253289,극장판 귀멸의 칼날: 무한성편,2025-08-22,15759000,0.8,-12726000,-44.7,62535062750,1208,-882,-42.2,5788178,79,115,2026-04-08,2026-08-11 11:43:36
1,0,OLD,20254121,살목지,2026-04-08,713827430,43.0,-188759890,-20.9,1918985950,70759,-19152,-21.3,187583,1219,3974,2026-04-09,2026-08-11 11:43:36
2,0,OLD,20261782,프로젝트 헤일메리,2026-03-18,373716480,22.5,19408250,5.5,19963932030,33951,1812,5.6,1767158,1163,3013,2026-04-09,2026-08-11 11:43:36
3,0,OLD,20242837,왕과 사는 남자,2026-02-04,302668130,18.2,46795470,18.3,156545495070,32842,5318,19.3,16221977,1062,3241,2026-04-09,2026-08-11 11:43:36
4,0,OLD,20261622,위 리브 인 타임,2026-04-08,26511750,1.6,-9363150,-26.1,67524650,3638,-1699,-31.8,9709,221,437,2026-04-09,2026-08-11 11:43:36
5,1,OLD,20192680,끝장수사,2026-04-02,24555920,1.5,-5604230,-18.6,698354230,2734,-764,-21.8,75641,350,510,2026-04-09,2026-08-11 11:43:36
6,-1,OLD,20262343,크라임 101,2026-04-08,15062860,0.9,-8391600,-35.8,46149320,2161,-1352,-38.5,6186,194,384,2026-04-09,2026-08-11 11:43:36
7,1,OLD,20261666,네가 마지막으로 남긴 노래,2026-04-01,19102200,1.2,-6546750,-25.5,676376050,2143,-692,-24.4,66815,306,376,2026-04-09,2026-08-11 11:43:36
8,4,OLD,20261906,명탐정 코난: 세기말의 마술사,2026-03-27,15312450,0.9,5407150,54.6,881018250,1681,638,61.2,85531,132,162,2026-04-09,2026-08-11 11:43:36
9,1,OLD,20253289,극장판 귀멸의 칼날: 무한성편,2025-08-22,16849000,1.0,1090000,6.9,62551911750,1297,89,7.4,5789475,77,114,2026-04-09,2026-08-11 11:43:36
10,11,OLD,20173226,패왕별희 디 오리지널,2017-03-30,10596750,0.6,6308750,147.1,1550001108,1069,656,158.8,166168,42,49,2026-04-09,2026-08-11 11:43:36
1,0,OLD,20254121,살목지,2026-04-08,1181170280,46.8,467342850,65.5,3100156230,111766,41007,58.0,299349,1359,4681,2026-04-10,2026-08-11 11:43:35
2,0,OLD,20261782,프로젝트 헤일메리,2026-03-18,642763830,25.5,269047350,72.0,20606695860,56387,22436,66.1,1823545,1215,3296,2026-04-10,2026-08-11 11:43:35
3,0,OLD,20242837,왕과 사는 남자,2026-02-04,380872970,15.1,78204840,25.8,156926368040,38623,5781,17.6,16260600,1050,3371,2026-04-10,2026-08-11 11:43:35
4,0,OLD,20261622,위 리브 인 타임,2026-04-08,30071500,1.2,3559750,13.4,97596150,3657,19,0.5,13366,242,438,2026-04-10,2026-08-11 11:43:35
5,0,OLD,20192680,끝장수사,2026-04-02,23663600,0.9,-892320,-3.6,722017830,2544,-190,-6.9,78185,337,461,2026-04-10,2026-08-11 11:43:35
6,1,OLD,20261666,네가 마지막으로 남긴 노래,2026-04-01,23589460,0.9,4487260,23.5,699965510,2499,356,16.6,69314,313,395,2026-04-10,2026-08-11 11:43:35
7,-1,OLD,20262343,크라임 101,2026-04-08,17704430,0.7,2641570,17.5,63853750,2409,248,11.5,8595,192,400,2026-04-10,2026-08-11 11:43:35
8,1,OLD,20253289,극장판 귀멸의 칼날: 무한성편,2025-08-22,27713000,1.1,10864000,64.5,62579624750,2039,742,57.2,5791514,77,119,2026-04-10,2026-08-11 11:43:35
9,-1,OLD,20261906,명탐정 코난: 세기말의 마술사,2026-03-27,14605350,0.6,-707100,-4.6,895623600,1474,-207,-12.3,87005,138,170,2026-04-10,2026-08-11 11:43:35
10,0,NEW,20241941,좀비딸,2025-07-30,10602000,0.4,10602000,100.0,53149934990,1178,1178,100.0,5641601,5,5,2026-04-10,2026-08-11 11:43:35
1,0,OLD,20254121,살목지,2026-04-08,2379280370,47.1,1198110090,101.4,5479436600,226983,115217,103.1,526332,1463,5463,2026-04-11,2026-08-11 11:43:35
2,0,OLD,20261782,프로젝트 헤일메리,2026-03-18,1342573330,26.6,699809500,108.9,21949269190,121246,64859,115.0,1944791,1264,3643,2026-04-11,2026-08-11 11:43:35
3,0,OLD,20242837,왕과 사는 남자,2026-02-04,713738900,14.1,332865930,87.4,157640106940,70653,32030,82.9,16331253,1052,3416,2026-04-11,2026-08-11 11:43:35
4,0,NEW,20262648,런닝맨: 라이트&쉐도우,2026-04-11,55888450,1.1,55888450,100.0,59409450,6701,6701,100.0,7204,196,345,2026-04-11,2026-08-11 11:43:35
5,7,OLD,20256283,호퍼스,2026-03-04,57027450,1.1,48749650,588.9,7380355450,5725,4865,565.7,748222,296,380,2026-04-11,2026-08-11 11:43:35
6,2,OLD,20253289,극장판 귀멸의 칼날: 무한성편,2025-08-22,71631500,1.4,43918500,158.5,62651256250,5467,3428,168.1,5796981,77,126,2026-04-11,2026-08-11 11:43:35
7,-3,OLD,20261622,위 리브 인 타임,2026-04-08,35201900,0.7,5130400,17.1,132798050,4089,432,11.8,17455,230,379,2026-04-11,2026-08-11 11:43:35
8,-2,OLD,20261666,네가 마지막으로 남긴 노래,2026-04-01,36237950,0.7,12648490,53.6,736203460,3544,1045,41.8,72858,292,351,2026-04-11,2026-08-11 11:43:35
9,-2,OLD,20262343,크라임 101,2026-04-08,24338670,0.5,6634240,37.5,88192420,3351,942,39.1,11946,182,349,2026-04-11,2026-08-11 11:43:35
10,-5,OLD,20192680,끝장수사,2026-04-02,25826650,0.5,2163050,9.1,747844480,2655,111,4.4,80840,288,411,2026-04-11,2026-08-11 11:43:35
1,0,OLD,20254121,살목지,2026-04-08,2064364090,47.4,-314916280,-13.2,7543800690,197669,-29314,-12.9,724001,1434,5326,2026-04-12,2026-08-11 11:43:34
2,0,OLD,20261782,프로젝트 헤일메리,2026-03-18,1072023060,24.6,-270550270,-20.2,23021292250,97319,-23927,-19.7,2042110,1234,3499,2026-04-12,2026-08-11 11:43:34
3,0,OLD,20242837,왕과 사는 남자,2026-02-04,658868480,15.1,-54870420,-7.7,158298975420,65969,-4684,-6.6,16397222,1019,3253,2026-04-12,2026-08-11 11:43:34
4,0,OLD,20262648,런닝맨: 라이트&쉐도우,2026-04-11,49530250,1.1,-6358200,-11.4,108939700,5851,-850,-12.7,13055,193,345,2026-04-12,2026-08-11 11:43:34
5,0,OLD,20256283,호퍼스,2026-03-04,59100600,1.4,2073150,3.6,7439456050,5824,99,1.7,754046,308,396,2026-04-12,2026-08-11 11:43:34
6,0,OLD,20253289,극장판 귀멸의 칼날: 무한성편,2025-08-22,62355400,1.4,-9276100,-12.9,62713611650,4846,-621,-11.4,5801827,75,120,2026-04-12,2026-08-11 11:43:34
7,0,OLD,20261622,위 리브 인 타임,2026-04-08,28533900,0.7,-6668000,-18.9,161331950,3776,-313,-7.7,21231,224,359,2026-04-12,2026-08-11 11:43:34
8,0,OLD,20261666,네가 마지막으로 남긴 노래,2026-04-01,34035690,0.8,-2202260,-6.1,770239150,3342,-202,-5.7,76200,283,336,2026-04-12,2026-08-11 11:43:34
9,2,OLD,20261906,명탐정 코난: 세기말의 마술사,2026-03-27,27130900,0.6,1019950,3.9,948865450,2623,106,4.2,92145,143,165,2026-04-12,2026-08-11 11:43:34
9,0,OLD,20262343,크라임 101,2026-04-08,18693220,0.4,-5645450,-23.2,106885640,2623,-728,-21.7,14569,182,345,2026-04-12,2026-08-11 11:43:34
1,0,OLD,20254121,살목지,2026-04-08,752287270,55.0,-1312076820,-63.6,8296087960,73629,-124040,-62.8,797630,1279,4566,2026-04-13,2026-08-11 11:43:34
2,1,OLD,20242837,왕과 사는 남자,2026-02-04,224412330,16.4,-434456150,-65.9,158523387750,23806,-42163,-63.9,16421028,926,2865,2026-04-13,2026-08-11 11:43:34
3,-1,OLD,20261782,프로젝트 헤일메리,2026-03-18,266329670,19.5,-805693390,-75.2,23287621920,23672,-73647,-75.7,2065782,1087,2811,2026-04-13,2026-08-11 11:43:34
4,5,OLD,20262343,크라임 101,2026-04-08,8075580,0.6,-10617640,-56.8,114961220,1299,-1324,-50.5,15868,138,264,2026-04-13,2026-08-11 11:43:34
5,3,OLD,20261666,네가 마지막으로 남긴 노래,2026-04-01,10060050,0.7,-23975640,-70.4,780299200,1115,-2227,-66.6,77315,227,274,2026-04-13,2026-08-11 11:43:34
6,5,OLD,20192680,끝장수사,2026-04-02,9610670,0.7,-10913330,-53.2,777979150,1070,-1102,-50.7,84082,220,285,2026-04-13,2026-08-11 11:43:34
7,-1,OLD,20253289,극장판 귀멸의 칼날: 무한성편,2025-08-22,11723500,0.9,-50631900,-81.2,62725335150,928,-3918,-80.9,5802755,69,98,2026-04-13,2026-08-11 11:43:34
8,-1,OLD,20261622,위 리브 인 타임,2026-04-08,8908850,0.7,-19625050,-68.8,170240800,921,-2855,-75.6,22152,179,283,2026-04-13,2026-08-11 11:43:34
9,14,OLD,20247648,내 이름은,2026-04-15,7290000,0.5,2670000,57.8,62316000,729,275,60.6,6375,2,2,2026-04-13,2026-08-11 11:43:34
10,-1,OLD,20261906,명탐정 코난: 세기말의 마술사,2026-03-27,5879750,0.4,-21251150,-78.3,954745200,599,-2024,-77.2,92744,117,133,2026-04-13,2026-08-11 11:43:34
1,0,OLD,20254121,살목지,2026-04-08,655595720,52.2,-96691550,-12.9,8951683680,64686,-8943,-12.1,862316,1312,4589,2026-04-14,2026-08-11 11:43:33
2,0,OLD,20242837,왕과 사는 남자,2026-02-04,215149460,17.1,-9262870,-4.1,158738537210,23854,48,0.2,16444882,957,2823,2026-04-14,2026-08-11 11:43:33
3,0,OLD,20261782,프로젝트 헤일메리,2026-03-18,238224110,19.0,-28105560,-10.6,23525846030,21035,-2637,-11.1,2086817,1083,2704,2026-04-14,2026-08-11 11:43:33
4,5,OLD,20247648,내 이름은,2026-04-15,17505000,1.4,10215000,140.1,79821000,1945,1216,166.8,8320,10,10,2026-04-14,2026-08-11 11:43:33
5,-1,OLD,20262343,크라임 101,2026-04-08,10339850,0.8,2264270,28.0,125301070,1878,579,44.6,17746,158,294,2026-04-14,2026-08-11 11:43:33
6,-1,OLD,20261666,네가 마지막으로 남긴 노래,2026-04-01,12706270,1.0,2646220,26.3,793005470,1472,357,32.0,78787,253,298,2026-04-14,2026-08-11 11:43:33
7,-1,OLD,20192680,끝장수사,2026-04-02,9973500,0.8,362830,3.8,787952650,1107,37,3.5,85189,250,315,2026-04-14,2026-08-11 11:43:33
8,-1,OLD,20253289,극장판 귀멸의 칼날: 무한성편,2025-08-22,12356000,1.0,632500,5.4,62737691150,949,21,2.3,5803704,68,102,2026-04-14,2026-08-11 11:43:33
9,-1,OLD,20261622,위 리브 인 타임,2026-04-08,7354350,0.6,-1554500,-17.4,177595150,763,-158,-17.2,22915,179,284,2026-04-14,2026-08-11 11:43:33
10,2,OLD,20259598,두 검사,2026-04-01,5365270,0.4,1173100,28.0,99909940,573,116,25.4,10800,35,39,2026-04-14,2026-08-11 11:43:33
1,0,OLD,20254121,살목지,2026-04-08,693399620,42.2,37803900,5.8,9645083300,68743,4057,6.3,931059,1324,4776,2026-04-15,2026-08-11 11:43:32
2,1,OLD,20261782,프로젝트 헤일메리,2026-03-18,235913980,14.3,-2310130,-1.0,23761760010,21338,303,1.4,2108155,966,2387,2026-04-15,2026-08-11 11:43:32
3,-1,OLD,20242837,왕과 사는 남자,2026-02-04,184510230,11.2,-30639230,-14.2,158923047440,20422,-3432,-14.4,16465304,777,2047,2026-04-15,2026-08-11 11:43:32
4,0,OLD,20247648,내 이름은,2026-04-15,142110180,8.6,124605180,711.8,221931180,17069,15124,777.6,25389,667,1594,2026-04-15,2026-08-11 11:43:32
5,10,OLD,20070602,마녀배달부 키키,2007-11-22,113331250,6.9,107009750,1692.8,696163854,9821,9465,2658.7,77563,346,547,2026-04-15,2026-08-11 11:43:32
6,0,NEW,20262383,쉘터,2026-04-15,25533300,1.6,25533300,100.0,25533300,3789,3789,100.0,3789,174,298,2026-04-15,2026-08-11 11:43:32
7,0,NEW,20249507,극장판 하이큐!! 쓰레기장의 결전,2024-05-15,29562600,1.8,29562600,100.0,7675507067,2336,2336,100.0,748321,108,153,2026-04-15,2026-08-11 11:43:32
8,1,OLD,20261622,위 리브 인 타임,2026-04-08,13409300,0.8,6054950,82.3,191004450,2282,1519,199.1,25197,134,176,2026-04-15,2026-08-11 11:43:32
9,0,NEW,19980231,트루먼 쇼,1998-10-24,22443050,1.4,22443050,100.0,167480550,2101,2101,100.0,22092,69,164,2026-04-15,2026-08-11 11:43:32
10,0,NEW,20259339,힌드의 목소리,2026-04-15,14327150,0.9,14327150,100.0,44614420,1742,1742,100.0,4592,116,145,2026-04-15,2026-08-11 11:43:32
1,0,OLD,20254121,살목지,2026-04-08,593089560,43.4,-100310060,-14.5,10238172860,58662,-10081,-14.7,989721,1322,4732,2026-04-16,2026-08-11 11:43:32
2,1,OLD,20242837,왕과 사는 남자,2026-02-04,170766100,12.5,-13744130,-7.4,159093813540,19251,-1171,-5.7,16484555,769,2011,2026-04-16,2026-08-11 11:43:32
3,-1,OLD,20261782,프로젝트 헤일메리,2026-03-18,220868640,16.2,-15045340,-6.4,23982628650,19228,-2110,-9.9,2127383,932,2328,2026-04-16,2026-08-11 11:43:32
4,0,OLD,20247648,내 이름은,2026-04-15,117996340,8.6,-24113840,-17.0,339927520,13799,-3270,-19.2,39188,667,1566,2026-04-16,2026-08-11 11:43:32
5,0,OLD,20070602,마녀배달부 키키,2007-11-22,31878240,2.3,-81453010,-71.9,728042094,3043,-6778,-69.0,80606,326,484,2026-04-16,2026-08-11 11:43:32
6,0,NEW,20262811,"극장판 총집편 걸즈 밴드 크라이 있잖아, 미래.",2026-04-16,30334020,2.2,30334020,100.0,30334020,2920,2920,100.0,2920,100,136,2026-04-16,2026-08-11 11:43:32
7,-1,OLD,20262383,쉘터,2026-04-15,18448800,1.4,-7084500,-27.7,43982100,2840,-949,-25.0,6629,167,284,2026-04-16,2026-08-11 11:43:32
8,0,NEW,20240532,짱구,2026-04-22,25128000,1.8,25128000,100.0,27729000,2792,2792,100.0,3081,13,14,2026-04-16,2026-08-11 11:43:32
9,-1,OLD,20261622,위 리브 인 타임,2026-04-08,11511550,0.8,-1897750,-14.2,202516000,1890,-392,-17.2,27087,127,171,2026-04-16,2026-08-11 11:43:32
10,0,OLD,20259339,힌드의 목소리,2026-04-15,11371300,0.8,-2955850,-20.6,55985720,1368,-374,-21.5,5960,105,135,2026-04-16,2026-08-11 11:43:32
1,0,OLD,20254121,살목지,2026-04-08,1038291850,49.2,445202290,75.1,11276464710,98966,40304,68.7,1088687,1375,5168,2026-04-17,2026-08-11 11:43:31
2,1,OLD,20261782,프로젝트 헤일메리,2026-03-18,387715390,18.4,166846750,75.5,24370344040,32892,13664,71.1,2160275,1005,2563,2026-04-17,2026-08-11 11:43:31
3,-1,OLD,20242837,왕과 사는 남자,2026-02-04,231546470,11.0,60780370,35.6,159325360010,23919,4668,24.2,16508474,771,2073,2026-04-17,2026-08-11 11:43:31
4,0,OLD,20247648,내 이름은,2026-04-15,142820790,6.8,24824450,21.0,482748310,16192,2393,17.3,55380,660,1489,2026-04-17,2026-08-11 11:43:31
5,0,OLD,20070602,마녀배달부 키키,2007-11-22,42360070,2.0,10481830,32.9,770402164,3916,873,28.7,84522,327,459,2026-04-17,2026-08-11 11:43:31
6,0,NEW,20262907,고트: 더 레전드,2026-04-17,21409250,1.0,21409250,100.0,22768250,2472,2472,100.0,2623,339,423,2026-04-17,2026-08-11 11:43:31
7,92,OLD,20262639,노멀,2026-04-17,17046850,0.8,17030350,103214.2,20789350,2366,2364,118200.0,2898,129,246,2026-04-17,2026-08-11 11:43:31
8,-1,OLD,20262383,쉘터,2026-04-15,16216800,0.8,-2232000,-12.1,60198900,2291,-549,-19.3,8920,167,264,2026-04-17,2026-08-11 11:43:31
9,2,OLD,19980231,트루먼 쇼,1998-10-24,18314350,0.9,5819800,46.6,198289450,1624,459,39.4,24881,70,150,2026-04-17,2026-08-11 11:43:31
10,-1,OLD,20261622,위 리브 인 타임,2026-04-08,9877500,0.5,-1634050,-14.2,212393500,1343,-547,-28.9,28430,134,168,2026-04-17,2026-08-11 11:43:31
1,0,OLD,20254121,살목지,2026-04-08,2188439110,51.2,1150147260,110.8,13464903820,211494,112528,113.7,1300181,1511,6142,2026-04-18,2026-08-11 11:43:31
2,0,OLD,20261782,프로젝트 헤일메리,2026-03-18,871270050,20.4,483554660,124.7,25241614090,76956,44064,134.0,2237231,1053,2832,2026-04-18,2026-08-11 11:43:31
3,0,OLD,20242837,왕과 사는 남자,2026-02-04,445427830,10.4,213881360,92.4,159770787840,43814,19895,83.2,16552288,807,2200,2026-04-18,2026-08-11 11:43:31
4,0,OLD,20247648,내 이름은,2026-04-15,223015860,5.2,80195070,56.2,705764170,23796,7604,47.0,79176,694,1454,2026-04-18,2026-08-11 11:43:31
5,1,OLD,20262907,고트: 더 레전드,2026-04-17,68904800,1.6,47495550,221.8,91673050,7729,5257,212.7,10352,505,789,2026-04-18,2026-08-11 11:43:31
6,-1,OLD,20070602,마녀배달부 키키,2007-11-22,91162220,2.1,48802150,115.2,861564384,7306,3390,86.6,91828,361,450,2026-04-18,2026-08-11 11:43:31
7,1,OLD,20262383,쉘터,2026-04-15,22799600,0.5,6582800,40.6,82998500,3125,834,36.4,12045,167,243,2026-04-18,2026-08-11 11:43:31
8,1,OLD,19980231,트루먼 쇼,1998-10-24,31815600,0.7,13501250,73.7,230105050,2557,933,57.5,27438,88,138,2026-04-18,2026-08-11 11:43:31
9,-2,OLD,20262639,노멀,2026-04-17,17827450,0.4,780600,4.6,38616800,2471,105,4.4,5369,133,239,2026-04-18,2026-08-11 11:43:31
10,5,OLD,20249507,극장판 하이큐!! 쓰레기장의 결전,2024-05-15,28963600,0.7,16656600,135.3,7728897467,2244,1331,145.8,752424,92,113,2026-04-18,2026-08-11 11:43:31
1,0,OLD,20254121,살목지,2026-04-08,1664648140,49.2,-523790970,-23.9,15129551960,161640,-49854,-23.6,1461821,1465,5882,2026-04-19,2026-08-11 11:43:30
2,0,OLD,20261782,프로젝트 헤일메리,2026-03-18,683373850,20.2,-187896200,-21.6,25924987940,60871,-16085,-20.9,2298102,1039,2734,2026-04-19,2026-08-11 11:43:30
3,0,OLD,20242837,왕과 사는 남자,2026-02-04,373704980,11.0,-71722850,-16.1,160144492820,37222,-6592,-15.0,16589510,812,2106,2026-04-19,2026-08-11 11:43:30
4,0,OLD,20247648,내 이름은,2026-04-15,194944920,5.8,-28070940,-12.6,900709090,20963,-2833,-11.9,100139,681,1426,2026-04-19,2026-08-11 11:43:30
5,0,OLD,20262907,고트: 더 레전드,2026-04-17,78643730,2.3,9738930,14.1,170316780,8682,953,12.3,19034,496,800,2026-04-19,2026-08-11 11:43:30
6,0,OLD,20070602,마녀배달부 키키,2007-11-22,72982610,2.2,-18179610,-19.9,934546994,5666,-1640,-22.4,97494,351,435,2026-04-19,2026-08-11 11:43:30
7,0,OLD,20262383,쉘터,2026-04-15,22517350,0.7,-282250,-1.2,105515850,3286,161,5.2,15331,172,250,2026-04-19,2026-08-11 11:43:30
8,2,OLD,20249507,극장판 하이큐!! 쓰레기장의 결전,2024-05-15,29425800,0.9,462200,1.6,7758323267,2313,69,3.1,754737,93,110,2026-04-19,2026-08-11 11:43:30
9,0,OLD,20262639,노멀,2026-04-17,15617250,0.5,-2210200,-12.4,54234050,2183,-288,-11.7,7552,121,217,2026-04-19,2026-08-11 11:43:30
10,1,OLD,20253289,극장판 귀멸의 칼날: 무한성편,2025-08-22,24984200,0.7,-1431500,-5.4,62808149050,2147,-23,-1.1,5809650,57,61,2026-04-19,2026-08-11 11:43:30
1,0,OLD,20254121,살목지,2026-04-08,473283220,48.3,-1191364920,-71.6,15602835180,46984,-114656,-70.9,1508805,1258,4669,2026-04-20,2026-08-11 11:43:30
2,0,OLD,20261782,프로젝트 헤일메리,2026-03-18,179914270,18.3,-503459580,-73.7,26104902210,16038,-44833,-73.7,2314140,905,2179,2026-04-20,2026-08-11 11:43:30
3,0,OLD,20242837,왕과 사는 남자,2026-02-04,133738030,13.6,-239966950,-64.2,160278230850,14322,-22900,-61.5,16603832,700,1779,2026-04-20,2026-08-11 11:43:30
4,0,OLD,20247648,내 이름은,2026-04-15,74533540,7.6,-120411380,-61.8,975242630,8714,-12249,-58.4,108853,585,1311,2026-04-20,2026-08-11 11:43:30
5,1,OLD,20070602,마녀배달부 키키,2007-11-22,16513650,1.7,-56468960,-77.4,951060644,1521,-4145,-73.2,99015,270,336,2026-04-20,2026-08-11 11:43:30
6,3,OLD,20262639,노멀,2026-04-17,6923650,0.7,-8693600,-55.7,61157700,965,-1218,-55.8,8517,109,186,2026-04-20,2026-08-11 11:43:30
7,-2,OLD,20262907,고트: 더 레전드,2026-04-17,7016900,0.7,-71626830,-91.1,177333680,854,-7828,-90.2,19888,240,274,2026-04-20,2026-08-11 11:43:30
8,-1,OLD,20262383,쉘터,2026-04-15,7082200,0.7,-15435150,-68.5,112598050,851,-2435,-74.1,16182,146,217,2026-04-20,2026-08-11 11:43:30
9,5,OLD,20259339,힌드의 목소리,2026-04-15,5728410,0.6,-5379640,-48.4,101992580,696,-542,-43.8,11161,99,112,2026-04-20,2026-08-11 11:43:30
10,2,OLD,19980231,트루먼 쇼,1998-10-24,5747700,0.6,-16153950,-73.8,257754400,540,-1274,-70.2,29792,74,122,2026-04-20,2026-08-11 11:43:30
1,0,OLD,20254121,살목지,2026-04-08,399760410,42.8,-73522810,-15.5,16002595590,39689,-7295,-15.5,1548494,1253,4516,2026-04-21,2026-08-11 11:43:29
2,0,OLD,20261782,프로젝트 헤일메리,2026-03-18,168700350,18.1,-11213920,-6.2,26273602560,14892,-1146,-7.1,2329032,900,2144,2026-04-21,2026-08-11 11:43:29
3,0,OLD,20242837,왕과 사는 남자,2026-02-04,125060270,13.4,-8677760,-6.5,160403291120,13628,-694,-4.8,16617460,706,1752,2026-04-21,2026-08-11 11:43:29
4,0,OLD,20247648,내 이름은,2026-04-15,78723810,8.4,4190270,5.6,1053966440,9798,1084,12.4,118651,624,1358,2026-04-21,2026-08-11 11:43:29
5,1,OLD,20262639,노멀,2026-04-17,11581600,1.2,4657950,67.3,72739300,1922,957,99.2,10439,124,214,2026-04-21,2026-08-11 11:43:29
6,-1,OLD,20070602,마녀배달부 키키,2007-11-22,18736330,2.0,2222680,13.5,969796974,1806,285,18.7,100821,271,326,2026-04-21,2026-08-11 11:43:29
7,1,OLD,20262383,쉘터,2026-04-15,11131850,1.2,4049650,57.2,123729900,1714,863,101.4,17896,159,233,2026-04-21,2026-08-11 11:43:29
8,1,OLD,20259339,힌드의 목소리,2026-04-15,9423560,1.0,3695150,64.5,111416140,1185,489,70.3,12346,112,130,2026-04-21,2026-08-11 11:43:29
9,-2,OLD,20262907,고트: 더 레전드,2026-04-17,7328370,0.8,311470,4.4,184662050,891,37,4.3,20779,238,276,2026-04-21,2026-08-11 11:43:29
10,6,OLD,20250411,미야자키 하야오의 그대들은 어떻게 살 것인가,2026-04-15,4761800,0.5,2004400,72.7,44711510,798,439,122.3,6091,78,96,2026-04-21,2026-08-11 11:43:29
1,0,OLD,20254121,살목지,2026-04-08,435423360,24.8,35662950,8.9,16438018950,43400,3711,9.4,1591894,1172,4155,2026-04-22,2026-08-11 11:43:29
2,0,NEW,20262685,란 12.3,2026-04-22,371416510,21.2,371416510,100.0,382479510,37037,37037,100.0,38078,842,2156,2026-04-22,2026-08-11 11:43:29
3,0,NEW,20240532,짱구,2026-04-22,246020890,14.0,246020890,100.0,298155690,26848,26848,100.0,31893,693,1672,2026-04-22,2026-08-11 11:43:29
4,-2,OLD,20261782,프로젝트 헤일메리,2026-03-18,202128560,11.5,33428210,19.8,26475731120,17656,2764,18.6,2346688,718,1657,2026-04-22,2026-08-11 11:43:29
5,-2,OLD,20242837,왕과 사는 남자,2026-02-04,102077760,5.8,-22982510,-18.4,160505368880,10893,-2735,-20.1,16628353,611,1333,2026-04-22,2026-08-11 11:43:29
6,-2,OLD,20247648,내 이름은,2026-04-15,73581450,4.2,-5142360,-6.5,1127547890,8333,-1465,-15.0,126984,552,977,2026-04-22,2026-08-11 11:43:29
7,0,NEW,20262657,리 크로닌의 미이라,2026-04-22,65681090,3.7,65681090,100.0,78486090,6378,6378,100.0,7652,368,610,2026-04-22,2026-08-11 11:43:29
8,0,NEW,20262775,기동전사 건담: 섬광의 하사웨이 키르케의 마녀,2026-04-22,78196000,4.5,78196000,100.0,78196000,5076,5076,100.0,5076,90,149,2026-04-22,2026-08-11 11:43:29
9,0,NEW,20262776,르누아르,2026-04-22,21917500,1.2,21917500,100.0,29474500,3468,3468,100.0,4209,127,239,2026-04-22,2026-08-11 11:43:29
10,-4,OLD,20070602,마녀배달부 키키,2007-11-22,29680400,1.7,10944070,58.4,999477374,3253,1447,80.1,104074,119,141,2026-04-22,2026-08-11 11:43:29
1,0,OLD,20254121,살목지,2026-04-08,491825750,34.4,56402390,13.0,16929844700,48405,5005,11.5,1640299,1150,4090,2026-04-23,2026-08-11 11:43:28
2,1,OLD,20240532,짱구,2026-04-22,191648240,13.4,-54372650,-22.1,489803930,20639,-6209,-23.1,52532,678,1584,2026-04-23,2026-08-11 11:43:28
3,-1,OLD,20262685,란 12.3,2026-04-22,170903750,11.9,-200512760,-54.0,553383260,17231,-19806,-53.5,55309,787,1990,2026-04-23,2026-08-11 11:43:28
4,0,OLD,20261782,프로젝트 헤일메리,2026-03-18,177415070,12.4,-24713490,-12.2,26653146190,15223,-2433,-13.8,2361911,721,1664,2026-04-23,2026-08-11 11:43:28
5,0,OLD,20242837,왕과 사는 남자,2026-02-04,103385170,7.2,1307410,1.3,160608754050,11285,392,3.6,16639638,642,1346,2026-04-23,2026-08-11 11:43:28
6,0,OLD,20247648,내 이름은,2026-04-15,61750050,4.3,-11831400,-16.1,1189297940,7089,-1244,-14.9,134073,532,903,2026-04-23,2026-08-11 11:43:28
7,0,OLD,20262657,리 크로닌의 미이라,2026-04-22,46734280,3.3,-18946810,-28.8,125220370,4459,-1919,-30.1,12111,346,561,2026-04-23,2026-08-11 11:43:28
8,95,OLD,20088147,줄무늬 파자마를 입은 소년,2026-04-23,19611100,1.4,19585100,75327.3,23448700,3270,3267,108900.0,3604,153,213,2026-04-23,2026-08-11 11:43:28
9,-1,OLD,20262775,기동전사 건담: 섬광의 하사웨이 키르케의 마녀,2026-04-22,39252000,2.7,-38944000,-49.8,117448000,2539,-2537,-50.0,7615,90,149,2026-04-23,2026-08-11 11:43:28
10,1,OLD,20262639,노멀,2026-04-17,9932100,0.7,541300,5.8,92062200,1744,100,6.1,13827,91,108,2026-04-23,2026-08-11 11:43:28
1,0,OLD,20254121,살목지,2026-04-08,914624580,42.9,422798830,86.0,17844469280,86527,38122,78.8,1726826,1263,4783,2026-04-24,2026-08-11 11:43:28
2,2,OLD,20261782,프로젝트 헤일메리,2026-03-18,315679320,14.8,138264250,77.9,26968825510,26138,10915,71.7,2388049,748,1838,2026-04-24,2026-08-11 11:43:28
3,-1,OLD,20240532,짱구,2026-04-22,241048860,11.3,49400620,25.8,730852790,24822,4183,20.3,77354,733,1728,2026-04-24,2026-08-11 11:43:28
4,-1,OLD,20262685,란 12.3,2026-04-22,180305910,8.5,9402160,5.5,733689170,17228,-3,0.0,72537,739,1933,2026-04-24,2026-08-11 11:43:28
5,0,OLD,20242837,왕과 사는 남자,2026-02-04,142824230,6.7,39439060,38.1,160751578280,14695,3410,30.2,16654333,663,1443,2026-04-24,2026-08-11 11:43:28
6,0,OLD,20247648,내 이름은,2026-04-15,59941000,2.8,-1809050,-2.9,1249238940,6550,-539,-7.6,140623,546,916,2026-04-24,2026-08-11 11:43:28
7,0,OLD,20262657,리 크로닌의 미이라,2026-04-22,55164170,2.6,8429890,18.0,180384540,4854,395,8.9,16965,366,582,2026-04-24,2026-08-11 11:43:28
8,1,OLD,20262775,기동전사 건담: 섬광의 하사웨이 키르케의 마녀,2026-04-22,46815500,2.2,7563500,19.3,164263500,2842,303,11.9,10457,90,147,2026-04-24,2026-08-11 11:43:28
9,2,OLD,20070602,마녀배달부 키키,2007-11-22,17183330,0.8,2098350,13.9,1031745684,1783,124,7.5,107516,123,147,2026-04-24,2026-08-11 11:43:28
10,0,OLD,20262639,노멀,2026-04-17,9612600,0.5,-319500,-3.2,101674800,1775,31,1.8,15602,52,66,2026-04-24,2026-08-11 11:43:28
1,0,OLD,20254121,살목지,2026-04-08,1544389690,40.1,629765110,68.9,19388858970,147850,61323,70.9,1874676,1378,5625,2026-04-25,2026-08-11 11:43:27
2,0,OLD,20261782,프로젝트 헤일메리,2026-03-18,667492690,17.3,351813370,111.4,27636318200,56289,30151,115.4,2444338,800,2084,2026-04-25,2026-08-11 11:43:27
3,0,OLD,20240532,짱구,2026-04-22,444352600,11.5,203303740,84.3,1175205390,44479,19657,79.2,121833,857,1938,2026-04-25,2026-08-11 11:43:27
4,0,OLD,20262685,란 12.3,2026-04-22,337920310,8.8,157614400,87.4,1071609480,32762,15534,90.2,105299,652,1972,2026-04-25,2026-08-11 11:43:27
5,0,OLD,20242837,왕과 사는 남자,2026-02-04,279696810,7.3,136872580,95.8,161031275090,27383,12688,86.3,16681716,687,1644,2026-04-25,2026-08-11 11:43:27
6,0,OLD,20247648,내 이름은,2026-04-15,99718500,2.6,39777500,66.4,1348957440,10368,3818,58.3,150991,562,912,2026-04-25,2026-08-11 11:43:27
7,0,OLD,20262657,리 크로닌의 미이라,2026-04-22,72656260,1.9,17492090,31.7,253040800,6491,1637,33.7,23456,345,499,2026-04-25,2026-08-11 11:43:27
8,0,OLD,20262775,기동전사 건담: 섬광의 하사웨이 키르케의 마녀,2026-04-22,67305600,1.7,20490100,43.8,231569100,4441,1599,56.3,14898,90,147,2026-04-25,2026-08-11 11:43:27
9,0,OLD,20070602,마녀배달부 키키,2007-11-22,50437950,1.3,33254620,193.5,1082183634,4302,2519,141.3,111818,146,172,2026-04-25,2026-08-11 11:43:27
10,8,OLD,20262907,고트: 더 레전드,2026-04-17,32711310,0.8,28389060,656.8,231799350,3617,3097,595.6,26148,335,432,2026-04-25,2026-08-11 11:43:27
1,0,OLD,20254121,살목지,2026-04-08,1133087750,35.9,-411301940,-26.6,20521946720,109078,-38772,-26.2,1983754,1349,5326,2026-04-26,2026-08-11 11:43:26
2,0,OLD,20261782,프로젝트 헤일메리,2026-03-18,541382840,17.2,-126109850,-18.9,28177701040,46552,-9737,-17.3,2490890,796,2008,2026-04-26,2026-08-11 11:43:26
3,0,OLD,20240532,짱구,2026-04-22,421721840,13.4,-22630760,-5.1,1596927230,42065,-2414,-5.4,163898,878,1925,2026-04-26,2026-08-11 11:43:26
4,0,OLD,20262685,란 12.3,2026-04-22,289701060,9.2,-48219250,-14.3,1361310540,28349,-4413,-13.5,133648,647,1865,2026-04-26,2026-08-11 11:43:26
5,0,OLD,20242837,왕과 사는 남자,2026-02-04,254317380,8.1,-25379430,-9.1,161285592470,25080,-2303,-8.4,16706796,674,1576,2026-04-26,2026-08-11 11:43:26
6,0,OLD,20247648,내 이름은,2026-04-15,99366130,3.2,-352370,-0.4,1448323570,10615,247,2.4,161606,558,883,2026-04-26,2026-08-11 11:43:26
7,0,OLD,20262657,리 크로닌의 미이라,2026-04-22,53875420,1.7,-18780840,-25.8,306916220,4731,-1760,-27.1,28187,332,471,2026-04-26,2026-08-11 11:43:26
8,2,OLD,20262907,고트: 더 레전드,2026-04-17,35797310,1.1,3086000,9.4,267596660,3908,291,8.0,30056,330,415,2026-04-26,2026-08-11 11:43:26
9,0,OLD,20070602,마녀배달부 키키,2007-11-22,50343200,1.6,-94750,-0.2,1132526834,3877,-425,-9.9,115695,128,155,2026-04-26,2026-08-11 11:43:26
10,-2,OLD,20262775,기동전사 건담: 섬광의 하사웨이 키르케의 마녀,2026-04-22,51733000,1.6,-15572600,-23.1,283302100,3513,-928,-20.9,18411,90,146,2026-04-26,2026-08-11 11:43:26
1,0,OLD,20254121,살목지,2026-04-08,432784450,38.6,-700303300,-61.8,20954731170,41902,-67176,-61.6,2025656,1114,4129,2026-04-27,2026-08-11 11:43:26
2,1,OLD,20240532,짱구,2026-04-22,151815590,13.5,-269906250,-64.0,1748742820,15630,-26435,-62.8,179528,680,1690,2026-04-27,2026-08-11 11:43:26
3,-1,OLD,20261782,프로젝트 헤일메리,2026-03-18,177733770,15.9,-363649070,-67.2,28355434810,15612,-30940,-66.5,2506502,686,1660,2026-04-27,2026-08-11 11:43:26
4,1,OLD,20242837,왕과 사는 남자,2026-02-04,97179210,8.7,-157138170,-61.8,161382771680,10114,-14966,-59.7,16716910,599,1323,2026-04-27,2026-08-11 11:43:26
5,-1,OLD,20262685,란 12.3,2026-04-22,71385200,6.4,-218315860,-75.4,1432695740,7279,-21070,-74.3,140927,576,1530,2026-04-27,2026-08-11 11:43:26
6,0,OLD,20247648,내 이름은,2026-04-15,36130300,3.2,-63235830,-63.6,1484453870,4074,-6541,-61.6,165680,450,767,2026-04-27,2026-08-11 11:43:26
7,0,OLD,20262657,리 크로닌의 미이라,2026-04-22,29366870,2.6,-24508550,-45.5,336283090,2758,-1973,-41.7,30945,314,450,2026-04-27,2026-08-11 11:43:26
8,2,OLD,20262775,기동전사 건담: 섬광의 하사웨이 키르케의 마녀,2026-04-22,19936000,1.8,-31797000,-61.5,303238100,1329,-2184,-62.2,19740,88,138,2026-04-27,2026-08-11 11:43:26
9,0,NEW,20259791,악마는 프라다를 입는다 2,2026-04-29,9009000,0.8,9009000,100.0,9009000,1001,1001,100.0,1001,3,4,2026-04-27,2026-08-11 11:43:26
10,-1,OLD,20070602,마녀배달부 키키,2007-11-22,8928950,0.8,-41414250,-82.3,1141455784,949,-2928,-75.5,116644,106,128,2026-04-27,2026-08-11 11:43:26
1,0,OLD,20254121,살목지,2026-04-08,516037650,41.1,83253200,19.2,21470768820,51175,9273,22.1,2076831,1152,4209,2026-04-28,2026-08-11 11:43:25
2,1,OLD,20261782,프로젝트 헤일메리,2026-03-18,187617430,14.9,9883660,5.6,28543052240,16822,1210,7.8,2523324,705,1671,2026-04-28,2026-08-11 11:43:25
3,-1,OLD,20240532,짱구,2026-04-22,148879770,11.9,-2935820,-1.9,1897622590,15554,-76,-0.5,195082,691,1717,2026-04-28,2026-08-11 11:43:25
4,0,OLD,20242837,왕과 사는 남자,2026-02-04,108013420,8.6,10834210,11.1,161490785100,11671,1557,15.4,16728581,614,1343,2026-04-28,2026-08-11 11:43:25
5,0,OLD,20262685,란 12.3,2026-04-22,78977470,6.3,7592270,10.6,1511673210,8011,732,10.1,148938,581,1528,2026-04-28,2026-08-11 11:43:25
6,0,OLD,20247648,내 이름은,2026-04-15,44141750,3.5,8011450,22.2,1528595620,5077,1003,24.6,170757,491,826,2026-04-28,2026-08-11 11:43:25
7,0,OLD,20262657,리 크로닌의 미이라,2026-04-22,29566140,2.4,199270,0.7,365849230,2746,-12,-0.4,33691,316,450,2026-04-28,2026-08-11 11:43:25
8,3,OLD,20262776,르누아르,2026-04-22,9449780,0.8,3346670,54.8,108415470,1942,1074,123.7,13670,132,216,2026-04-28,2026-08-11 11:43:25
9,-1,OLD,20262775,기동전사 건담: 섬광의 하사웨이 키르케의 마녀,2026-04-22,21470500,1.7,1534500,7.7,324708600,1449,120,9.0,21189,88,136,2026-04-28,2026-08-11 11:43:25
10,0,OLD,20070602,마녀배달부 키키,2007-11-22,11750000,0.9,2821050,31.6,1153205784,1292,343,36.1,117936,114,140,2026-04-28,2026-08-11 11:43:25
1,0,NEW,20259791,악마는 프라다를 입는다 2,2026-04-29,1228075630,45.4,1228075630,100.0,1237084630,150767,150767,100.0,151768,1578,6165,2026-04-29,2026-08-11 11:43:25
2,0,NEW,20259773,슈퍼 마리오 갤럭시,2026-04-29,516365150,19.1,516365150,100.0,554479150,60433,60433,100.0,63460,1166,4173,2026-04-29,2026-08-11 11:43:25
3,-2,OLD,20254121,살목지,2026-04-08,474448900,17.5,-41588750,-8.1,21945217720,59050,7875,15.4,2135881,845,2113,2026-04-29,2026-08-11 11:43:25
4,-2,OLD,20261782,프로젝트 헤일메리,2026-03-18,123609740,4.6,-64007690,-34.1,28666661980,13393,-3429,-20.4,2536717,407,548,2026-04-29,2026-08-11 11:43:25
5,-2,OLD,20240532,짱구,2026-04-22,107524750,4.0,-41355020,-27.8,2005147340,13237,-2317,-14.9,208319,523,826,2026-04-29,2026-08-11 11:43:25
6,-1,OLD,20262685,란 12.3,2026-04-22,51844760,1.9,-27132710,-34.4,1563517970,6002,-2009,-25.1,154940,382,511,2026-04-29,2026-08-11 11:43:25
7,-3,OLD,20242837,왕과 사는 남자,2026-02-04,48142500,1.8,-59870920,-55.4,161538927600,5848,-5823,-49.9,16734429,245,331,2026-04-29,2026-08-11 11:43:25
8,-2,OLD,20247648,내 이름은,2026-04-15,43230850,1.6,-910900,-2.1,1571826470,5752,675,13.3,176509,217,296,2026-04-29,2026-08-11 11:43:25
9,0,OLD,20262775,기동전사 건담: 섬광의 하사웨이 키르케의 마녀,2026-04-22,21421100,0.8,-49400,-0.2,346129700,3083,1634,112.8,24272,94,127,2026-04-29,2026-08-11 11:43:25
10,0,OLD,20070602,마녀배달부 키키,2007-11-22,17069060,0.6,5319060,45.3,1170274844,2037,745,57.7,119973,70,74,2026-04-29,2026-08-11 11:43:25
1,2,OLD,20254121,살목지,2026-04-08,994936100,31.6,520487200,109.7,22940153820,102147,43097,73.0,2238028,957,2477,2026-04-30,2026-08-11 11:43:24
2,-1,OLD,20259791,악마는 프라다를 입는다 2,2026-04-29,1000524880,31.8,-227550750,-18.5,2237609510,101438,-49329,-32.7,253206,1540,6202,2026-04-30,2026-08-11 11:43:24
3,-1,OLD,20259773,슈퍼 마리오 갤럭시,2026-04-29,462243870,14.7,-54121280,-10.5,1016723020,47020,-13413,-22.2,110480,1162,4000,2026-04-30,2026-08-11 11:43:24
4,0,OLD,20261782,프로젝트 헤일메리,2026-03-18,181900540,5.8,58290800,47.2,28848562520,16797,3404,25.4,2553514,449,606,2026-04-30,2026-08-11 11:43:24
5,0,OLD,20240532,짱구,2026-04-22,147456310,4.7,39931560,37.1,2152603650,16278,3041,23.0,224597,539,886,2026-04-30,2026-08-11 11:43:24
6,0,OLD,20262685,란 12.3,2026-04-22,65626860,2.1,13782100,26.6,1629144830,7005,1003,16.7,161945,373,514,2026-04-30,2026-08-11 11:43:24
7,0,OLD,20242837,왕과 사는 남자,2026-02-04,60838460,1.9,12695960,26.4,161599766060,6652,804,13.7,16741081,271,370,2026-04-30,2026-08-11 11:43:24
8,0,NEW,20259626,마이클,2026-05-13,60048000,1.9,60048000,100.0,70656000,6378,6378,100.0,7002,34,34,2026-04-30,2026-08-11 11:43:24
9,-1,OLD,20247648,내 이름은,2026-04-15,39611900,1.3,-3618950,-8.4,1611438370,4506,-1246,-21.7,181015,212,297,2026-04-30,2026-08-11 11:43:24
10,0,OLD,20070602,마녀배달부 키키,2007-11-22,33607350,1.1,16538290,96.9,1203882194,2882,845,41.5,122855,76,85,2026-04-30,2026-08-11 11:43:24
1,2,OLD,20259773,슈퍼 마리오 갤럭시,2026-04-29,2266937540,33.4,1804693670,390.4,3283660560,231103,184083,391.5,341583,1577,6184,2026-05-01,2026-08-11 11:43:24
2,0,OLD,20259791,악마는 프라다를 입는다 2,2026-04-29,1896598430,27.9,896073550,89.6,4134207940,183788,82350,81.2,436994,1418,5804,2026-05-01,2026-08-11 11:43:24
3,-2,OLD,20254121,살목지,2026-04-08,1513571410,22.3,518635310,52.1,24453725230,146272,44125,43.2,2384300,1164,3003,2026-05-01,2026-08-11 11:43:24
4,0,OLD,20261782,프로젝트 헤일메리,2026-03-18,395468670,5.8,213568130,117.4,29244031190,32974,16177,96.3,2586488,422,580,2026-05-01,2026-08-11 11:43:24
5,0,OLD,20240532,짱구,2026-04-22,248391180,3.7,100934870,68.5,2400994830,24579,8301,51.0,249176,473,748,2026-05-01,2026-08-11 11:43:24
6,0,OLD,20262685,란 12.3,2026-04-22,135132260,2.0,69505400,105.9,1764277090,13643,6638,94.8,175588,274,334,2026-05-01,2026-08-11 11:43:24
7,0,OLD,20242837,왕과 사는 남자,2026-02-04,119421970,1.8,58583510,96.3,161719188030,12119,5467,82.2,16753200,252,322,2026-05-01,2026-08-11 11:43:24
8,1,OLD,20247648,내 이름은,2026-04-15,33859250,0.5,-5752650,-14.5,1645297620,3634,-872,-19.4,184649,177,221,2026-05-01,2026-08-11 11:43:24
9,0,NEW,20263327,사랑의 하츄핑 특별판,2026-05-01,31612550,0.5,31612550,100.0,31612550,3321,3321,100.0,3321,295,352,2026-05-01,2026-08-11 11:43:24
10,1,OLD,20262775,기동전사 건담: 섬광의 하사웨이 키르케의 마녀,2026-04-22,24853100,0.4,5203550,26.5,390632350,2365,-91,-3.7,29093,84,100,2026-05-01,2026-08-11 11:43:24
1,0,OLD,20259773,슈퍼 마리오 갤럭시,2026-04-29,1568221270,28.4,-698716270,-30.8,4851881830,157833,-73270,-31.7,499416,1608,6089,2026-05-02,2026-08-11 11:43:23
2,0,OLD,20259791,악마는 프라다를 입는다 2,2026-04-29,1596603230,28.9,-299995200,-15.8,5730811170,153936,-29852,-16.2,590930,1368,5318,2026-05-02,2026-08-11 11:43:23
3,0,OLD,20254121,살목지,2026-04-08,1320311580,23.9,-193259830,-12.8,25774036810,128023,-18249,-12.5,2512323,1318,3490,2026-05-02,2026-08-11 11:43:23
4,0,OLD,20261782,프로젝트 헤일메리,2026-03-18,376655680,6.8,-18812990,-4.8,29620686870,31577,-1397,-4.2,2618065,464,643,2026-05-02,2026-08-11 11:43:23
5,0,OLD,20240532,짱구,2026-04-22,244209220,4.4,-4181960,-1.7,2645204050,24202,-377,-1.5,273378,509,798,2026-05-02,2026-08-11 11:43:23
6,1,OLD,20242837,왕과 사는 남자,2026-02-04,115444720,2.1,-3977250,-3.3,161834632750,11581,-538,-4.4,16764781,290,378,2026-05-02,2026-08-11 11:43:23
7,-1,OLD,20262685,란 12.3,2026-04-22,110344450,2.0,-24787810,-18.3,1874621540,11115,-2528,-18.5,186703,280,343,2026-05-02,2026-08-11 11:43:23
8,0,OLD,20247648,내 이름은,2026-04-15,32751400,0.6,-1107850,-3.3,1678049020,3423,-211,-5.8,188072,169,209,2026-05-02,2026-08-11 11:43:23
9,1,OLD,20262775,기동전사 건담: 섬광의 하사웨이 키르케의 마녀,2026-04-22,24016600,0.4,-836500,-3.4,414648950,2250,-115,-4.9,31343,84,96,2026-05-02,2026-08-11 11:43:23
10,2,OLD,20070602,마녀배달부 키키,2007-11-22,21331400,0.4,6746300,46.3,1239798694,1967,586,42.4,126203,55,57,2026-05-02,2026-08-11 11:43:23
1,0,OLD,20259773,슈퍼 마리오 갤럭시,2026-04-29,1826682060,32.2,258460790,16.5,6678563890,186521,28688,18.2,685937,1589,5900,2026-05-03,2026-08-11 11:43:22
2,0,OLD,20259791,악마는 프라다를 입는다 2,2026-04-29,1493406370,26.3,-103196860,-6.5,7224217540,145089,-8847,-5.7,736019,1332,5081,2026-05-03,2026-08-11 11:43:22
3,0,OLD,20254121,살목지,2026-04-08,1265932690,22.3,-54378890,-4.1,27039969500,123702,-4321,-3.4,2636025,1349,3589,2026-05-03,2026-08-11 11:43:22
4,0,OLD,20261782,프로젝트 헤일메리,2026-03-18,370072580,6.5,-6583100,-1.7,29990759450,31520,-57,-0.2,2649585,486,686,2026-05-03,2026-08-11 11:43:22
5,0,OLD,20240532,짱구,2026-04-22,252956770,4.5,8747550,3.6,2898160820,25123,921,3.8,298501,535,826,2026-05-03,2026-08-11 11:43:22
6,0,OLD,20242837,왕과 사는 남자,2026-02-04,145790330,2.6,30345610,26.3,161980423080,14719,3138,27.1,16779500,322,416,2026-05-03,2026-08-11 11:43:22
7,0,OLD,20262685,란 12.3,2026-04-22,122765160,2.2,12420710,11.3,1997386700,12395,1280,11.5,199098,320,409,2026-05-03,2026-08-11 11:43:22
8,0,OLD,20247648,내 이름은,2026-04-15,35268260,0.6,2516860,7.7,1713317280,3901,478,14.0,191973,177,215,2026-05-03,2026-08-11 11:43:22
9,2,OLD,20263327,사랑의 하츄핑 특별판,2026-05-01,23627760,0.4,6648310,39.2,72219760,2471,720,41.1,7543,252,280,2026-05-03,2026-08-11 11:43:22
10,2,OLD,20262906,극장판 반짝반짝 달님이: 싱어롱 파티,2026-05-01,17458400,0.3,6157300,54.5,56111300,1833,629,52.2,5950,164,235,2026-05-03,2026-08-11 11:43:22
1,0,OLD,20259773,슈퍼 마리오 갤럭시,2026-04-29,1296316620,33.4,-530365440,-29.0,7974880510,141462,-45059,-24.2,827399,1487,5546,2026-05-04,2026-08-11 11:43:22
2,0,OLD,20259791,악마는 프라다를 입는다 2,2026-04-29,959650750,24.7,-533755620,-35.7,8183868290,98410,-46679,-32.2,834429,1252,4778,2026-05-04,2026-08-11 11:43:22
3,0,OLD,20254121,살목지,2026-04-08,892403820,23.0,-373528870,-29.5,27932373320,91937,-31765,-25.7,2727962,1216,3695,2026-05-04,2026-08-11 11:43:22
4,0,OLD,20261782,프로젝트 헤일메리,2026-03-18,293826210,7.6,-76246370,-20.6,30284585660,26249,-5271,-16.7,2675834,522,755,2026-05-04,2026-08-11 11:43:22
5,0,OLD,20240532,짱구,2026-04-22,149130540,3.8,-103826230,-41.0,3047291360,15623,-9500,-37.8,314124,497,797,2026-05-04,2026-08-11 11:43:22
6,0,OLD,20242837,왕과 사는 남자,2026-02-04,99629370,2.6,-46160960,-31.7,162080052450,10724,-3995,-27.1,16790224,325,437,2026-05-04,2026-08-11 11:43:22
7,0,OLD,20262685,란 12.3,2026-04-22,64661800,1.7,-58103360,-47.3,2062048500,6817,-5578,-45.0,205915,330,430,2026-05-04,2026-08-11 11:43:22
8,0,OLD,20247648,내 이름은,2026-04-15,21690300,0.6,-13577960,-38.5,1735007580,2220,-1681,-43.1,194193,146,185,2026-05-04,2026-08-11 11:43:22
9,0,OLD,20263327,사랑의 하츄핑 특별판,2026-05-01,13780700,0.4,-9847060,-41.7,86000460,1496,-975,-39.5,9039,213,237,2026-05-04,2026-08-11 11:43:22
10,1,OLD,20262775,기동전사 건담: 섬광의 하사웨이 키르케의 마녀,2026-04-22,13365900,0.3,-5540400,-29.3,446921150,1436,-330,-18.7,34545,85,96,2026-05-04,2026-08-11 11:43:22
1,0,OLD,20259773,슈퍼 마리오 갤럭시,2026-04-29,2732284910,45.1,1435968290,110.8,10707165420,283280,141818,100.3,1110679,1847,6853,2026-05-05,2026-08-11 11:43:21
2,0,OLD,20259791,악마는 프라다를 입는다 2,2026-04-29,1270274500,21.0,310623750,32.4,9454142790,124686,26276,26.7,959115,1199,4038,2026-05-05,2026-08-11 11:43:21
3,0,OLD,20254121,살목지,2026-04-08,1105314490,18.2,212910670,23.9,29037687810,108212,16275,17.7,2836174,1233,3333,2026-05-05,2026-08-11 11:43:21
4,0,OLD,20261782,프로젝트 헤일메리,2026-03-18,357831060,5.9,64004850,21.8,30642416720,30809,4560,17.4,2706643,496,708,2026-05-05,2026-08-11 11:43:21
5,0,OLD,20240532,짱구,2026-04-22,188177010,3.1,39046470,26.2,3235468370,19000,3377,21.6,333124,505,754,2026-05-05,2026-08-11 11:43:21
6,0,OLD,20242837,왕과 사는 남자,2026-02-04,131301150,2.2,31671780,31.8,162211353600,13309,2585,24.1,16803533,350,455,2026-05-05,2026-08-11 11:43:21
7,0,OLD,20262685,란 12.3,2026-04-22,86380500,1.4,21718700,33.6,2148429000,8889,2072,30.4,214804,268,330,2026-05-05,2026-08-11 11:43:21
8,1,OLD,20263327,사랑의 하츄핑 특별판,2026-05-01,31415900,0.5,17635200,128.0,117416360,3284,1788,119.5,12323,254,299,2026-05-05,2026-08-11 11:43:21
9,2,OLD,20262906,극장판 반짝반짝 달님이: 싱어롱 파티,2026-05-01,22656650,0.4,11928850,111.2,89495750,2342,1119,91.5,9515,169,238,2026-05-05,2026-08-11 11:43:21
10,-2,OLD,20247648,내 이름은,2026-04-15,19394600,0.3,-2295700,-10.6,1754402180,2073,-147,-6.6,196266,140,165,2026-05-05,2026-08-11 11:43:21
1,1,OLD,20259791,악마는 프라다를 입는다 2,2026-04-29,353401880,33.7,-916872620,-72.2,9807544670,35509,-89177,-71.5,994624,1158,3912,2026-05-06,2026-08-11 11:43:21
2,1,OLD,20254121,살목지,2026-04-08,213027110,20.3,-892287380,-80.7,29250714920,20988,-87224,-80.6,2857162,961,2874,2026-05-06,2026-08-11 11:43:21
3,-2,OLD,20259773,슈퍼 마리오 갤럭시,2026-04-29,129249190,12.3,-2603035720,-95.3,10836414610,13523,-269757,-95.2,1124202,900,2280,2026-05-06,2026-08-11 11:43:21
4,0,OLD,20261782,프로젝트 헤일메리,2026-03-18,105995390,10.1,-251835670,-70.4,30748412110,9281,-21528,-69.9,2715924,488,807,2026-05-06,2026-08-11 11:43:21
5,0,OLD,20240532,짱구,2026-04-22,64895270,6.2,-123281740,-65.5,3300363640,7081,-11919,-62.7,340205,448,722,2026-05-06,2026-08-11 11:43:21
6,0,OLD,20242837,왕과 사는 남자,2026-02-04,30149800,2.9,-101151350,-77.0,162241503400,3299,-10010,-75.2,16806832,324,438,2026-05-06,2026-08-11 11:43:21
7,0,NEW,20262947,모탈 컴뱃 2,2026-05-06,27663250,2.6,27663250,100.0,29157250,2543,2543,100.0,2709,365,592,2026-05-06,2026-08-11 11:43:21
8,-1,OLD,20262685,란 12.3,2026-04-22,21038300,2.0,-65342200,-75.6,2169467300,2227,-6662,-74.9,217031,253,335,2026-05-06,2026-08-11 11:43:21
9,0,NEW,20261943,올 그린스,2026-05-06,15269950,1.5,15269950,100.0,19079950,2194,2194,100.0,2694,133,201,2026-05-06,2026-08-11 11:43:21
10,3,OLD,20262775,기동전사 건담: 섬광의 하사웨이 키르케의 마녀,2026-04-22,13234400,1.3,1691350,14.7,471698600,1954,880,81.9,37573,55,61,2026-05-06,2026-08-11 11:43:21
1,0,OLD,20259791,악마는 프라다를 입는다 2,2026-04-29,313116700,31.4,-40285180,-11.4,10120661370,31480,-4029,-11.3,1026104,1173,3792,2026-05-07,2026-08-11 11:43:20
2,0,OLD,20254121,살목지,2026-04-08,185687020,18.6,-27340090,-12.8,29436401940,18283,-2705,-12.9,2875445,929,2748,2026-05-07,2026-08-11 11:43:20
3,0,OLD,20259773,슈퍼 마리오 갤럭시,2026-04-29,101582780,10.2,-27666410,-21.4,10937997390,10471,-3052,-22.6,1134673,880,2003,2026-05-07,2026-08-11 11:43:20
4,0,OLD,20261782,프로젝트 헤일메리,2026-03-18,98177580,9.8,-7817810,-7.4,30846589690,8492,-789,-8.5,2724416,543,859,2026-05-07,2026-08-11 11:43:20
5,0,NEW,20259626,마이클,2026-05-13,73401000,7.4,73401000,100.0,144057000,8113,8113,100.0,15115,45,45,2026-05-07,2026-08-11 11:43:20
6,-1,OLD,20240532,짱구,2026-04-22,49583740,5.0,-15311530,-23.6,3349947380,5142,-1939,-27.4,345347,457,734,2026-05-07,2026-08-11 11:43:20
7,-1,OLD,20242837,왕과 사는 남자,2026-02-04,34783450,3.5,4633650,15.4,162276286850,3922,623,18.9,16810754,361,494,2026-05-07,2026-08-11 11:43:20
8,0,OLD,20262685,란 12.3,2026-04-22,22746200,2.3,1707900,8.1,2192213500,2431,204,9.2,219462,275,381,2026-05-07,2026-08-11 11:43:20
9,-2,OLD,20262947,모탈 컴뱃 2,2026-05-06,17902650,1.8,-9760600,-35.3,47059900,1706,-837,-32.9,4415,358,515,2026-05-07,2026-08-11 11:43:20
10,1,OLD,20247648,내 이름은,2026-04-15,13816050,1.4,-1926850,-12.2,1783961130,1592,-153,-8.8,199603,126,167,2026-05-07,2026-08-11 11:43:20
1,0,OLD,20259791,악마는 프라다를 입는다 2,2026-04-29,439076090,33.8,125959390,40.2,10559737460,42875,11395,36.2,1068979,1182,4046,2026-05-08,2026-08-11 11:43:19
2,0,OLD,20254121,살목지,2026-04-08,276930830,21.3,91243810,49.1,29713332770,26377,8094,44.3,2901822,996,3233,2026-05-08,2026-08-11 11:43:19
3,0,OLD,20259773,슈퍼 마리오 갤럭시,2026-04-29,168721020,13.0,67138240,66.1,11106718410,17524,7053,67.4,1152197,924,2350,2026-05-08,2026-08-11 11:43:19
4,0,OLD,20261782,프로젝트 헤일메리,2026-03-18,151858280,11.7,53680700,54.7,30998447970,12485,3993,47.0,2736901,568,955,2026-05-08,2026-08-11 11:43:19
5,1,OLD,20240532,짱구,2026-04-22,61352800,4.7,11769060,23.7,3411300180,6118,976,19.0,351465,473,813,2026-05-08,2026-08-11 11:43:19
6,1,OLD,20242837,왕과 사는 남자,2026-02-04,54004050,4.2,19220600,55.3,162330290900,5823,1901,48.5,16816577,424,598,2026-05-08,2026-08-11 11:43:19
7,1,OLD,20262685,란 12.3,2026-04-22,24332350,1.9,1586150,7.0,2216545850,2393,-38,-1.6,221855,301,414,2026-05-08,2026-08-11 11:43:19
8,1,OLD,20262947,모탈 컴뱃 2,2026-05-06,24040050,1.9,6137400,34.3,71099950,2135,429,25.1,6550,362,526,2026-05-08,2026-08-11 11:43:19
9,1,OLD,20247648,내 이름은,2026-04-15,17033600,1.3,3217550,23.3,1800994730,2056,464,29.1,201659,106,144,2026-05-08,2026-08-11 11:43:19
10,2,OLD,20262775,기동전사 건담: 섬광의 하사웨이 키르케의 마녀,2026-04-22,6347700,0.5,-754900,-10.6,485148900,757,-219,-22.4,39306,52,58,2026-05-08,2026-08-11 11:43:19
1,0,OLD,20259791,악마는 프라다를 입는다 2,2026-04-29,880958490,27.9,441882400,100.6,11440695950,84302,41427,96.6,1153281,1162,4165,2026-05-09,2026-08-11 11:43:19
2,1,OLD,20259773,슈퍼 마리오 갤럭시,2026-04-29,817825580,25.9,649104560,384.7,11924543990,84026,66502,379.5,1236223,1435,4789,2026-05-09,2026-08-11 11:43:19
3,-1,OLD,20254121,살목지,2026-04-08,672255250,21.3,395324420,142.8,30385588020,64731,38354,145.4,2966553,1083,3863,2026-05-09,2026-08-11 11:43:19
4,0,OLD,20261782,프로젝트 헤일메리,2026-03-18,319634340,10.1,167776060,110.5,31318082310,25296,12811,102.6,2762197,605,1107,2026-05-09,2026-08-11 11:43:19
5,0,OLD,20240532,짱구,2026-04-22,132699780,4.2,71346980,116.3,3543999960,12913,6795,111.1,364378,498,900,2026-05-09,2026-08-11 11:43:19
6,0,OLD,20242837,왕과 사는 남자,2026-02-04,87749830,2.8,33745780,62.5,162418040730,8658,2835,48.7,16825235,400,596,2026-05-09,2026-08-11 11:43:19
7,0,OLD,20262685,란 12.3,2026-04-22,43943760,1.4,19611410,80.6,2260489610,4322,1929,80.6,226177,305,405,2026-05-09,2026-08-11 11:43:19
8,0,OLD,20262947,모탈 컴뱃 2,2026-05-06,37534140,1.2,13494090,56.1,108634090,3159,1024,48.0,9709,365,447,2026-05-09,2026-08-11 11:43:19
9,0,OLD,20247648,내 이름은,2026-04-15,13772500,0.4,-3261100,-19.1,1814767230,1545,-511,-24.9,203204,104,127,2026-05-09,2026-08-11 11:43:19
10,2,OLD,20261943,올 그린스,2026-05-06,11126200,0.4,4537400,68.9,45345750,1228,485,65.3,5847,120,147,2026-05-09,2026-08-11 11:43:19
1,1,OLD,20259773,슈퍼 마리오 갤럭시,2026-04-29,799922360,28.9,-17903220,-2.2,12724466350,82482,-1544,-1.8,1318705,1422,4618,2026-05-10,2026-08-11 11:43:18
2,-1,OLD,20259791,악마는 프라다를 입는다 2,2026-04-29,709762320,25.6,-171196170,-19.4,12150458270,68336,-15966,-18.9,1221617,1132,3898,2026-05-10,2026-08-11 11:43:18
3,0,OLD,20254121,살목지,2026-04-08,581454750,21.0,-90800500,-13.5,30967042770,56204,-8527,-13.2,3022757,1088,3653,2026-05-10,2026-08-11 11:43:18
4,0,OLD,20261782,프로젝트 헤일메리,2026-03-18,257972810,9.3,-61661530,-19.3,31576055120,20769,-4527,-17.9,2782966,608,1047,2026-05-10,2026-08-11 11:43:18
5,0,OLD,20240532,짱구,2026-04-22,125904100,4.5,-6795680,-5.1,3669904060,12231,-682,-5.3,376609,494,869,2026-05-10,2026-08-11 11:43:18
6,0,OLD,20242837,왕과 사는 남자,2026-02-04,83398400,3.0,-4351430,-5.0,162501439130,8286,-372,-4.3,16833521,385,566,2026-05-10,2026-08-11 11:43:18
7,0,OLD,20262685,란 12.3,2026-04-22,41936150,1.5,-2007610,-4.6,2302425760,4210,-112,-2.6,230387,297,398,2026-05-10,2026-08-11 11:43:18
8,0,OLD,20262947,모탈 컴뱃 2,2026-05-06,27477950,1.0,-10056190,-26.8,136112040,2340,-819,-25.9,12049,335,404,2026-05-10,2026-08-11 11:43:18
9,0,OLD,20247648,내 이름은,2026-04-15,13356750,0.5,-415750,-3.0,1828123980,1540,-5,-0.3,204744,97,122,2026-05-10,2026-08-11 11:43:18
10,1,OLD,20262775,기동전사 건담: 섬광의 하사웨이 키르케의 마녀,2026-04-22,8243550,0.3,-2494900,-23.2,504130900,819,-330,-28.7,41274,50,53,2026-05-10,2026-08-11 11:43:18
1,1,OLD,20259791,악마는 프라다를 입는다 2,2026-04-29,250692610,34.1,-459069710,-64.7,12401150880,24856,-43480,-63.6,1246473,1079,3498,2026-05-11,2026-08-11 11:43:17
2,1,OLD,20254121,살목지,2026-04-08,149637230,20.4,-431817520,-74.3,31116680000,14561,-41643,-74.1,3037318,878,2641,2026-05-11,2026-08-11 11:43:17
3,-2,OLD,20259773,슈퍼 마리오 갤럭시,2026-04-29,72856350,9.9,-727066010,-90.9,12797322700,7191,-75291,-91.3,1325896,733,1685,2026-05-11,2026-08-11 11:43:17
4,0,OLD,20261782,프로젝트 헤일메리,2026-03-18,86328020,11.7,-171644790,-66.5,31662383140,7049,-13720,-66.1,2790015,546,934,2026-05-11,2026-08-11 11:43:17
5,0,OLD,20240532,짱구,2026-04-22,43781220,6.0,-82122880,-65.2,3713685280,4447,-7784,-63.6,381056,429,785,2026-05-11,2026-08-11 11:43:17
6,0,OLD,20242837,왕과 사는 남자,2026-02-04,31877200,4.3,-51521200,-61.8,162533316330,3446,-4840,-58.4,16836967,372,555,2026-05-11,2026-08-11 11:43:17
7,0,OLD,20262685,란 12.3,2026-04-22,15206950,2.1,-26729200,-63.7,2317632710,1590,-2620,-62.2,231977,271,360,2026-05-11,2026-08-11 11:43:17
8,5,OLD,20259626,마이클,2026-05-13,16200000,2.2,3348000,26.1,188341000,1506,750,99.2,18371,4,4,2026-05-11,2026-08-11 11:43:17
9,-1,OLD,20262947,모탈 컴뱃 2,2026-05-06,12540250,1.7,-14937700,-54.4,148652290,1168,-1172,-50.1,13217,314,410,2026-05-11,2026-08-11 11:43:17
10,-1,OLD,20247648,내 이름은,2026-04-15,8243200,1.1,-5113550,-38.3,1836367180,896,-644,-41.8,205640,99,128,2026-05-11,2026-08-11 11:43:17
1,0,OLD,20259791,악마는 프라다를 입는다 2,2026-04-29,233015130,32.0,-17677480,-7.1,12634166010,23289,-1567,-6.3,1269762,1099,3484,2026-05-12,2026-08-11 11:43:16
2,0,OLD,20254121,살목지,2026-04-08,135801390,18.7,-13835840,-9.2,31252481390,13398,-1163,-8.0,3050716,891,2632,2026-05-12,2026-08-11 11:43:16
3,1,OLD,20261782,프로젝트 헤일메리,2026-03-18,92794180,12.8,6466160,7.5,31755177320,7512,463,6.6,2797527,545,961,2026-05-12,2026-08-11 11:43:16
4,-1,OLD,20259773,슈퍼 마리오 갤럭시,2026-04-29,72908300,10.0,51950,0.1,12870231000,7350,159,2.2,1333246,730,1641,2026-05-12,2026-08-11 11:43:16
5,1,OLD,20242837,왕과 사는 남자,2026-02-04,42324220,5.8,10447020,32.8,162575640550,4875,1429,41.5,16841842,398,592,2026-05-12,2026-08-11 11:43:16
6,-1,OLD,20240532,짱구,2026-04-22,41101850,5.7,-2679370,-6.1,3754787130,4170,-277,-6.2,385226,436,791,2026-05-12,2026-08-11 11:43:16
7,0,OLD,20262685,란 12.3,2026-04-22,22971150,3.2,7764200,51.1,2340603860,2566,976,61.4,234543,275,375,2026-05-12,2026-08-11 11:43:16
8,1,OLD,20262947,모탈 컴뱃 2,2026-05-06,12890900,1.8,350650,2.8,161543190,1216,48,4.1,14433,316,404,2026-05-12,2026-08-11 11:43:16
9,1,OLD,20247648,내 이름은,2026-04-15,8668500,1.2,425300,5.2,1845035680,1069,173,19.3,206709,103,136,2026-05-12,2026-08-11 11:43:16
10,2,OLD,20261943,올 그린스,2026-05-06,4909500,0.7,396900,8.8,62722550,554,70,14.5,7695,107,139,2026-05-12,2026-08-11 11:43:16
1,19,OLD,20259626,마이클,2026-05-13,1048765650,55.2,1046770650,52469.7,1239101650,99902,99687,46366.0,118488,1734,6157,2026-05-13,2026-08-11 11:43:16
2,-1,OLD,20259791,악마는 프라다를 입는다 2,2026-04-29,292037450,15.4,59022320,25.3,12926203460,29970,6681,28.7,1299732,817,2285,2026-05-13,2026-08-11 11:43:16
3,-1,OLD,20254121,살목지,2026-04-08,158754100,8.4,22952710,16.9,31411235490,16441,3043,22.7,3067157,728,1841,2026-05-13,2026-08-11 11:43:16
4,-1,OLD,20261782,프로젝트 헤일메리,2026-03-18,70766810,3.7,-22027370,-23.7,31825944130,7048,-464,-6.2,2804575,356,495,2026-05-13,2026-08-11 11:43:16
5,-1,OLD,20259773,슈퍼 마리오 갤럭시,2026-04-29,59740620,3.1,-13167680,-18.1,12929971620,6561,-789,-10.7,1339807,519,838,2026-05-13,2026-08-11 11:43:16
6,-1,OLD,20242837,왕과 사는 남자,2026-02-04,37597000,2.0,-4727220,-11.2,162613237550,4625,-250,-5.1,16846467,266,335,2026-05-13,2026-08-11 11:43:16
7,0,NEW,20252801,교생실습,2026-05-13,32963550,1.7,32963550,100.0,48736550,3707,3707,100.0,5801,253,394,2026-05-13,2026-08-11 11:43:16
8,-2,OLD,20240532,짱구,2026-04-22,30379100,1.6,-10722750,-26.1,3785166230,3306,-864,-20.7,388532,324,445,2026-05-13,2026-08-11 11:43:16
9,0,NEW,20040695,이프 온리,2004-10-29,30361050,1.6,30361050,100.0,6983325760,2988,2988,100.0,1040634,223,309,2026-05-13,2026-08-11 11:43:16
10,0,NEW,20194376,탑건: 매버릭,2022-06-22,27551250,1.5,27551250,100.0,88564987444,2718,2718,100.0,8252163,111,174,2026-05-13,2026-08-11 11:43:16
1,0,OLD,20259626,마이클,2026-05-13,653730300,46.9,-395035350,-37.7,1892831950,59035,-40867,-40.9,177523,1687,5731,2026-05-14,2026-08-11 11:43:15
2,0,OLD,20259791,악마는 프라다를 입는다 2,2026-04-29,252564470,18.1,-39472980,-13.5,13178767930,23909,-6061,-20.2,1323641,826,2301,2026-05-14,2026-08-11 11:43:15
3,0,OLD,20254121,살목지,2026-04-08,124792170,9.0,-33961930,-21.4,31536027660,11588,-4853,-29.5,3078745,715,1763,2026-05-14,2026-08-11 11:43:15
4,1,OLD,20259773,슈퍼 마리오 갤럭시,2026-04-29,57093380,4.1,-2647240,-4.4,12987065000,6117,-444,-6.8,1345924,515,805,2026-05-14,2026-08-11 11:43:15
5,-1,OLD,20261782,프로젝트 헤일메리,2026-03-18,56127050,4.0,-14639760,-20.7,31882071180,5192,-1856,-26.3,2809767,381,519,2026-05-14,2026-08-11 11:43:15
6,0,OLD,20242837,왕과 사는 남자,2026-02-04,33632950,2.4,-3964050,-10.5,162646870500,3739,-886,-19.2,16850206,261,326,2026-05-14,2026-08-11 11:43:15
7,0,OLD,20252801,교생실습,2026-05-13,24873900,1.8,-8089650,-24.5,73610450,3484,-223,-6.0,9285,237,396,2026-05-14,2026-08-11 11:43:15
8,0,OLD,20240532,짱구,2026-04-22,27491600,2.0,-2887500,-9.5,3812657830,2885,-421,-12.7,391417,296,407,2026-05-14,2026-08-11 11:43:15
9,0,OLD,20040695,이프 온리,2004-10-29,27762100,2.0,-2598950,-8.6,7011087860,2474,-514,-17.2,1043108,231,320,2026-05-14,2026-08-11 11:43:15
10,0,OLD,20194376,탑건: 매버릭,2022-06-22,25112800,1.8,-2438450,-8.9,88590100244,2087,-631,-23.2,8254250,125,198,2026-05-14,2026-08-11 11:43:15
1,0,OLD,20259626,마이클,2026-05-13,1011694630,49.3,357964330,54.8,2904526580,86922,27887,47.2,264445,1718,6216,2026-05-15,2026-08-11 11:43:14
2,0,OLD,20259791,악마는 프라다를 입는다 2,2026-04-29,335660670,16.4,83096200,32.9,13514428600,30518,6609,27.6,1354159,843,2487,2026-05-15,2026-08-11 11:43:14
3,0,OLD,20254121,살목지,2026-04-08,221876930,10.8,97084760,77.8,31757904590,20009,8421,72.7,3098754,743,2011,2026-05-15,2026-08-11 11:43:14
4,0,OLD,20259773,슈퍼 마리오 갤럭시,2026-04-29,90325930,4.4,33232550,58.2,13077390930,9229,3112,50.9,1355153,579,944,2026-05-15,2026-08-11 11:43:14
5,0,OLD,20261782,프로젝트 헤일메리,2026-03-18,92849590,4.5,36722540,65.4,31974920770,8386,3194,61.5,2818153,414,598,2026-05-15,2026-08-11 11:43:14
6,0,OLD,20242837,왕과 사는 남자,2026-02-04,39141120,1.9,5508170,16.4,162686011620,4155,416,11.1,16854361,276,346,2026-05-15,2026-08-11 11:43:14
7,0,OLD,20252801,교생실습,2026-05-13,27754250,1.4,2880350,11.6,101364700,3378,-106,-3.0,12663,240,385,2026-05-15,2026-08-11 11:43:14
8,1,OLD,20040695,이프 온리,2004-10-29,37642710,1.8,9880610,35.6,7048730570,3187,713,28.8,1046295,231,328,2026-05-15,2026-08-11 11:43:14
9,-1,OLD,20240532,짱구,2026-04-22,31154620,1.5,3663020,13.3,3843812450,3080,195,6.8,394497,306,438,2026-05-15,2026-08-11 11:43:14
10,0,OLD,20194376,탑건: 매버릭,2022-06-22,39314500,1.9,14201700,56.6,88629414744,3061,974,46.7,8257311,131,204,2026-05-15,2026-08-11 11:43:14
1,0,OLD,20259626,마이클,2026-05-13,2384957140,51.9,1373262510,135.7,5289483720,204422,117500,135.2,468867,1696,6808,2026-05-16,2026-08-11 11:43:14
2,2,OLD,20259773,슈퍼 마리오 갤럭시,2026-04-29,559033840,12.2,468707910,518.9,13636424770,55266,46037,498.8,1410419,902,2198,2026-05-16,2026-08-11 11:43:14
3,-1,OLD,20259791,악마는 프라다를 입는다 2,2026-04-29,562367290,12.2,226706620,67.5,14076795890,49883,19365,63.5,1404042,870,2621,2026-05-16,2026-08-11 11:43:14
4,-1,OLD,20254121,살목지,2026-04-08,432101080,9.4,210224150,94.7,32190005670,38823,18814,94.0,3137577,751,2170,2026-05-16,2026-08-11 11:43:14
5,0,OLD,20261782,프로젝트 헤일메리,2026-03-18,180963400,3.9,88113810,94.9,32155884170,15867,7481,89.2,2834020,437,623,2026-05-16,2026-08-11 11:43:14
6,4,OLD,20194376,탑건: 매버릭,2022-06-22,90978610,2.0,51664110,131.4,88720393354,7199,4138,135.2,8264510,133,207,2026-05-16,2026-08-11 11:43:14
7,0,OLD,20252801,교생실습,2026-05-13,47693350,1.0,19939100,71.8,149058050,5250,1872,55.4,17913,237,350,2026-05-16,2026-08-11 11:43:14
8,1,OLD,20240532,짱구,2026-04-22,49866370,1.1,18711750,60.1,3893678820,4684,1604,52.1,399181,284,408,2026-05-16,2026-08-11 11:43:14
9,-3,OLD,20242837,왕과 사는 남자,2026-02-04,49144000,1.1,10002880,25.6,162735155620,4664,509,12.3,16859025,249,328,2026-05-16,2026-08-11 11:43:14
10,-2,OLD,20040695,이프 온리,2004-10-29,51651810,1.1,14009100,37.2,7100382380,4475,1288,40.4,1050770,232,291,2026-05-16,2026-08-11 11:43:14
1,0,OLD,20259626,마이클,2026-05-13,2041192250,50.9,-343764890,-14.4,7330675970,179025,-25397,-12.4,647892,1661,6416,2026-05-17,2026-08-11 11:43:13
2,0,OLD,20259773,슈퍼 마리오 갤럭시,2026-04-29,597054380,14.9,38020540,6.8,14233479150,59067,3801,6.9,1469486,903,2169,2026-05-17,2026-08-11 11:43:13
3,0,OLD,20259791,악마는 프라다를 입는다 2,2026-04-29,450656330,11.2,-111710960,-19.9,14527452220,40144,-9739,-19.5,1444186,847,2516,2026-05-17,2026-08-11 11:43:13
4,0,OLD,20254121,살목지,2026-04-08,353002090,8.8,-79098990,-18.3,32543007760,32131,-6692,-17.2,3169708,743,2010,2026-05-17,2026-08-11 11:43:13
5,0,OLD,20261782,프로젝트 헤일메리,2026-03-18,146776040,3.7,-34187360,-18.9,32302660210,13124,-2743,-17.3,2847144,424,598,2026-05-17,2026-08-11 11:43:13
6,0,OLD,20194376,탑건: 매버릭,2022-06-22,74198600,1.8,-16780010,-18.4,88794591954,6030,-1169,-16.2,8270540,135,195,2026-05-17,2026-08-11 11:43:13
7,2,OLD,20242837,왕과 사는 남자,2026-02-04,50713170,1.3,1569170,3.2,162785868790,4854,190,4.1,16863879,252,330,2026-05-17,2026-08-11 11:43:13
8,2,OLD,20040695,이프 온리,2004-10-29,55535390,1.4,3883580,7.5,7155917770,4820,345,7.7,1055590,242,302,2026-05-17,2026-08-11 11:43:13
9,-1,OLD,20240532,짱구,2026-04-22,49453400,1.2,-412970,-0.8,3943132220,4676,-8,-0.2,403857,284,407,2026-05-17,2026-08-11 11:43:13
10,-3,OLD,20252801,교생실습,2026-05-13,36358800,0.9,-11334550,-23.8,185416850,4109,-1141,-21.7,22022,237,340,2026-05-17,2026-08-11 11:43:13
1,0,OLD,20259626,마이클,2026-05-13,479831820,47.6,-1561360430,-76.5,7810507790,43653,-135372,-75.6,691545,1534,5202,2026-05-18,2026-08-11 11:43:12
2,1,OLD,20259791,악마는 프라다를 입는다 2,2026-04-29,151073870,15.0,-299582460,-66.5,14678526090,14277,-25867,-64.4,1458463,774,2200,2026-05-18,2026-08-11 11:43:12
3,1,OLD,20254121,살목지,2026-04-08,95426650,9.5,-257575440,-73.0,32638434410,8793,-23338,-72.6,3178501,622,1583,2026-05-18,2026-08-11 11:43:12
4,1,OLD,20261782,프로젝트 헤일메리,2026-03-18,43297140,4.3,-103478900,-70.5,32345957350,3965,-9159,-69.8,2851109,391,580,2026-05-18,2026-08-11 11:43:12
5,-3,OLD,20259773,슈퍼 마리오 갤럭시,2026-04-29,36799980,3.6,-560254400,-93.8,14270279130,3642,-55425,-93.8,1473128,444,685,2026-05-18,2026-08-11 11:43:12
6,0,NEW,20248252,와일드 씽,2026-06-03,22216000,2.2,22216000,100.0,24210000,2440,2440,100.0,2652,8,9,2026-05-18,2026-08-11 11:43:12
7,0,OLD,20242837,왕과 사는 남자,2026-02-04,22702700,2.2,-28010470,-55.2,162808571490,2426,-2428,-50.0,16866305,261,348,2026-05-18,2026-08-11 11:43:12
8,0,NEW,20252402,군체,2026-05-21,20498000,2.0,20498000,100.0,24308000,1941,1941,100.0,2347,9,9,2026-05-18,2026-08-11 11:43:12
9,-1,OLD,20040695,이프 온리,2004-10-29,20203150,2.0,-35332240,-63.6,7176120920,1830,-2990,-62.0,1057420,210,290,2026-05-18,2026-08-11 11:43:12
10,-1,OLD,20240532,짱구,2026-04-22,17974100,1.8,-31479300,-63.7,3961106320,1790,-2886,-61.7,405647,264,364,2026-05-18,2026-08-11 11:43:12
1,0,OLD,20259626,마이클,2026-05-13,410894860,44.1,-68936960,-14.4,8221402650,38030,-5623,-12.9,729575,1526,5059,2026-05-19,2026-08-11 11:43:12
2,0,OLD,20259791,악마는 프라다를 입는다 2,2026-04-29,144264530,15.5,-6809340,-4.5,14822790620,13783,-494,-3.5,1472246,772,2174,2026-05-19,2026-08-11 11:43:12
3,0,OLD,20254121,살목지,2026-04-08,85084100,9.1,-10342550,-10.8,32723518510,7973,-820,-9.3,3186474,613,1541,2026-05-19,2026-08-11 11:43:12
4,1,OLD,20259773,슈퍼 마리오 갤럭시,2026-04-29,36829940,4.0,29960,0.1,14307109070,3890,248,6.8,1477018,442,666,2026-05-19,2026-08-11 11:43:12
5,-1,OLD,20261782,프로젝트 헤일메리,2026-03-18,41028280,4.4,-2268860,-5.2,32386985630,3750,-215,-5.4,2854859,401,578,2026-05-19,2026-08-11 11:43:12
6,1,OLD,20242837,왕과 사는 남자,2026-02-04,26663250,2.9,3960550,17.4,162835234740,3014,588,24.2,16869319,261,353,2026-05-19,2026-08-11 11:43:12
7,3,OLD,20240532,짱구,2026-04-22,19875800,2.1,1901700,10.6,3980982120,2144,354,19.8,407791,265,366,2026-05-19,2026-08-11 11:43:12
8,0,OLD,20252402,군체,2026-05-21,21062000,2.3,564000,2.8,45370000,1953,12,0.6,4300,9,9,2026-05-19,2026-08-11 11:43:12
9,0,OLD,20040695,이프 온리,2004-10-29,20509050,2.2,305900,1.5,7196629970,1833,3,0.2,1059253,211,291,2026-05-19,2026-08-11 11:43:12
10,1,OLD,20194376,탑건: 매버릭,2022-06-22,21837720,2.3,1541800,7.6,88836725594,1830,149,8.9,8274051,130,184,2026-05-19,2026-08-11 11:43:12
1,0,OLD,20259626,마이클,2026-05-13,522751410,38.7,111856550,27.2,8744154060,48844,10814,28.4,778419,1563,5288,2026-05-20,2026-08-11 11:43:11
2,0,OLD,20259791,악마는 프라다를 입는다 2,2026-04-29,169166720,12.5,24902190,17.3,14991957340,15939,2156,15.6,1488185,752,2137,2026-05-20,2026-08-11 11:43:11
3,5,OLD,20252402,군체,2026-05-21,135623000,10.0,114561000,543.9,180993000,14212,12259,627.7,18512,68,70,2026-05-20,2026-08-11 11:43:11
4,0,NEW,20262975,신극장판 은혼: 요시와라 대염상,2026-05-20,131275280,9.7,131275280,100.0,152998450,11687,11687,100.0,13475,440,901,2026-05-20,2026-08-11 11:43:11
5,-2,OLD,20254121,살목지,2026-04-08,101787700,7.5,16703600,19.6,32825306210,9620,1647,20.7,3196094,644,1560,2026-05-20,2026-08-11 11:43:11
6,-1,OLD,20261782,프로젝트 헤일메리,2026-03-18,52963600,3.9,11935320,29.1,32439949230,4949,1199,32.0,2859808,370,537,2026-05-20,2026-08-11 11:43:11
7,-3,OLD,20259773,슈퍼 마리오 갤럭시,2026-04-29,34344910,2.5,-2485030,-6.7,14341453980,3741,-149,-3.8,1480759,392,531,2026-05-20,2026-08-11 11:43:11
8,0,NEW,20263344,너바나 더 밴드 : 전설적 밴드 ‘너바나’와는 별 관련 없는 ‘너바나 더 밴드’의 콤비 맷과 제이. 어느 날 공연을 위해 타임머신을 만드는 황당한 작전을 세우고 처음 만났던 17년 전으로 돌,2026-05-20,41492300,3.1,41492300,100.0,57821300,3635,3635,100.0,5154,155,273,2026-05-20,2026-08-11 11:43:11
9,-3,OLD,20242837,왕과 사는 남자,2026-02-04,31056600,2.3,4393350,16.5,162866291340,3521,507,16.8,16872840,251,344,2026-05-20,2026-08-11 11:43:11
10,0,OLD,20194376,탑건: 매버릭,2022-06-22,22155540,1.6,317820,1.5,88858881134,1915,85,4.6,8275966,93,147,2026-05-20,2026-08-11 11:43:11
1,2,OLD,20252402,군체,2026-05-21,2134346400,74.6,1998723400,1473.7,2315339400,199762,185550,1305.6,218274,1964,8118,2026-05-21,2026-08-11 11:43:10
2,-1,OLD,20259626,마이클,2026-05-13,306013710,10.7,-216737700,-41.5,9050167770,29285,-19559,-40.0,807704,868,2623,2026-05-21,2026-08-11 11:43:10
3,-1,OLD,20259791,악마는 프라다를 입는다 2,2026-04-29,100808750,3.5,-68357970,-40.4,15092766090,9413,-6526,-40.9,1497598,529,1108,2026-05-21,2026-08-11 11:43:10
4,0,OLD,20262975,신극장판 은혼: 요시와라 대염상,2026-05-20,45314610,1.6,-85960670,-65.5,198313060,4093,-7594,-65.0,17568,373,603,2026-05-21,2026-08-11 11:43:10
5,0,NEW,20263253,극장판 내 마음의 위험한 녀석,2026-05-21,43427110,1.5,43427110,100.0,43427110,3895,3895,100.0,3895,115,205,2026-05-21,2026-08-11 11:43:10
6,0,NEW,20263363,리마인더스 오브 힘,2026-05-27,21000000,0.7,21000000,100.0,21000000,3000,3000,100.0,3000,17,17,2026-05-21,2026-08-11 11:43:10
7,-2,OLD,20254121,살목지,2026-04-08,32064850,1.1,-69722850,-68.5,32857371060,2914,-6706,-69.7,3199008,384,545,2026-05-21,2026-08-11 11:43:10
8,0,OLD,20263344,너바나 더 밴드 : 전설적 밴드 ‘너바나’와는 별 관련 없는 ‘너바나 더 밴드’의 콤비 맷과 제이. 어느 날 공연을 위해 타임머신을 만드는 황당한 작전을 세우고 처음 만났던 17년 전으로 돌,2026-05-20,31733050,1.1,-9759250,-23.5,89554350,2674,-961,-26.4,7828,133,212,2026-05-21,2026-08-11 11:43:10
9,-2,OLD,20259773,슈퍼 마리오 갤럭시,2026-04-29,19872600,0.7,-14472310,-42.1,14361326580,2518,-1223,-32.7,1483277,200,234,2026-05-21,2026-08-11 11:43:10
10,-1,OLD,20242837,왕과 사는 남자,2026-02-04,18803950,0.7,-12252650,-39.5,162885095290,2334,-1187,-33.7,16875174,137,161,2026-05-21,2026-08-11 11:43:10
1,0,OLD,20252402,군체,2026-05-21,2579467970,73.4,445121570,20.9,4894807370,230039,30277,15.2,448313,2026,8607,2026-05-22,2026-08-11 11:43:10
2,0,OLD,20259626,마이클,2026-05-13,463522440,13.2,157508730,51.5,9513690210,41008,11723,40.0,848712,874,2796,2026-05-22,2026-08-11 11:43:10
3,0,OLD,20259791,악마는 프라다를 입는다 2,2026-04-29,131440680,3.7,30631930,30.4,15224206770,11684,2271,24.1,1509282,544,1174,2026-05-22,2026-08-11 11:43:10
4,3,OLD,20254121,살목지,2026-04-08,56039500,1.6,23974650,74.8,32913410560,4841,1927,66.1,3203849,446,667,2026-05-22,2026-08-11 11:43:10
5,-1,OLD,20262975,신극장판 은혼: 요시와라 대염상,2026-05-20,56722090,1.6,11407480,25.2,255035150,4779,686,16.8,22347,378,607,2026-05-22,2026-08-11 11:43:10
6,3,OLD,20259773,슈퍼 마리오 갤럭시,2026-04-29,33194200,0.9,13321600,67.0,14394520780,3594,1076,42.7,1486871,237,288,2026-05-22,2026-08-11 11:43:10
7,1,OLD,20263344,너바나 더 밴드 : 전설적 밴드 ‘너바나’와는 별 관련 없는 ‘너바나 더 밴드’의 콤비 맷과 제이. 어느 날 공연을 위해 타임머신을 만드는 황당한 작전을 세우고 처음 만났던 17년 전으로 돌,2026-05-20,33818900,1.0,2085850,6.6,123373250,2850,176,6.6,10678,138,220,2026-05-22,2026-08-11 11:43:10
8,3,OLD,20261782,프로젝트 헤일메리,2026-03-18,30616450,0.9,11761730,62.4,32489420400,2654,953,56.0,2864163,181,221,2026-05-22,2026-08-11 11:43:10
9,-4,OLD,20263253,극장판 내 마음의 위험한 녀석,2026-05-21,29917080,0.9,-13510030,-31.1,73344190,2543,-1352,-34.7,6438,109,181,2026-05-22,2026-08-11 11:43:10
10,0,OLD,20242837,왕과 사는 남자,2026-02-04,14060700,0.4,-4743250,-25.2,162899155990,1500,-834,-35.7,16876674,129,150,2026-05-22,2026-08-11 11:43:10
1,0,OLD,20252402,군체,2026-05-21,5335378380,70.5,2755910410,106.8,10230185750,475783,245744,106.8,924096,2103,9523,2026-05-23,2026-08-11 11:43:09
2,0,OLD,20259626,마이클,2026-05-13,1168618310,15.4,705095870,152.1,10682308520,103652,62644,152.8,952364,856,2839,2026-05-23,2026-08-11 11:43:09
3,3,OLD,20259773,슈퍼 마리오 갤럭시,2026-04-29,247923560,3.3,214729360,646.9,14642444340,24347,20753,577.4,1511218,610,1039,2026-05-23,2026-08-11 11:43:09
4,-1,OLD,20259791,악마는 프라다를 입는다 2,2026-04-29,181320550,2.4,49879870,37.9,15405527320,15980,4296,36.8,1525262,521,931,2026-05-23,2026-08-11 11:43:09
5,0,OLD,20262975,신극장판 은혼: 요시와라 대염상,2026-05-20,133851900,1.8,77129810,136.0,388887050,11699,6920,144.8,34046,397,552,2026-05-23,2026-08-11 11:43:09
6,-2,OLD,20254121,살목지,2026-04-08,97702190,1.3,41662690,74.3,33011112750,8638,3797,78.4,3212487,414,560,2026-05-23,2026-08-11 11:43:09
7,0,NEW,20263222,극장판 호빵맨: 세균맨과 그림책의 루룬,2026-05-23,57552900,0.8,57552900,100.0,60359900,6708,6708,100.0,7109,221,372,2026-05-23,2026-08-11 11:43:09
8,0,OLD,20261782,프로젝트 헤일메리,2026-03-18,63618250,0.8,33001800,107.8,32553038650,5490,2836,106.9,2869653,171,211,2026-05-23,2026-08-11 11:43:09
9,-2,OLD,20263344,너바나 더 밴드 : 전설적 밴드 ‘너바나’와는 별 관련 없는 ‘너바나 더 밴드’의 콤비 맷과 제이. 어느 날 공연을 위해 타임머신을 만드는 황당한 작전을 세우고 처음 만났던 17년 전으로 돌,2026-05-20,61579400,0.8,27760500,82.1,184952650,5283,2433,85.4,15961,155,204,2026-05-23,2026-08-11 11:43:09
10,-1,OLD,20263253,극장판 내 마음의 위험한 녀석,2026-05-21,59098130,0.8,29181050,97.5,132442320,4873,2330,91.6,11311,124,182,2026-05-23,2026-08-11 11:43:09
1,0,OLD,20252402,군체,2026-05-21,6429675700,72.4,1094297320,20.5,16659861450,577520,101737,21.4,1501616,2110,9509,2026-05-24,2026-08-11 11:43:08
2,0,OLD,20259626,마이클,2026-05-13,1372312100,15.5,203693790,17.4,12054620620,122847,19195,18.5,1075211,922,2924,2026-05-24,2026-08-11 11:43:08
3,0,OLD,20259773,슈퍼 마리오 갤럭시,2026-04-29,282533780,3.2,34610220,14.0,14924978120,27591,3244,13.3,1538809,621,1059,2026-05-24,2026-08-11 11:43:08
4,0,OLD,20259791,악마는 프라다를 입는다 2,2026-04-29,191649900,2.2,10329350,5.7,15597177220,16996,1016,6.4,1542258,524,904,2026-05-24,2026-08-11 11:43:08
5,1,OLD,20254121,살목지,2026-04-08,113065900,1.3,15363710,15.7,33124178650,9998,1360,15.7,3222485,404,565,2026-05-24,2026-08-11 11:43:08
6,-1,OLD,20262975,신극장판 은혼: 요시와라 대염상,2026-05-20,98825670,1.1,-35026230,-26.2,487712720,8702,-2997,-25.6,42748,375,525,2026-05-24,2026-08-11 11:43:08
7,1,OLD,20261782,프로젝트 헤일메리,2026-03-18,80397000,0.9,16778750,26.4,32633435650,6975,1485,27.0,2876628,170,207,2026-05-24,2026-08-11 11:43:08
8,-1,OLD,20263222,극장판 호빵맨: 세균맨과 그림책의 루룬,2026-05-23,47976700,0.5,-9576200,-16.6,108336600,5355,-1353,-20.2,12464,220,354,2026-05-24,2026-08-11 11:43:08
9,0,OLD,20263344,너바나 더 밴드 : 전설적 밴드 ‘너바나’와는 별 관련 없는 ‘너바나 더 밴드’의 콤비 맷과 제이. 어느 날 공연을 위해 타임머신을 만드는 황당한 작전을 세우고 처음 만났던 17년 전으로 돌,2026-05-20,53486500,0.6,-8092900,-13.1,238439150,4591,-692,-13.1,20552,153,196,2026-05-24,2026-08-11 11:43:08
10,0,OLD,20263253,극장판 내 마음의 위험한 녀석,2026-05-21,54555100,0.6,-4543030,-7.7,186997420,4429,-444,-9.1,15740,124,181,2026-05-24,2026-08-11 11:43:08
1,0,OLD,20252402,군체,2026-05-21,5669364710,71.0,-760310990,-11.8,22329226160,516980,-60540,-10.5,2018596,2060,9008,2026-05-25,2026-08-11 11:43:08
2,0,OLD,20259626,마이클,2026-05-13,1189096280,14.9,-183215820,-13.4,13243716900,109377,-13470,-11.0,1184588,901,2773,2026-05-25,2026-08-11 11:43:08
3,0,OLD,20259773,슈퍼 마리오 갤럭시,2026-04-29,386686540,4.8,104152760,36.9,15311664660,38095,10504,38.1,1576904,585,1027,2026-05-25,2026-08-11 11:43:08
4,0,OLD,20259791,악마는 프라다를 입는다 2,2026-04-29,181207340,2.3,-10442560,-5.4,15778384560,16318,-678,-4.0,1558576,495,842,2026-05-25,2026-08-11 11:43:08
5,0,OLD,20254121,살목지,2026-04-08,90076350,1.1,-22989550,-20.3,33214255000,8147,-1851,-18.5,3230632,384,514,2026-05-25,2026-08-11 11:43:08
6,0,OLD,20262975,신극장판 은혼: 요시와라 대염상,2026-05-20,81767710,1.0,-17057960,-17.3,569480430,7308,-1394,-16.0,50056,368,501,2026-05-25,2026-08-11 11:43:08
7,0,OLD,20261782,프로젝트 헤일메리,2026-03-18,76218220,1.0,-4178780,-5.2,32709653870,6880,-95,-1.4,2883508,176,209,2026-05-25,2026-08-11 11:43:08
8,0,OLD,20263222,극장판 호빵맨: 세균맨과 그림책의 루룬,2026-05-23,61517600,0.8,13540900,28.2,169854200,6682,1327,24.8,19146,221,350,2026-05-25,2026-08-11 11:43:08
9,0,OLD,20263344,너바나 더 밴드 : 전설적 밴드 ‘너바나’와는 별 관련 없는 ‘너바나 더 밴드’의 콤비 맷과 제이. 어느 날 공연을 위해 타임머신을 만드는 황당한 작전을 세우고 처음 만났던 17년 전으로 돌,2026-05-20,67013600,0.8,13527100,25.3,305452750,5652,1061,23.1,26204,153,201,2026-05-25,2026-08-11 11:43:08
10,1,OLD,20242837,왕과 사는 남자,2026-02-04,27949860,0.3,2013260,7.8,162971925860,2802,299,11.9,16883799,117,144,2026-05-25,2026-08-11 11:43:08
1,0,OLD,20252402,군체,2026-05-21,1585100740,76.8,-4084263970,-72.0,23914326900,150488,-366492,-70.9,2169084,1858,7855,2026-05-26,2026-08-11 11:43:07
2,0,OLD,20259626,마이클,2026-05-13,212201670,10.3,-976894610,-82.2,13455918570,20593,-88784,-81.2,1205181,809,2436,2026-05-26,2026-08-11 11:43:07
3,1,OLD,20259791,악마는 프라다를 입는다 2,2026-04-29,62754630,3.0,-118452710,-65.4,15841139190,5821,-10497,-64.3,1564397,487,992,2026-05-26,2026-08-11 11:43:07
4,5,OLD,20263344,너바나 더 밴드 : 전설적 밴드 ‘너바나’와는 별 관련 없는 ‘너바나 더 밴드’의 콤비 맷과 제이. 어느 날 공연을 위해 타임머신을 만드는 황당한 작전을 세우고 처음 만났던 17년 전으로 돌,2026-05-20,37500550,1.8,-29513050,-44.0,342953300,3192,-2460,-43.5,29396,142,211,2026-05-26,2026-08-11 11:43:07
5,0,OLD,20254121,살목지,2026-04-08,24665900,1.2,-65410450,-72.6,33238920900,2196,-5951,-73.0,3232828,331,464,2026-05-26,2026-08-11 11:43:07
6,1,OLD,20261782,프로젝트 헤일메리,2026-03-18,23103620,1.1,-53114600,-69.7,32732757490,2107,-4773,-69.4,2885615,198,268,2026-05-26,2026-08-11 11:43:07
7,-1,OLD,20262975,신극장판 은혼: 요시와라 대염상,2026-05-20,21791930,1.1,-59975780,-73.3,591272360,2006,-5302,-72.6,52062,335,471,2026-05-26,2026-08-11 11:43:07
8,-5,OLD,20259773,슈퍼 마리오 갤럭시,2026-04-29,11154100,0.5,-375532440,-97.1,15322818760,1198,-36897,-96.9,1578102,176,204,2026-05-26,2026-08-11 11:43:07
9,1,OLD,20242837,왕과 사는 남자,2026-02-04,10669250,0.5,-17280610,-61.8,162982595110,1181,-1621,-57.9,16884980,134,152,2026-05-26,2026-08-11 11:43:07
10,10,OLD,20262972,남태령,2026-05-20,5858650,0.3,2560250,77.6,41725250,706,361,104.6,4761,54,64,2026-05-26,2026-08-11 11:43:07
1,0,OLD,20252402,군체,2026-05-21,2017347160,58.1,432246420,27.3,25931674060,209405,58917,39.2,2378489,1813,6970,2026-05-27,2026-08-11 11:43:07
2,0,NEW,20263030,백룸,2026-05-27,527833890,15.2,527833890,100.0,535603890,54103,54103,100.0,54631,688,1609,2026-05-27,2026-08-11 11:43:07
3,-1,OLD,20259626,마이클,2026-05-13,339208030,9.8,127006360,59.9,13795126600,34487,13894,67.5,1239668,809,1879,2026-05-27,2026-08-11 11:43:07
4,0,NEW,20258236,만달로리안과 그로구,2026-05-27,290204530,8.4,290204530,100.0,314300530,26242,26242,100.0,27634,809,2103,2026-05-27,2026-08-11 11:43:07
5,-2,OLD,20259791,악마는 프라다를 입는다 2,2026-04-29,52984700,1.5,-9769930,-15.6,15894123890,5333,-488,-8.4,1569730,304,452,2026-05-27,2026-08-11 11:43:07
6,-2,OLD,20263344,너바나 더 밴드 : 전설적 밴드 ‘너바나’와는 별 관련 없는 ‘너바나 더 밴드’의 콤비 맷과 제이. 어느 날 공연을 위해 타임머신을 만드는 황당한 작전을 세우고 처음 만났던 17년 전으로 돌,2026-05-20,33738100,1.0,-3762450,-10.0,376691400,3533,341,10.7,32929,149,178,2026-05-27,2026-08-11 11:43:07
7,0,OLD,20262975,신극장판 은혼: 요시와라 대염상,2026-05-20,30452850,0.9,8660920,39.7,621725210,2935,929,46.3,54997,166,195,2026-05-27,2026-08-11 11:43:07
8,0,NEW,20258837,뒷자리에 태워줘,2026-05-27,19684900,0.6,19684900,100.0,36459100,2045,2045,100.0,3674,155,201,2026-05-27,2026-08-11 11:43:07
9,-3,OLD,20261782,프로젝트 헤일메리,2026-03-18,14555450,0.4,-8548170,-37.0,32747312940,1398,-709,-33.6,2887013,106,126,2026-05-27,2026-08-11 11:43:07
10,0,NEW,20263644,미세스 그린 애플 매지컬 10주년 기념 라이브 ~피오르드~ 온 스크린,2026-05-27,31975000,0.9,31975000,100.0,31975000,1279,1279,100.0,1279,21,21,2026-05-27,2026-08-11 11:43:07
1,0,OLD,20252402,군체,2026-05-21,1297081510,55.2,-720265650,-35.7,27228755570,125432,-83973,-40.1,2503921,1773,6887,2026-05-28,2026-08-11 11:43:06
2,0,OLD,20263030,백룸,2026-05-27,362902140,15.5,-164931750,-31.2,898506030,33233,-20870,-38.6,87864,716,1691,2026-05-28,2026-08-11 11:43:06
3,0,OLD,20259626,마이클,2026-05-13,193972910,8.3,-145235120,-42.8,13989099510,18579,-15908,-46.1,1258247,750,1805,2026-05-28,2026-08-11 11:43:06
4,0,OLD,20258236,만달로리안과 그로구,2026-05-27,142624350,6.1,-147580180,-50.9,456924880,12037,-14205,-54.1,39671,714,1720,2026-05-28,2026-08-11 11:43:06
5,0,NEW,20261766,상자 속의 양,2026-06-10,48672000,2.1,48672000,100.0,48672000,5408,5408,100.0,5408,32,32,2026-05-28,2026-08-11 11:43:06
6,0,NEW,20263521,카드캡터 체리 극장판,2026-05-28,47883110,2.0,47883110,100.0,47883110,4456,4456,100.0,4456,162,238,2026-05-28,2026-08-11 11:43:06
7,-2,OLD,20259791,악마는 프라다를 입는다 2,2026-04-29,38536350,1.6,-14448350,-27.3,15932660240,3695,-1638,-30.7,1573425,291,424,2026-05-28,2026-08-11 11:43:06
8,-2,OLD,20263344,너바나 더 밴드 : 전설적 밴드 ‘너바나’와는 별 관련 없는 ‘너바나 더 밴드’의 콤비 맷과 제이. 어느 날 공연을 위해 타임머신을 만드는 황당한 작전을 세우고 처음 만났던 17년 전으로 돌,2026-05-20,25996800,1.1,-7741300,-22.9,402688200,2275,-1258,-35.6,35204,139,171,2026-05-28,2026-08-11 11:43:06
9,0,NEW,20248252,와일드 씽,2026-06-03,17897000,0.8,17897000,100.0,46040000,1988,1988,100.0,5077,10,10,2026-05-28,2026-08-11 11:43:06
10,-2,OLD,20258837,뒷자리에 태워줘,2026-05-27,14032650,0.6,-5652250,-28.7,50491750,1634,-411,-20.1,5308,142,191,2026-05-28,2026-08-11 11:43:06
1,0,OLD,20252402,군체,2026-05-21,1976592280,56.5,679510770,52.4,29205347850,182224,56792,45.3,2686145,1854,7389,2026-05-29,2026-08-11 11:43:06
2,0,OLD,20263030,백룸,2026-05-27,657402110,18.8,294499970,81.2,1555908140,57805,24572,73.9,145669,773,1851,2026-05-29,2026-08-11 11:43:06
3,0,OLD,20259626,마이클,2026-05-13,261377230,7.5,67404320,34.7,14250476740,23414,4835,26.0,1281661,771,1811,2026-05-29,2026-08-11 11:43:06
4,0,OLD,20258236,만달로리안과 그로구,2026-05-27,191356780,5.5,48732430,34.2,648281660,15000,2963,24.6,54671,699,1670,2026-05-29,2026-08-11 11:43:06
5,88,OLD,20263512,이상한 과자 가게 전천당,2026-05-29,57947950,1.7,57887100,95130.8,80011150,6683,6677,111283.3,8630,485,738,2026-05-29,2026-08-11 11:43:06
6,3,OLD,20248252,와일드 씽,2026-06-03,61953000,1.8,44056000,246.2,107993000,6217,4229,212.7,11294,33,33,2026-05-29,2026-08-11 11:43:06
7,0,OLD,20259791,악마는 프라다를 입는다 2,2026-04-29,47553490,1.4,9017140,23.4,15980213730,4255,560,15.2,1577680,265,390,2026-05-29,2026-08-11 11:43:06
8,0,OLD,20263344,너바나 더 밴드 : 전설적 밴드 ‘너바나’와는 별 관련 없는 ‘너바나 더 밴드’의 콤비 맷과 제이. 어느 날 공연을 위해 타임머신을 만드는 황당한 작전을 세우고 처음 만났던 17년 전으로 돌,2026-05-20,31051750,0.9,5054950,19.4,433739950,2538,263,11.6,37742,138,166,2026-05-29,2026-08-11 11:43:06
9,1,OLD,20258837,뒷자리에 태워줘,2026-05-27,18367900,0.5,4335250,30.9,68859650,1715,81,5.0,7023,140,187,2026-05-29,2026-08-11 11:43:06
10,2,OLD,20262975,신극장판 은혼: 요시와라 대염상,2026-05-20,18956200,0.5,2544180,15.5,657093430,1628,125,8.3,58128,140,155,2026-05-29,2026-08-11 11:43:06
1,0,OLD,20252402,군체,2026-05-21,4520456510,57.2,2543864230,128.7,33725804360,423314,241090,132.3,3109459,1991,8490,2026-05-30,2026-08-11 11:43:05
2,0,OLD,20263030,백룸,2026-05-27,1442411690,18.3,785009580,119.4,2998319830,132437,74632,129.1,278106,909,2234,2026-05-30,2026-08-11 11:43:05
3,0,OLD,20259626,마이클,2026-05-13,645717010,8.2,384339780,147.0,14896193750,58073,34659,148.0,1339734,775,1789,2026-05-30,2026-08-11 11:43:05
4,0,OLD,20258236,만달로리안과 그로구,2026-05-27,429094260,5.4,237737480,124.2,1077375920,33808,18808,125.4,88479,687,1445,2026-05-30,2026-08-11 11:43:05
5,0,OLD,20263512,이상한 과자 가게 전천당,2026-05-29,229950070,2.9,172002120,296.8,309961220,24240,17557,262.7,32870,516,866,2026-05-30,2026-08-11 11:43:05
6,9,OLD,20259773,슈퍼 마리오 갤럭시,2026-04-29,121608290,1.5,112967990,1307.5,15469276670,12164,11114,1058.5,1593343,393,539,2026-05-30,2026-08-11 11:43:05
7,-1,OLD,20248252,와일드 씽,2026-06-03,45752760,0.6,-16200240,-26.1,153745760,4963,-1254,-20.2,16257,52,60,2026-05-30,2026-08-11 11:43:05
8,-1,OLD,20259791,악마는 프라다를 입는다 2,2026-04-29,46850140,0.6,-703350,-1.5,16027063870,4223,-32,-0.8,1581903,163,198,2026-05-30,2026-08-11 11:43:05
9,-1,OLD,20263344,너바나 더 밴드 : 전설적 밴드 ‘너바나’와는 별 관련 없는 ‘너바나 더 밴드’의 콤비 맷과 제이. 어느 날 공연을 위해 타임머신을 만드는 황당한 작전을 세우고 처음 만났던 17년 전으로 돌,2026-05-20,48306150,0.6,17254400,55.6,482046100,4201,1663,65.5,41943,132,153,2026-05-30,2026-08-11 11:43:05
10,3,OLD,20263222,극장판 호빵맨: 세균맨과 그림책의 루룬,2026-05-23,32217200,0.4,24169350,300.3,217643800,4012,2674,199.9,25460,166,216,2026-05-30,2026-08-11 11:43:05
1,0,OLD,20252402,군체,2026-05-21,3743279750,56.1,-777176760,-17.2,37469084110,365458,-57856,-13.7,3474917,1950,7981,2026-05-31,2026-08-11 11:43:05
2,0,OLD,20263030,백룸,2026-05-27,1207138430,18.1,-235273260,-16.3,4205458260,112952,-19485,-14.7,391058,1014,2423,2026-05-31,2026-08-11 11:43:05
3,0,OLD,20259626,마이클,2026-05-13,595519380,8.9,-50197630,-7.8,15491713130,55194,-2879,-5.0,1394928,757,1686,2026-05-31,2026-08-11 11:43:05
4,0,OLD,20258236,만달로리안과 그로구,2026-05-27,346068670,5.2,-83025590,-19.3,1423444590,28241,-5567,-16.5,116720,680,1326,2026-05-31,2026-08-11 11:43:05
5,0,OLD,20263512,이상한 과자 가게 전천당,2026-05-29,255206580,3.8,25256510,11.0,565167800,27551,3311,13.7,60421,515,830,2026-05-31,2026-08-11 11:43:05
6,0,OLD,20259773,슈퍼 마리오 갤럭시,2026-04-29,127807430,1.9,6199140,5.1,15597084100,12984,820,6.7,1606327,365,493,2026-05-31,2026-08-11 11:43:05
7,3,OLD,20263222,극장판 호빵맨: 세균맨과 그림책의 루룬,2026-05-23,35612550,0.5,3395350,10.5,253256350,4876,864,21.5,30336,181,230,2026-05-31,2026-08-11 11:43:05
8,1,OLD,20263344,너바나 더 밴드 : 전설적 밴드 ‘너바나’와는 별 관련 없는 ‘너바나 더 밴드’의 콤비 맷과 제이. 어느 날 공연을 위해 타임머신을 만드는 황당한 작전을 세우고 처음 만났던 17년 전으로 돌,2026-05-20,41761450,0.6,-6544700,-13.5,523807550,3730,-471,-11.2,45673,130,149,2026-05-31,2026-08-11 11:43:05
9,-2,OLD,20248252,와일드 씽,2026-06-03,34592150,0.5,-11160610,-24.4,188337910,3724,-1239,-25.0,19981,50,57,2026-05-31,2026-08-11 11:43:05
10,-2,OLD,20259791,악마는 프라다를 입는다 2,2026-04-29,37310900,0.6,-9539240,-20.4,16064374770,3502,-721,-17.1,1585405,148,181,2026-05-31,2026-08-11 11:43:05
1,0,OLD,20252402,군체,2026-05-21,1001853570,58.7,-2741426180,-73.2,38470937680,101982,-263476,-72.1,3576899,1732,6914,2026-06-01,2026-08-11 11:43:04
2,0,OLD,20263030,백룸,2026-05-27,297731370,17.4,-909407060,-75.3,4503189630,28523,-84429,-74.7,419581,762,2138,2026-06-01,2026-08-11 11:43:04
3,0,OLD,20259626,마이클,2026-05-13,144152970,8.4,-451366410,-75.8,15635866100,14792,-40402,-73.2,1409720,660,1536,2026-06-01,2026-08-11 11:43:04
4,0,OLD,20258236,만달로리안과 그로구,2026-05-27,95106040,5.6,-250962630,-72.5,1518550630,8136,-20105,-71.2,124856,598,1167,2026-06-01,2026-08-11 11:43:04
5,5,OLD,20259791,악마는 프라다를 입는다 2,2026-04-29,20968700,1.2,-16342200,-43.8,16085343470,2098,-1404,-40.1,1587503,207,262,2026-06-01,2026-08-11 11:43:04
6,-1,OLD,20263512,이상한 과자 가게 전천당,2026-05-29,17079100,1.0,-238127480,-93.3,582246900,2039,-25512,-92.6,62460,344,449,2026-06-01,2026-08-11 11:43:04
7,1,OLD,20263344,너바나 더 밴드 : 전설적 밴드 ‘너바나’와는 별 관련 없는 ‘너바나 더 밴드’의 콤비 맷과 제이. 어느 날 공연을 위해 타임머신을 만드는 황당한 작전을 세우고 처음 만났던 17년 전으로 돌,2026-05-20,14826800,0.9,-26934650,-64.5,538634350,1473,-2257,-60.5,47146,127,154,2026-06-01,2026-08-11 11:43:04
8,3,OLD,20262975,신극장판 은혼: 요시와라 대염상,2026-05-20,10055100,0.6,-26576000,-72.6,743758500,950,-2418,-71.8,66009,121,133,2026-06-01,2026-08-11 11:43:04
9,3,OLD,20261782,프로젝트 헤일메리,2026-03-18,9407150,0.6,-12300350,-56.7,32834535140,921,-1076,-53.9,2894974,98,109,2026-06-01,2026-08-11 11:43:04
10,10,OLD,20242837,왕과 사는 남자,2026-02-04,6944200,0.4,83250,1.2,163024866730,893,159,21.7,16889947,53,60,2026-06-01,2026-08-11 11:43:04
1,0,OLD,20252402,군체,2026-05-21,1317421020,56.4,315567450,31.5,39788358700,135387,33405,32.8,3712286,1811,7383,2026-06-02,2026-08-11 11:43:03
2,0,OLD,20263030,백룸,2026-05-27,399877380,17.1,102146010,34.3,4903067010,39057,10534,36.9,458638,841,2349,2026-06-02,2026-08-11 11:43:03
3,0,OLD,20259626,마이클,2026-05-13,205796710,8.8,61643740,42.8,15841662810,21071,6279,42.4,1430791,694,1653,2026-06-02,2026-08-11 11:43:03
4,0,OLD,20258236,만달로리안과 그로구,2026-05-27,151445420,6.5,56339380,59.2,1669996050,13751,5615,69.0,138607,641,1267,2026-06-02,2026-08-11 11:43:03
5,0,NEW,20261766,상자 속의 양,2026-06-10,45207000,1.9,45207000,100.0,93879000,5023,5023,100.0,10431,28,28,2026-06-02,2026-08-11 11:43:03
6,0,OLD,20263512,이상한 과자 가게 전천당,2026-05-29,24879540,1.1,7800440,45.7,607126440,3005,966,47.4,65465,354,478,2026-06-02,2026-08-11 11:43:03
7,-2,OLD,20259791,악마는 프라다를 입는다 2,2026-04-29,27144850,1.2,6176150,29.5,16112488320,2797,699,33.3,1590300,226,281,2026-06-02,2026-08-11 11:43:03
8,-1,OLD,20263344,너바나 더 밴드 : 전설적 밴드 ‘너바나’와는 별 관련 없는 ‘너바나 더 밴드’의 콤비 맷과 제이. 어느 날 공연을 위해 타임머신을 만드는 황당한 작전을 세우고 처음 만났던 17년 전으로 돌,2026-05-20,26022750,1.1,11195950,75.5,564657100,2386,913,62.0,49532,133,159,2026-06-02,2026-08-11 11:43:03
9,0,OLD,20261782,프로젝트 헤일메리,2026-03-18,17916550,0.8,8509400,90.5,32852451690,1804,883,95.9,2896778,105,121,2026-06-02,2026-08-11 11:43:03
10,0,OLD,20242837,왕과 사는 남자,2026-02-04,9564150,0.4,2619950,37.7,163034430880,1191,298,33.4,16891138,58,69,2026-06-02,2026-08-11 11:43:03
1,0,OLD,20252402,군체,2026-05-21,3341068720,43.5,2023647700,153.6,43129427420,331469,196082,144.8,4043755,1516,5783,2026-06-03,2026-08-11 11:43:03
2,9,OLD,20248252,와일드 씽,2026-06-03,1547446960,20.1,1536736960,14348.6,1747844870,160756,159566,13408.9,182077,1351,5470,2026-06-03,2026-08-11 11:43:03
3,-1,OLD,20263030,백룸,2026-05-27,1189241000,15.5,789363620,197.4,6092308010,114102,75045,192.1,572740,872,2302,2026-06-03,2026-08-11 11:43:03
4,-1,OLD,20259626,마이클,2026-05-13,384637210,5.0,178840500,86.9,16226300020,37148,16077,76.3,1467939,524,788,2026-06-03,2026-08-11 11:43:03
5,1,OLD,20263512,이상한 과자 가게 전천당,2026-05-29,274439010,3.6,249559470,1003.1,881565450,30346,27341,909.9,95811,531,714,2026-06-03,2026-08-11 11:43:03
6,-2,OLD,20258236,만달로리안과 그로구,2026-05-27,230458320,3.0,79012900,52.2,1900454370,17876,4125,30.0,156483,308,437,2026-06-03,2026-08-11 11:43:03
7,0,NEW,20263761,플레이브 아시아 투어 [대쉬: 퀀텀 리프] 앙코르 인 시네마,2026-06-03,264470000,3.4,264470000,100.0,266126000,11499,11499,100.0,11571,62,112,2026-06-03,2026-08-11 11:43:03
8,10,OLD,20259773,슈퍼 마리오 갤럭시,2026-04-29,111860290,1.5,107223290,2312.3,15717653990,11396,10821,1881.9,1618765,196,217,2026-06-03,2026-08-11 11:43:03
9,0,NEW,20263272,돌핀보이: 푸른 바다의 수호자,2026-06-03,48894050,0.6,48894050,100.0,50950050,5419,5419,100.0,5634,222,242,2026-06-03,2026-08-11 11:43:03
10,2,OLD,20262975,신극장판 은혼: 요시와라 대염상,2026-05-20,35994570,0.5,26521840,280.0,789225800,3475,2571,284.4,70388,60,68,2026-06-03,2026-08-11 11:43:03
1,0,OLD,20252402,군체,2026-05-21,796309120,43.9,-2544759600,-76.2,43925736540,79915,-251554,-75.9,4123670,1419,5284,2026-06-04,2026-08-11 11:43:02
2,0,OLD,20248252,와일드 씽,2026-06-03,371313110,20.5,-1176133850,-76.0,2119157980,40464,-120292,-74.8,222541,1253,4715,2026-06-04,2026-08-11 11:43:02
3,0,OLD,20263030,백룸,2026-05-27,278092200,15.3,-911148800,-76.6,6370400210,27071,-87031,-76.3,599811,775,1991,2026-06-04,2026-08-11 11:43:02
4,0,OLD,20259626,마이클,2026-05-13,84382320,4.7,-300254890,-78.1,16310682340,8681,-28467,-76.6,1476620,517,784,2026-06-04,2026-08-11 11:43:02
5,1,OLD,20258236,만달로리안과 그로구,2026-05-27,38527540,2.1,-191930780,-83.3,1938981910,4174,-13702,-76.7,160657,284,363,2026-06-04,2026-08-11 11:43:02
6,0,NEW,20040734,노트북,2004-11-26,36310600,2.0,36310600,100.0,6393779290,3279,3279,100.0,830924,77,142,2026-06-04,2026-08-11 11:43:02
7,0,OLD,20263761,플레이브 아시아 투어 [대쉬: 퀀텀 리프] 앙코르 인 시네마,2026-06-03,74612000,4.1,-189858000,-71.8,340738000,3244,-8255,-71.8,14815,62,110,2026-06-04,2026-08-11 11:43:02
8,-3,OLD,20263512,이상한 과자 가게 전천당,2026-05-29,14818660,0.8,-259620350,-94.6,896384110,1897,-28449,-93.7,97708,267,301,2026-06-04,2026-08-11 11:43:02
9,3,OLD,20263344,너바나 더 밴드 : 전설적 밴드 ‘너바나’와는 별 관련 없는 ‘너바나 더 밴드’의 콤비 맷과 제이. 어느 날 공연을 위해 타임머신을 만드는 황당한 작전을 세우고 처음 만났던 17년 전으로 돌,2026-05-20,11874850,0.7,-19178300,-61.8,607585100,1237,-1797,-59.2,53803,81,90,2026-06-04,2026-08-11 11:43:02
10,5,OLD,20258837,뒷자리에 태워줘,2026-05-27,7614850,0.4,-4018300,-34.5,145393550,1205,-137,-10.2,15323,70,70,2026-06-04,2026-08-11 11:43:02
1,0,OLD,20252402,군체,2026-05-21,1224944030,45.8,428634910,53.8,45150680570,117728,37813,47.3,4241398,1518,5810,2026-06-05,2026-08-11 11:43:02
2,0,OLD,20248252,와일드 씽,2026-06-03,582031730,21.8,210718620,56.7,2701189710,60413,19949,49.3,282954,1211,4731,2026-06-05,2026-08-11 11:43:02
3,0,OLD,20263030,백룸,2026-05-27,421418940,15.8,143326740,51.5,6791819150,38942,11871,43.9,638753,821,2294,2026-06-05,2026-08-11 11:43:02
4,0,OLD,20259626,마이클,2026-05-13,114114700,4.3,29732380,35.2,16424797040,11048,2367,27.3,1487668,528,789,2026-06-05,2026-08-11 11:43:02
5,0,NEW,20263941,마스터즈 오브 유니버스,2026-06-05,39104100,1.5,39104100,100.0,40238100,4615,4615,100.0,4741,214,281,2026-06-05,2026-08-11 11:43:02
6,-1,OLD,20258236,만달로리안과 그로구,2026-05-27,46304490,1.7,7776950,20.2,1985286400,4480,306,7.3,165137,297,385,2026-06-05,2026-08-11 11:43:02
7,-1,OLD,20040734,노트북,2004-11-26,36857950,1.4,547350,1.5,6430637240,3156,-123,-3.8,834080,86,145,2026-06-05,2026-08-11 11:43:02
8,-1,OLD,20263761,플레이브 아시아 투어 [대쉬: 퀀텀 리프] 앙코르 인 시네마,2026-06-03,53751000,2.0,-20861000,-28.0,394489000,2337,-907,-28.0,17152,62,108,2026-06-05,2026-08-11 11:43:02
9,-1,OLD,20263512,이상한 과자 가게 전천당,2026-05-29,14347750,0.5,-470910,-3.2,910731860,1696,-201,-10.6,99404,273,307,2026-06-05,2026-08-11 11:43:02
10,-1,OLD,20263344,너바나 더 밴드 : 전설적 밴드 ‘너바나’와는 별 관련 없는 ‘너바나 더 밴드’의 콤비 맷과 제이. 어느 날 공연을 위해 타임머신을 만드는 황당한 작전을 세우고 처음 만났던 17년 전으로 돌,2026-05-20,14778250,0.6,2903400,24.4,622363350,1450,213,17.2,55253,80,88,2026-06-05,2026-08-11 11:43:02
1,0,OLD,20252402,군체,2026-05-21,2892689760,44.7,1667745730,136.1,48043370330,281917,164189,139.5,4523315,1614,6470,2026-06-06,2026-08-11 11:43:01
2,0,OLD,20248252,와일드 씽,2026-06-03,1476114300,22.8,894082570,153.6,4177304010,149033,88620,146.7,431987,1164,4565,2026-06-06,2026-08-11 11:43:01
3,0,OLD,20263030,백룸,2026-05-27,986139400,15.2,564720460,134.0,7777958550,93068,54126,139.0,731821,908,2680,2026-06-06,2026-08-11 11:43:01
4,0,OLD,20259626,마이클,2026-05-13,304925010,4.7,190810310,167.2,16729722050,28968,17920,162.2,1516636,550,848,2026-06-06,2026-08-11 11:43:01
5,4,OLD,20263512,이상한 과자 가게 전천당,2026-05-29,170455630,2.6,156107880,1088.0,1081187490,19011,17315,1020.9,118415,537,809,2026-06-06,2026-08-11 11:43:01
6,0,OLD,20258236,만달로리안과 그로구,2026-05-27,200435290,3.1,154130800,332.9,2185721690,14861,10381,231.7,179998,311,456,2026-06-06,2026-08-11 11:43:01
7,19,OLD,20259773,슈퍼 마리오 갤럭시,2026-04-29,54862900,0.8,53101650,3015.0,15777119290,5551,5279,1940.8,1624970,189,212,2026-06-06,2026-08-11 11:43:01
8,0,OLD,20263761,플레이브 아시아 투어 [대쉬: 퀀텀 리프] 앙코르 인 시네마,2026-06-03,78193000,1.2,24442000,45.5,472682000,3400,1063,45.5,20552,62,108,2026-06-06,2026-08-11 11:43:01
9,6,OLD,20263272,돌핀보이: 푸른 바다의 수호자,2026-06-03,29045450,0.4,23594850,432.9,92902150,3273,2602,387.8,10502,215,226,2026-06-06,2026-08-11 11:43:01
10,-5,OLD,20263941,마스터즈 오브 유니버스,2026-06-05,28721370,0.4,-10382730,-26.6,68959470,3170,-1445,-31.3,7911,210,248,2026-06-06,2026-08-11 11:43:01
1,0,OLD,20252402,군체,2026-05-21,2094412990,43.1,-798276770,-27.6,50137783320,204209,-77708,-27.6,4727524,1598,6170,2026-06-07,2026-08-11 11:43:01
2,0,OLD,20248252,와일드 씽,2026-06-03,1106637280,22.8,-369477020,-25.0,5283941290,111725,-37308,-25.0,543712,1161,4304,2026-06-07,2026-08-11 11:43:01
3,0,OLD,20263030,백룸,2026-05-27,720664040,14.8,-265475360,-26.9,8498622590,67802,-25266,-27.1,799623,884,2500,2026-06-07,2026-08-11 11:43:01
4,0,OLD,20259626,마이클,2026-05-13,247022640,5.1,-57902370,-19.0,16976744690,23504,-5464,-18.9,1540140,554,834,2026-06-07,2026-08-11 11:43:01
5,0,OLD,20263512,이상한 과자 가게 전천당,2026-05-29,164903040,3.4,-5552590,-3.3,1246090530,18402,-609,-3.2,136817,521,790,2026-06-07,2026-08-11 11:43:01
6,0,OLD,20258236,만달로리안과 그로구,2026-05-27,155230350,3.2,-45204940,-22.6,2340952040,11841,-3020,-20.3,191839,308,448,2026-06-07,2026-08-11 11:43:01
7,0,OLD,20259773,슈퍼 마리오 갤럭시,2026-04-29,55020060,1.1,157160,0.3,15832139350,5566,15,0.3,1630536,180,200,2026-06-07,2026-08-11 11:43:01
8,1,OLD,20263272,돌핀보이: 푸른 바다의 수호자,2026-06-03,28062900,0.6,-982550,-3.4,120965050,3115,-158,-4.8,13617,211,223,2026-06-07,2026-08-11 11:43:01
9,3,OLD,20040734,노트북,2004-11-26,38720000,0.8,11782650,43.7,6496294590,3037,723,31.2,839431,72,83,2026-06-07,2026-08-11 11:43:01
10,0,OLD,20263941,마스터즈 오브 유니버스,2026-06-05,21591870,0.4,-7129500,-24.8,90551340,2412,-758,-23.9,10323,195,232,2026-06-07,2026-08-11 11:43:01
1,0,OLD,20252402,군체,2026-05-21,524652440,42.8,-1569760550,-74.9,50662435760,52031,-152178,-74.5,4779555,1386,5260,2026-06-08,2026-08-11 11:43:00
2,0,OLD,20248252,와일드 씽,2026-06-03,297263190,24.2,-809374090,-73.1,5581204480,31702,-80023,-71.6,575414,1026,3774,2026-06-08,2026-08-11 11:43:00
3,0,OLD,20263030,백룸,2026-05-27,186738060,15.2,-533925980,-74.1,8685360650,17838,-49964,-73.7,817461,720,2087,2026-06-08,2026-08-11 11:43:00
4,0,OLD,20259626,마이클,2026-05-13,61120300,5.0,-185902340,-75.3,17037864990,6224,-17280,-73.5,1546364,492,770,2026-06-08,2026-08-11 11:43:00
5,1,OLD,20258236,만달로리안과 그로구,2026-05-27,20340550,1.7,-134889800,-86.9,2361292590,1956,-9885,-83.5,193795,232,302,2026-06-08,2026-08-11 11:43:00
6,4,OLD,20263941,마스터즈 오브 유니버스,2026-06-05,11183050,0.9,-10408820,-48.2,101734390,1304,-1108,-45.9,11627,185,210,2026-06-08,2026-08-11 11:43:00
7,2,OLD,20040734,노트북,2004-11-26,13044700,1.1,-25675300,-66.3,6509339290,1170,-1867,-61.5,840601,76,118,2026-06-08,2026-08-11 11:43:00
8,0,NEW,20248484,신사: 악귀의 속삭임,2026-06-17,10676000,0.9,10676000,100.0,10676000,1114,1114,100.0,1114,4,5,2026-06-08,2026-08-11 11:43:00
9,3,OLD,20263344,너바나 더 밴드 : 전설적 밴드 ‘너바나’와는 별 관련 없는 ‘너바나 더 밴드’의 콤비 맷과 제이. 어느 날 공연을 위해 타임머신을 만드는 황당한 작전을 세우고 처음 만났던 17년 전으로 돌,2026-05-20,10054450,0.8,-15044900,-59.9,690657550,1023,-1294,-55.8,61705,70,84,2026-06-08,2026-08-11 11:43:00
10,-5,OLD,20263512,이상한 과자 가게 전천당,2026-05-29,6910150,0.6,-157992890,-95.8,1253000680,813,-17589,-95.6,137630,206,234,2026-06-08,2026-08-11 11:43:00
1,0,OLD,20252402,군체,2026-05-21,446688550,38.7,-77963890,-14.9,51109124310,44397,-7634,-14.7,4823952,1412,5188,2026-06-09,2026-08-11 11:42:59
2,0,OLD,20248252,와일드 씽,2026-06-03,282266420,24.5,-14996770,-5.0,5863470900,30279,-1423,-4.5,605693,1050,3729,2026-06-09,2026-08-11 11:42:59
3,0,OLD,20263030,백룸,2026-05-27,168838540,14.6,-17899520,-9.6,8854199190,16153,-1685,-9.4,833614,739,2049,2026-06-09,2026-08-11 11:42:59
4,0,OLD,20259626,마이클,2026-05-13,67274370,5.8,6154070,10.1,17105139360,6737,513,8.2,1553101,516,798,2026-06-09,2026-08-11 11:42:59
5,0,OLD,20258236,만달로리안과 그로구,2026-05-27,23745470,2.1,3404920,16.7,2385038060,2372,416,21.3,196167,263,334,2026-06-09,2026-08-11 11:42:59
6,0,OLD,20263941,마스터즈 오브 유니버스,2026-06-05,11334050,1.0,151000,1.4,113068440,1341,37,2.8,12968,196,221,2026-06-09,2026-08-11 11:42:59
7,0,OLD,20040734,노트북,2004-11-26,14705000,1.3,1660300,12.7,6524044290,1319,149,12.7,841920,76,120,2026-06-09,2026-08-11 11:42:59
8,26,OLD,20263262,맘보 점보,2026-06-03,8259500,0.7,7411600,874.1,54050850,1166,1055,950.5,6125,34,34,2026-06-09,2026-08-11 11:42:59
9,1,OLD,20263512,이상한 과자 가게 전천당,2026-05-29,8904650,0.8,1994500,28.9,1261905330,1107,294,36.2,138737,217,237,2026-06-09,2026-08-11 11:42:59
10,-1,OLD,20263344,너바나 더 밴드 : 전설적 밴드 ‘너바나’와는 별 관련 없는 ‘너바나 더 밴드’의 콤비 맷과 제이. 어느 날 공연을 위해 타임머신을 만드는 황당한 작전을 세우고 처음 만났던 17년 전으로 돌,2026-05-20,8527400,0.7,-1527050,-15.2,699184950,865,-158,-15.4,62570,75,89,2026-06-09,2026-08-11 11:42:59
1,10,OLD,20250655,디스클로저 데이,2026-06-10,583972980,31.2,571357980,4529.2,596587980,56081,55234,6521.1,56928,1072,2962,2026-06-10,2026-08-11 11:42:59
2,-1,OLD,20252402,군체,2026-05-21,436806660,23.3,-9881890,-2.2,51545930970,47224,2827,6.4,4871176,1227,4223,2026-06-10,2026-08-11 11:42:59
3,-1,OLD,20248252,와일드 씽,2026-06-03,282672990,15.1,406570,0.1,6146143890,32253,1974,6.5,637946,910,2754,2026-06-10,2026-08-11 11:42:59
4,-1,OLD,20263030,백룸,2026-05-27,169899810,9.1,1061270,0.6,9024099000,17742,1589,9.8,851356,732,1668,2026-06-10,2026-08-11 11:42:59
5,0,NEW,20261766,상자 속의 양,2026-06-10,75124700,4.0,75124700,100.0,182805500,8751,8751,100.0,20229,456,745,2026-06-10,2026-08-11 11:42:59
6,-2,OLD,20259626,마이클,2026-05-13,41377090,2.2,-25897280,-38.5,17146516450,4336,-2401,-35.6,1557437,363,471,2026-06-10,2026-08-11 11:42:59
7,6,OLD,20263761,플레이브 아시아 투어 [대쉬: 퀀텀 리프] 앙코르 인 시네마,2026-06-03,90436000,4.8,75302000,497.6,649000000,3932,3274,497.6,28218,64,123,2026-06-10,2026-08-11 11:42:59
8,0,NEW,20163018,싱 스트리트,2016-05-19,25440600,1.4,25440600,100.0,4600534872,3089,3089,100.0,578687,137,162,2026-06-10,2026-08-11 11:42:59
9,0,NEW,20264226,쏜애플 '나의 세기' 익스텐디드 플레이 필름, ,24000000,1.3,24000000,100.0,24000000,2000,2000,100.0,2000,29,60,2026-06-10,2026-08-11 11:42:59
10,-5,OLD,20258236,만달로리안과 그로구,2026-05-27,17566790,0.9,-6178680,-26.0,2402604850,1797,-575,-24.2,197964,123,154,2026-06-10,2026-08-11 11:42:59
1,1,OLD,20252402,군체,2026-05-21,403511460,28.3,-33295200,-7.6,51949442430,40619,-6605,-14.0,4911795,1210,4225,2026-06-11,2026-08-11 11:42:58
2,1,OLD,20248252,와일드 씽,2026-06-03,248136770,17.4,-34536220,-12.2,6394280660,26678,-5575,-17.3,664624,887,2689,2026-06-11,2026-08-11 11:42:58
3,-2,OLD,20250655,디스클로저 데이,2026-06-10,269092210,18.9,-314880770,-53.9,865680190,25356,-30725,-54.8,82284,1014,2756,2026-06-11,2026-08-11 11:42:58
4,0,OLD,20263030,백룸,2026-05-27,167785510,11.8,-2114300,-1.2,9191884510,15969,-1773,-10.0,867325,710,1656,2026-06-11,2026-08-11 11:42:58
5,0,OLD,20261766,상자 속의 양,2026-06-10,49555410,3.5,-25569290,-34.0,232360910,5676,-3075,-35.1,25905,433,724,2026-06-11,2026-08-11 11:42:58
6,0,OLD,20259626,마이클,2026-05-13,45527630,3.2,4150540,10.0,17192044080,4530,194,4.5,1561967,372,504,2026-06-11,2026-08-11 11:42:58
7,1,OLD,20163018,싱 스트리트,2016-05-19,21175000,1.5,-4265600,-16.8,4621709872,2472,-617,-20.0,581159,123,158,2026-06-11,2026-08-11 11:42:58
8,2,OLD,20258236,만달로리안과 그로구,2026-05-27,18980200,1.3,1413410,8.0,2421585050,1742,-55,-3.1,199706,122,177,2026-06-11,2026-08-11 11:42:58
9,30,OLD,20258725,순례자들은 왜 돌아오지 않는가,2026-06-03,11305500,0.8,10600800,1504.3,72337650,1573,1494,1891.1,9645,45,47,2026-06-11,2026-08-11 11:42:58
10,0,NEW,20259781,토이 스토리 5,2026-06-17,23817000,1.7,23817000,100.0,23817000,1537,1537,100.0,1537,2,3,2026-06-11,2026-08-11 11:42:58
1,0,OLD,20252402,군체,2026-05-21,567820930,32.3,164309470,40.7,52517263360,54064,13445,33.1,4965859,1257,4410,2026-06-12,2026-08-11 11:42:57
2,0,OLD,20248252,와일드 씽,2026-06-03,360056200,20.5,111919430,45.1,6754336860,36326,9648,36.2,700950,964,2964,2026-06-12,2026-08-11 11:42:57
3,0,OLD,20250655,디스클로저 데이,2026-06-10,307814030,17.5,38721820,14.4,1173494220,27363,2007,7.9,109647,1016,2832,2026-06-12,2026-08-11 11:42:57
4,0,OLD,20263030,백룸,2026-05-27,242156280,13.8,74370770,44.3,9434040790,21808,5839,36.6,889133,748,1757,2026-06-12,2026-08-11 11:42:57
5,0,OLD,20261766,상자 속의 양,2026-06-10,42813580,2.4,-6741830,-13.6,275174490,4654,-1022,-18.0,30559,440,711,2026-06-12,2026-08-11 11:42:57
6,0,OLD,20259626,마이클,2026-05-13,46349000,2.6,821370,1.8,17238393080,4417,-113,-2.5,1566384,342,477,2026-06-12,2026-08-11 11:42:57
7,1,OLD,20258236,만달로리안과 그로구,2026-05-27,30573880,1.7,11593680,61.1,2452158930,2564,822,47.2,202270,143,206,2026-06-12,2026-08-11 11:42:57
8,-1,OLD,20163018,싱 스트리트,2016-05-19,17753850,1.0,-3421150,-16.2,4639463722,1792,-680,-27.5,582951,120,146,2026-06-12,2026-08-11 11:42:57
9,7,OLD,20263344,너바나 더 밴드 : 전설적 밴드 ‘너바나’와는 별 관련 없는 ‘너바나 더 밴드’의 콤비 맷과 제이. 어느 날 공연을 위해 타임머신을 만드는 황당한 작전을 세우고 처음 만났던 17년 전으로 돌,2026-05-20,16994050,1.0,6871800,67.9,734898850,1354,436,47.5,65804,60,63,2026-06-12,2026-08-11 11:42:57
10,10,OLD,20040734,노트북,2004-11-26,11485100,0.7,3421150,42.4,6551498190,956,241,33.7,844348,36,48,2026-06-12,2026-08-11 11:42:57
1,0,OLD,20252402,군체,2026-05-21,1363114990,34.3,795294060,140.1,53880378350,132016,77952,144.2,5097875,1331,4922,2026-06-13,2026-08-11 11:42:57
2,0,OLD,20248252,와일드 씽,2026-06-03,929136430,23.4,569080230,158.1,7683473290,92187,55861,153.8,793137,1112,3748,2026-06-13,2026-08-11 11:42:57
3,0,OLD,20250655,디스클로저 데이,2026-06-10,558180140,14.0,250366110,81.3,1731674360,49791,22428,82.0,159438,925,2753,2026-06-13,2026-08-11 11:42:57
4,0,OLD,20263030,백룸,2026-05-27,528292790,13.3,286136510,118.2,9962333580,48817,27009,123.8,937950,767,1989,2026-06-13,2026-08-11 11:42:57
5,1,OLD,20259626,마이클,2026-05-13,128981260,3.2,82632260,178.3,17367374340,11558,7141,161.7,1577942,395,589,2026-06-13,2026-08-11 11:42:57
6,5,OLD,20263512,이상한 과자 가게 전천당,2026-05-29,75751000,1.9,68751900,982.3,1357158680,8253,7463,944.7,149356,425,582,2026-06-13,2026-08-11 11:42:57
7,-2,OLD,20261766,상자 속의 양,2026-06-10,58393230,1.5,15579650,36.4,333567720,6090,1436,30.9,36649,444,606,2026-06-13,2026-08-11 11:42:57
8,-1,OLD,20258236,만달로리안과 그로구,2026-05-27,65204930,1.6,34631050,113.3,2517363860,5642,3078,120.0,207912,154,238,2026-06-13,2026-08-11 11:42:57
9,-1,OLD,20163018,싱 스트리트,2016-05-19,36927150,0.9,19173300,108.0,4676390872,3602,1810,101.0,586553,113,143,2026-06-13,2026-08-11 11:42:57
10,20,OLD,20259773,슈퍼 마리오 갤럭시,2026-04-29,19795500,0.5,18162900,1112.5,15857256250,1935,1760,1005.7,1633044,93,112,2026-06-13,2026-08-11 11:42:57
1,0,OLD,20252402,군체,2026-05-21,1194307160,35.9,-168807830,-12.4,55074685510,114961,-17055,-12.9,5212836,1322,4751,2026-06-14,2026-08-11 11:42:56
2,0,OLD,20248252,와일드 씽,2026-06-03,753951860,22.6,-175184570,-18.9,8437425150,76586,-15601,-16.9,869723,1105,3577,2026-06-14,2026-08-11 11:42:56
3,1,OLD,20263030,백룸,2026-05-27,410464720,12.3,-117828070,-22.3,10372798300,38107,-10710,-21.9,976057,776,1894,2026-06-14,2026-08-11 11:42:56
4,-1,OLD,20250655,디스클로저 데이,2026-06-10,391290760,11.7,-166889380,-29.9,2122965120,35230,-14561,-29.2,194668,887,2458,2026-06-14,2026-08-11 11:42:56
5,0,OLD,20259626,마이클,2026-05-13,119952020,3.6,-9029240,-7.0,17487326360,11088,-470,-4.1,1589030,401,571,2026-06-14,2026-08-11 11:42:56
6,0,OLD,20263512,이상한 과자 가게 전천당,2026-05-29,89187310,2.7,13436310,17.7,1446345990,9807,1554,18.8,159163,405,555,2026-06-14,2026-08-11 11:42:56
7,0,NEW,20264331,디어 마이 히어로, ,27500000,0.8,27500000,100.0,27500000,5500,5500,100.0,5500,120,328,2026-06-14,2026-08-11 11:42:56
8,-1,OLD,20261766,상자 속의 양,2026-06-10,48405860,1.5,-9987370,-17.1,381973580,5104,-986,-16.2,41753,418,553,2026-06-14,2026-08-11 11:42:56
9,-1,OLD,20258236,만달로리안과 그로구,2026-05-27,54168910,1.6,-11036020,-16.9,2571532770,4763,-879,-15.6,212675,153,220,2026-06-14,2026-08-11 11:42:56
10,-1,OLD,20163018,싱 스트리트,2016-05-19,30755600,0.9,-6171550,-16.7,4707146472,2887,-715,-19.9,589440,115,135,2026-06-14,2026-08-11 11:42:56
1,0,OLD,20252402,군체,2026-05-21,337376130,33.5,-856931030,-71.8,55412061640,33836,-81125,-70.6,5246672,1131,4040,2026-06-15,2026-08-11 11:42:56
2,0,OLD,20248252,와일드 씽,2026-06-03,225892920,22.4,-528058940,-70.0,8663318070,23666,-52920,-69.1,893389,893,2974,2026-06-15,2026-08-11 11:42:56
3,0,OLD,20263030,백룸,2026-05-27,127343160,12.6,-283121560,-69.0,10500141460,11897,-26210,-68.8,987954,639,1516,2026-06-15,2026-08-11 11:42:56
4,0,OLD,20250655,디스클로저 데이,2026-06-10,111210200,11.0,-280080560,-71.6,2234175320,10366,-24864,-70.6,205034,766,2050,2026-06-15,2026-08-11 11:42:56
5,0,OLD,20259626,마이클,2026-05-13,32892280,3.3,-87059740,-72.6,17520218640,3201,-7887,-71.1,1592231,357,501,2026-06-15,2026-08-11 11:42:56
6,0,NEW,20242402,눈동자,2026-06-24,28179000,2.8,28179000,100.0,30186000,2879,2879,100.0,3102,13,13,2026-06-15,2026-08-11 11:42:56
7,1,OLD,20261766,상자 속의 양,2026-06-10,20988620,2.1,-27417240,-56.6,402962200,2293,-2811,-55.1,44046,368,521,2026-06-15,2026-08-11 11:42:56
8,1,OLD,20258236,만달로리안과 그로구,2026-05-27,19988250,2.0,-34180660,-63.1,2591521020,1819,-2944,-61.8,214494,129,192,2026-06-15,2026-08-11 11:42:56
9,-2,OLD,20264331,디어 마이 히어로, ,8790000,0.9,-18710000,-68.0,36290000,1758,-3742,-68.0,7258,110,279,2026-06-15,2026-08-11 11:42:56
10,0,OLD,20163018,싱 스트리트,2016-05-19,12610400,1.3,-18145200,-59.0,4719756872,1274,-1613,-55.9,590714,111,142,2026-06-15,2026-08-11 11:42:56
1,0,OLD,20252402,군체,2026-05-21,324208640,31.8,-13167490,-3.9,55736270280,32022,-1814,-5.4,5278694,1146,3973,2026-06-16,2026-08-11 11:42:55
2,0,OLD,20248252,와일드 씽,2026-06-03,235796930,23.1,9904010,4.4,8899115000,24984,1318,5.6,918373,935,2990,2026-06-16,2026-08-11 11:42:55
3,0,OLD,20263030,백룸,2026-05-27,131852560,12.9,4509400,3.5,10631994020,12240,343,2.9,1000194,649,1510,2026-06-16,2026-08-11 11:42:55
4,0,OLD,20250655,디스클로저 데이,2026-06-10,105651700,10.4,-5558500,-5.0,2339827020,9976,-390,-3.8,215010,783,1998,2026-06-16,2026-08-11 11:42:55
5,0,OLD,20259626,마이클,2026-05-13,36973120,3.6,4080840,12.4,17557191760,3563,362,11.3,1595794,358,505,2026-06-16,2026-08-11 11:42:55
6,1,OLD,20261766,상자 속의 양,2026-06-10,27564820,2.7,6576200,31.3,430527020,3068,775,33.8,47114,389,561,2026-06-16,2026-08-11 11:42:55
7,1,OLD,20258236,만달로리안과 그로구,2026-05-27,22434930,2.2,2446680,12.2,2613955950,2071,252,13.9,216565,133,197,2026-06-16,2026-08-11 11:42:55
8,1,OLD,20264331,디어 마이 히어로, ,7305000,0.7,-1485000,-16.9,43595000,1461,-297,-16.9,8719,113,279,2026-06-16,2026-08-11 11:42:55
9,2,OLD,20263344,너바나 더 밴드 : 전설적 밴드 ‘너바나’와는 별 관련 없는 ‘너바나 더 밴드’의 콤비 맷과 제이. 어느 날 공연을 위해 타임머신을 만드는 황당한 작전을 세우고 처음 만났던 17년 전으로 돌,2026-05-20,11955700,1.2,5563500,87.0,778958200,1428,577,67.8,70506,56,64,2026-06-16,2026-08-11 11:42:55
10,0,NEW,20258945,너만 보이는 날,2026-06-24,11880000,1.2,11880000,100.0,30383000,1320,1320,100.0,3367,6,6,2026-06-16,2026-08-11 11:42:55
1,0,NEW,20259781,토이 스토리 5,2026-06-17,997525790,50.1,997525790,100.0,1021342790,94694,94694,100.0,96231,1538,6104,2026-06-17,2026-08-11 11:42:55
2,-1,OLD,20252402,군체,2026-05-21,308726760,15.5,-15481880,-4.8,56044997040,30906,-1116,-3.5,5309600,936,2808,2026-06-17,2026-08-11 11:42:55
3,-1,OLD,20248252,와일드 씽,2026-06-03,235659920,11.8,-137010,-0.1,9134774920,25267,283,1.1,943640,786,2312,2026-06-17,2026-08-11 11:42:55
4,-1,OLD,20263030,백룸,2026-05-27,106129420,5.3,-25723140,-19.5,10738123440,9898,-2342,-19.1,1010092,513,908,2026-06-17,2026-08-11 11:42:55
5,9,OLD,20248484,신사: 악귀의 속삭임,2026-06-17,66759450,3.4,58139450,674.5,86055450,7145,6507,1019.9,8897,207,403,2026-06-17,2026-08-11 11:42:55
6,-2,OLD,20250655,디스클로저 데이,2026-06-10,53877390,2.7,-51774310,-49.0,2393704410,5600,-4376,-43.9,220610,569,849,2026-06-17,2026-08-11 11:42:55
7,-1,OLD,20261766,상자 속의 양,2026-06-10,31614840,1.6,4050020,14.7,462141860,3661,593,19.3,50775,224,276,2026-06-17,2026-08-11 11:42:55
8,0,NEW,20149629,비긴 어게인,2014-08-13,34177750,1.7,34177750,100.0,29618610321,3115,3115,100.0,3716553,119,192,2026-06-17,2026-08-11 11:42:55
9,-4,OLD,20259626,마이클,2026-05-13,19571530,1.0,-17401590,-47.1,17576763290,1880,-1683,-47.2,1597674,207,246,2026-06-17,2026-08-11 11:42:55
10,1,OLD,20163018,싱 스트리트,2016-05-19,15871900,0.8,3426650,27.5,4748074022,1603,292,22.3,593628,78,96,2026-06-17,2026-08-11 11:42:55
1,0,OLD,20259781,토이 스토리 5,2026-06-17,663139770,40.4,-334386020,-33.5,1684482560,63122,-31572,-33.3,159353,1495,5801,2026-06-18,2026-08-11 11:42:54
2,0,OLD,20252402,군체,2026-05-21,296296190,18.1,-12430570,-4.0,56341293230,29223,-1683,-5.4,5338823,914,2752,2026-06-18,2026-08-11 11:42:54
3,0,OLD,20248252,와일드 씽,2026-06-03,220573200,13.4,-15086720,-6.4,9355348120,23360,-1907,-7.5,967000,786,2286,2026-06-18,2026-08-11 11:42:54
4,0,OLD,20263030,백룸,2026-05-27,116524030,7.1,10394610,9.8,10854647470,10760,862,8.7,1020852,495,876,2026-06-18,2026-08-11 11:42:54
5,31,OLD,20263948,에픽: 엘비스 프레슬리 콘서트,2026-07-01,34629000,2.1,33747000,3826.2,35511000,4947,4821,3826.2,5073,26,26,2026-06-18,2026-08-11 11:42:54
6,0,OLD,20250655,디스클로저 데이,2026-06-10,45830060,2.8,-8047330,-14.9,2439534470,4549,-1051,-18.8,225159,543,781,2026-06-18,2026-08-11 11:42:54
7,-2,OLD,20248484,신사: 악귀의 속삭임,2026-06-17,37817500,2.3,-28941950,-43.4,123872950,4213,-2932,-41.0,13110,209,366,2026-06-18,2026-08-11 11:42:54
8,-1,OLD,20261766,상자 속의 양,2026-06-10,31270400,1.9,-344440,-1.1,493412260,3636,-25,-0.7,54411,232,278,2026-06-18,2026-08-11 11:42:54
9,0,OLD,20259626,마이클,2026-05-13,28982150,1.8,9410620,48.1,17605745440,2693,813,43.2,1600367,213,255,2026-06-18,2026-08-11 11:42:54
10,-2,OLD,20149629,비긴 어게인,2014-08-13,24145300,1.5,-10032450,-29.4,29642755621,2180,-935,-30.0,3718733,115,188,2026-06-18,2026-08-11 11:42:54
1,0,OLD,20259781,토이 스토리 5,2026-06-17,973355600,45.9,310215830,46.8,2657838160,90267,27145,43.0,249620,1564,6209,2026-06-19,2026-08-11 11:42:53
2,0,OLD,20252402,군체,2026-05-21,408154250,19.2,111858060,37.8,56749447480,37964,8741,29.9,5376787,970,2896,2026-06-19,2026-08-11 11:42:53
3,0,OLD,20248252,와일드 씽,2026-06-03,252416210,11.9,31843010,14.4,9607764330,25202,1842,7.9,992202,820,2391,2026-06-19,2026-08-11 11:42:53
4,0,OLD,20263030,백룸,2026-05-27,170529910,8.0,54005880,46.3,11025177380,15036,4276,39.7,1035888,531,1005,2026-06-19,2026-08-11 11:42:53
5,1,OLD,20250655,디스클로저 데이,2026-06-10,48420390,2.3,2590330,5.7,2487954860,4478,-71,-1.6,229637,473,662,2026-06-19,2026-08-11 11:42:53
6,1,OLD,20248484,신사: 악귀의 속삭임,2026-06-17,38305400,1.8,487900,1.3,162178350,3734,-479,-11.4,16844,208,366,2026-06-19,2026-08-11 11:42:53
7,1,OLD,20261766,상자 속의 양,2026-06-10,30268850,1.4,-1001550,-3.2,523681110,3420,-216,-5.9,57831,224,264,2026-06-19,2026-08-11 11:42:53
8,2,OLD,20149629,비긴 어게인,2014-08-13,30885600,1.5,6740300,27.9,29673641221,2655,475,21.8,3721388,119,198,2026-06-19,2026-08-11 11:42:53
9,0,OLD,20259626,마이클,2026-05-13,23748900,1.1,-5233250,-18.1,17629494340,2142,-551,-20.5,1602509,200,249,2026-06-19,2026-08-11 11:42:53
10,1,OLD,19960126,비포 선라이즈,1996-03-30,12952200,0.6,-7191450,-35.7,831724806,1209,-723,-37.4,94778,91,126,2026-06-19,2026-08-11 11:42:53
1,0,OLD,20259781,토이 스토리 5,2026-06-17,3474897420,58.7,2501541820,257.0,6132735580,335726,245459,271.9,585346,1847,8510,2026-06-20,2026-08-11 11:42:53
2,0,OLD,20252402,군체,2026-05-21,919409470,15.5,511255220,125.3,57668856950,87583,49619,130.7,5464370,1004,3015,2026-06-20,2026-08-11 11:42:53
3,0,OLD,20248252,와일드 씽,2026-06-03,622960600,10.5,370544390,146.8,10230724930,62542,37340,148.2,1054744,829,2525,2026-06-20,2026-08-11 11:42:53
4,0,OLD,20263030,백룸,2026-05-27,311141800,5.3,140611890,82.5,11336319180,28414,13378,89.0,1064302,560,1054,2026-06-20,2026-08-11 11:42:53
5,1,OLD,20248484,신사: 악귀의 속삭임,2026-06-17,106269950,1.8,67964550,177.4,268448300,9601,5867,157.1,26445,224,373,2026-06-20,2026-08-11 11:42:53
6,-1,OLD,20250655,디스클로저 데이,2026-06-10,78552130,1.3,30131740,62.2,2566506990,7669,3191,71.3,237306,437,586,2026-06-20,2026-08-11 11:42:53
7,2,OLD,20259626,마이클,2026-05-13,54816810,0.9,31067910,130.8,17684311150,5030,2888,134.8,1607539,204,240,2026-06-20,2026-08-11 11:42:53
8,0,OLD,20149629,비긴 어게인,2014-08-13,59153500,1.0,28267900,91.5,29732794721,4766,2111,79.5,3726154,123,185,2026-06-20,2026-08-11 11:42:53
9,-2,OLD,20261766,상자 속의 양,2026-06-10,31434490,0.5,1165640,3.9,555115600,3301,-119,-3.5,61132,195,224,2026-06-20,2026-08-11 11:42:53
10,2,OLD,20258236,만달로리안과 그로구,2026-05-27,34181390,0.6,17984450,111.0,2681034030,2405,1292,116.1,221481,84,98,2026-06-20,2026-08-11 11:42:53
1,0,OLD,20259781,토이 스토리 5,2026-06-17,2945933060,61.6,-528964360,-15.2,9078668640,287035,-48691,-14.5,872381,1837,8198,2026-06-21,2026-08-11 11:42:52
2,0,OLD,20252402,군체,2026-05-21,652418230,13.6,-266991240,-29.0,58321275180,63119,-24464,-27.9,5527489,952,2837,2026-06-21,2026-08-11 11:42:52
3,0,OLD,20248252,와일드 씽,2026-06-03,453639610,9.5,-169320990,-27.2,10684364540,45799,-16743,-26.8,1100543,800,2360,2026-06-21,2026-08-11 11:42:52
4,0,OLD,20263030,백룸,2026-05-27,247341780,5.2,-63800020,-20.5,11583660960,22444,-5970,-21.0,1086746,554,988,2026-06-21,2026-08-11 11:42:52
5,0,OLD,20248484,신사: 악귀의 속삭임,2026-06-17,77449100,1.6,-28820850,-27.1,345897400,6973,-2628,-27.4,33418,217,347,2026-06-21,2026-08-11 11:42:52
6,0,OLD,20250655,디스클로저 데이,2026-06-10,60393110,1.3,-18159020,-23.1,2626900100,5946,-1723,-22.5,243252,436,577,2026-06-21,2026-08-11 11:42:52
7,0,OLD,20259626,마이클,2026-05-13,45799990,1.0,-9016820,-16.4,17730111140,4335,-695,-13.8,1611874,195,232,2026-06-21,2026-08-11 11:42:52
8,0,OLD,20149629,비긴 어게인,2014-08-13,37627100,0.8,-21526400,-36.4,29770421821,3242,-1524,-32.0,3729396,117,174,2026-06-21,2026-08-11 11:42:52
9,0,OLD,20261766,상자 속의 양,2026-06-10,24728500,0.5,-6705990,-21.3,579844100,2580,-721,-21.8,63712,198,223,2026-06-21,2026-08-11 11:42:52
10,3,OLD,20264331,디어 마이 히어로, ,12375000,0.3,4860000,64.7,78610000,2475,972,64.7,15722,153,185,2026-06-21,2026-08-11 11:42:52
1,0,OLD,20259781,토이 스토리 5,2026-06-17,624753060,44.8,-2321180000,-78.8,9703421700,59378,-227657,-79.3,931759,1399,5599,2026-06-22,2026-08-11 11:42:52
2,0,OLD,20252402,군체,2026-05-21,256198950,18.4,-396219280,-60.7,58577474130,25259,-37860,-60.0,5552748,867,2671,2026-06-22,2026-08-11 11:42:52
3,0,OLD,20248252,와일드 씽,2026-06-03,155070570,11.1,-298569040,-65.8,10839435110,16114,-29685,-64.8,1116657,714,2131,2026-06-22,2026-08-11 11:42:52
4,0,OLD,20263030,백룸,2026-05-27,121440000,8.7,-125901780,-50.9,11705100960,11277,-11167,-49.8,1098023,514,949,2026-06-22,2026-08-11 11:42:52
5,1,OLD,20250655,디스클로저 데이,2026-06-10,26499480,1.9,-33893630,-56.1,2653399580,2658,-3288,-55.3,245910,424,571,2026-06-22,2026-08-11 11:42:52
6,-1,OLD,20248484,신사: 악귀의 속삭임,2026-06-17,23123550,1.7,-54325550,-70.1,369020950,2332,-4641,-66.6,35750,196,320,2026-06-22,2026-08-11 11:42:52
7,2,OLD,20261766,상자 속의 양,2026-06-10,18763300,1.3,-5965200,-24.1,598607400,2158,-422,-16.4,65870,203,237,2026-06-22,2026-08-11 11:42:52
8,0,OLD,20149629,비긴 어게인,2014-08-13,22551900,1.6,-15075200,-40.1,29792973721,2025,-1217,-37.5,3731421,114,202,2026-06-22,2026-08-11 11:42:52
9,-2,OLD,20259626,마이클,2026-05-13,19384680,1.4,-26415310,-57.7,17749495820,1875,-2460,-56.7,1613749,201,264,2026-06-22,2026-08-11 11:42:52
10,3,OLD,19960126,비포 선라이즈,1996-03-30,11861400,0.8,-11854600,-50.0,892081006,1135,-768,-40.4,99870,100,130,2026-06-22,2026-08-11 11:42:52
1,0,OLD,20259781,토이 스토리 5,2026-06-17,627097930,44.9,2344870,0.4,10330519630,59813,435,0.7,991572,1441,5569,2026-06-23,2026-08-11 11:42:51
2,0,OLD,20252402,군체,2026-05-21,235565980,16.9,-20632970,-8.1,58813040110,23250,-2009,-8.0,5575998,885,2654,2026-06-23,2026-08-11 11:42:51
3,0,OLD,20248252,와일드 씽,2026-06-03,167352420,12.0,12281850,7.9,11006787530,17890,1776,11.0,1134547,760,2225,2026-06-23,2026-08-11 11:42:51
4,0,OLD,20263030,백룸,2026-05-27,113216720,8.1,-8223280,-6.8,11818317680,10439,-838,-7.4,1108462,503,937,2026-06-23,2026-08-11 11:42:51
5,0,OLD,20250655,디스클로저 데이,2026-06-10,33762550,2.4,7263070,27.4,2687162130,3424,766,28.8,249334,435,582,2026-06-23,2026-08-11 11:42:51
6,0,OLD,20248484,신사: 악귀의 속삭임,2026-06-17,20667950,1.5,-2455600,-10.6,389688900,2232,-100,-4.3,37982,201,323,2026-06-23,2026-08-11 11:42:51
7,2,OLD,20259626,마이클,2026-05-13,21471980,1.5,2087300,10.8,17770967800,2093,218,11.6,1615842,217,281,2026-06-23,2026-08-11 11:42:51
8,0,OLD,20149629,비긴 어게인,2014-08-13,22744350,1.6,192450,0.9,29815718071,2052,27,1.3,3733473,117,208,2026-06-23,2026-08-11 11:42:51
9,-2,OLD,20261766,상자 속의 양,2026-06-10,16686300,1.2,-2077000,-11.1,615293700,1931,-227,-10.5,67801,213,251,2026-06-23,2026-08-11 11:42:51
10,0,OLD,19960126,비포 선라이즈,1996-03-30,14042700,1.0,2181300,18.4,906123706,1295,160,14.1,101165,98,128,2026-06-23,2026-08-11 11:42:51
1,0,OLD,20259781,토이 스토리 5,2026-06-17,714100090,33.9,87002160,13.9,11044619720,75206,15393,25.7,1066778,1254,4315,2026-06-24,2026-08-11 11:42:51
2,11,OLD,20250489,슈퍼걸,2026-06-24,350517560,16.6,337797560,2655.6,363237560,34938,34122,4181.6,35754,883,2916,2026-06-24,2026-08-11 11:42:51
2,30,OLD,20242402,눈동자,2026-06-24,320060870,15.2,318377870,18917.3,353585870,34938,34751,18583.4,38411,789,2559,2026-06-24,2026-08-11 11:42:51
4,-2,OLD,20252402,군체,2026-05-21,234278960,11.1,-1287020,-0.5,59047319070,24627,1377,5.9,5600625,706,1809,2026-06-24,2026-08-11 11:42:51
5,-2,OLD,20248252,와일드 씽,2026-06-03,176013150,8.4,8660730,5.2,11182800680,19418,1528,8.5,1153965,651,1496,2026-06-24,2026-08-11 11:42:51
6,-2,OLD,20263030,백룸,2026-05-27,86090650,4.1,-27126070,-24.0,11904408330,8608,-1831,-17.5,1117070,339,503,2026-06-24,2026-08-11 11:42:51
7,0,NEW,20261524,짝사랑 세계,2026-06-24,25118980,1.2,25118980,100.0,29006980,3562,3562,100.0,3994,150,275,2026-06-24,2026-08-11 11:42:51
8,0,NEW,20258945,너만 보이는 날,2026-06-24,29351800,1.4,29351800,100.0,59734800,3337,3337,100.0,6704,158,201,2026-06-24,2026-08-11 11:42:51
9,0,NEW,20246318,해피엔드,2025-04-30,13473950,0.6,13473950,100.0,1342114950,1514,1514,100.0,136582,82,92,2026-06-24,2026-08-11 11:42:51
10,-5,OLD,20250655,디스클로저 데이,2026-06-10,14702400,0.7,-19060150,-56.5,2701864530,1506,-1918,-56.0,250840,105,113,2026-06-24,2026-08-11 11:42:51
1,0,OLD,20259781,토이 스토리 5,2026-06-17,484400580,31.6,-229699510,-32.2,11529020300,47610,-27596,-36.7,1114388,1193,4022,2026-06-25,2026-08-11 11:42:50
2,0,OLD,20242402,눈동자,2026-06-24,330394050,21.6,10333180,3.2,683979920,33866,-1072,-3.1,72277,764,2518,2026-06-25,2026-08-11 11:42:50
3,1,OLD,20252402,군체,2026-05-21,174642340,11.4,-59636620,-25.5,59221961410,17300,-7327,-29.8,5617925,677,1715,2026-06-25,2026-08-11 11:42:50
4,-2,OLD,20250489,슈퍼걸,2026-06-24,145238890,9.5,-205278670,-58.6,508476450,14329,-20609,-59.0,50083,830,2476,2026-06-25,2026-08-11 11:42:50
5,0,OLD,20248252,와일드 씽,2026-06-03,114056150,7.5,-61957000,-35.2,11296856830,12409,-7009,-36.1,1166374,607,1400,2026-06-25,2026-08-11 11:42:50
6,0,OLD,20263030,백룸,2026-05-27,69389540,4.5,-16701110,-19.4,11973797870,6360,-2248,-26.1,1123430,340,499,2026-06-25,2026-08-11 11:42:50
7,0,NEW,20263948,에픽: 엘비스 프레슬리 콘서트,2026-07-01,34426000,2.2,34426000,100.0,69937000,4918,4918,100.0,9991,25,25,2026-06-25,2026-08-11 11:42:50
8,0,OLD,20258945,너만 보이는 날,2026-06-24,16757050,1.1,-12594750,-42.9,76491850,1927,-1410,-42.3,8631,144,183,2026-06-25,2026-08-11 11:42:50
9,3,OLD,20263344,너바나 더 밴드 : 전설적 밴드 ‘너바나’와는 별 관련 없는 ‘너바나 더 밴드’의 콤비 맷과 제이. 어느 날 공연을 위해 타임머신을 만드는 황당한 작전을 세우고 처음 만났던 17년 전으로 돌,2026-05-20,10605250,0.7,1799400,20.4,873734950,1552,248,19.0,81338,39,42,2026-06-25,2026-08-11 11:42:50
10,-3,OLD,20261524,짝사랑 세계,2026-06-24,11259390,0.7,-13859590,-55.2,40266370,1495,-2067,-58.0,5489,135,226,2026-06-25,2026-08-11 11:42:50
1,0,OLD,20259781,토이 스토리 5,2026-06-17,784834740,34.8,300434160,62.0,12313855040,74934,27324,57.4,1189322,1308,4755,2026-06-26,2026-08-11 11:42:50
2,0,OLD,20242402,눈동자,2026-06-24,494979340,21.9,164585290,49.8,1178959260,48996,15130,44.7,121273,795,2711,2026-06-26,2026-08-11 11:42:50
3,0,OLD,20252402,군체,2026-05-21,226349250,10.0,51706910,29.6,59448310660,21635,4335,25.1,5639560,749,1955,2026-06-26,2026-08-11 11:42:50
4,1,OLD,20248252,와일드 씽,2026-06-03,156294380,6.9,42238230,37.0,11453151210,15950,3541,28.5,1182324,679,1585,2026-06-26,2026-08-11 11:42:50
5,-1,OLD,20250489,슈퍼걸,2026-06-24,167226470,7.4,21987580,15.1,675702920,15817,1488,10.4,65900,808,2523,2026-06-26,2026-08-11 11:42:50
6,0,OLD,20263030,백룸,2026-05-27,88865950,3.9,19476410,28.1,12062663820,7894,1534,24.1,1131324,387,602,2026-06-26,2026-08-11 11:42:50
7,0,NEW,20264241,정동원 팬콘서트 필름 : 다시 만나는 길,2026-06-26,83825000,3.7,83825000,100.0,83825000,3353,3353,100.0,3353,43,79,2026-06-26,2026-08-11 11:42:50
8,0,OLD,20258945,너만 보이는 날,2026-06-24,16897800,0.7,140750,0.8,93389650,1955,28,1.5,10586,139,175,2026-06-26,2026-08-11 11:42:50
9,2,OLD,20149629,비긴 어게인,2014-08-13,18913050,0.8,3369150,21.7,29865596771,1610,240,17.5,3737921,73,122,2026-06-26,2026-08-11 11:42:50
10,19,OLD,20242837,왕과 사는 남자,2026-02-04,11933600,0.5,10040250,530.3,163133708190,1597,1393,682.8,16904375,29,29,2026-06-26,2026-08-11 11:42:50
1,0,OLD,20259781,토이 스토리 5,2026-06-17,2319457890,47.7,1534623150,195.5,14633312930,226045,151111,201.7,1415367,1734,7142,2026-06-27,2026-08-11 11:42:49
2,0,OLD,20242402,눈동자,2026-06-24,977287800,20.1,482308460,97.4,2156247060,95028,46032,94.0,216301,921,2830,2026-06-27,2026-08-11 11:42:49
3,0,OLD,20252402,군체,2026-05-21,432716140,8.9,206366890,91.2,59881026800,41073,19438,89.8,5680633,818,1948,2026-06-27,2026-08-11 11:42:49
4,0,OLD,20248252,와일드 씽,2026-06-03,280984390,5.8,124690010,79.8,11734135600,28434,12484,78.3,1210758,717,1567,2026-06-27,2026-08-11 11:42:49
5,0,OLD,20250489,슈퍼걸,2026-06-24,282640680,5.8,115414210,69.0,958343600,26356,10539,66.6,92256,806,2087,2026-06-27,2026-08-11 11:42:49
6,0,OLD,20263030,백룸,2026-05-27,137040580,2.8,48174630,54.2,12199704400,12449,4555,57.7,1143773,361,574,2026-06-27,2026-08-11 11:42:49
7,7,OLD,20246318,해피엔드,2025-04-30,35462000,0.7,19932700,128.4,1401653300,2666,1408,111.9,141332,76,84,2026-06-27,2026-08-11 11:42:49
8,-1,OLD,20264241,정동원 팬콘서트 필름 : 다시 만나는 길,2026-06-26,65975000,1.4,-17850000,-21.3,149800000,2639,-714,-21.3,5992,42,74,2026-06-27,2026-08-11 11:42:49
9,6,OLD,20248484,신사: 악귀의 속삭임,2026-06-17,30848600,0.6,21982200,247.9,443769500,2570,1538,149.0,43273,111,138,2026-06-27,2026-08-11 11:42:49
10,1,OLD,20261524,짝사랑 세계,2026-06-24,21241660,0.4,8939240,72.7,73810450,2360,828,54.0,9381,133,218,2026-06-27,2026-08-11 11:42:49
1,0,OLD,20259781,토이 스토리 5,2026-06-17,2053814940,48.4,-265642950,-11.5,16687127870,201956,-24089,-10.7,1617323,1705,6806,2026-06-28,2026-08-11 11:42:48
2,0,OLD,20242402,눈동자,2026-06-24,922439440,21.7,-54848360,-5.6,3078686500,88921,-6107,-6.4,305222,955,2774,2026-06-28,2026-08-11 11:42:48
3,0,OLD,20252402,군체,2026-05-21,346105620,8.2,-86610520,-20.0,60227132420,33363,-7710,-18.8,5713996,799,1837,2026-06-28,2026-08-11 11:42:48
4,0,OLD,20248252,와일드 씽,2026-06-03,227928600,5.4,-53055790,-18.9,11962064200,23281,-5153,-18.1,1234039,704,1483,2026-06-28,2026-08-11 11:42:48
5,0,OLD,20250489,슈퍼걸,2026-06-24,204673270,4.8,-77967410,-27.6,1163016870,19591,-6765,-25.7,111847,773,1864,2026-06-28,2026-08-11 11:42:48
6,0,OLD,20263030,백룸,2026-05-27,112966220,2.7,-24074360,-17.6,12312670620,10180,-2269,-18.2,1153953,370,566,2026-06-28,2026-08-11 11:42:48
7,0,OLD,20246318,해피엔드,2025-04-30,33665900,0.8,-1796100,-5.1,1435319200,2546,-120,-4.5,143878,71,82,2026-06-28,2026-08-11 11:42:48
8,1,OLD,20248484,신사: 악귀의 속삭임,2026-06-17,29405100,0.7,-1443500,-4.7,473174600,2438,-132,-5.1,45711,102,129,2026-06-28,2026-08-11 11:42:48
9,-1,OLD,20264241,정동원 팬콘서트 필름 : 다시 만나는 길,2026-06-26,57575000,1.4,-8400000,-12.7,207375000,2303,-336,-12.7,8295,42,60,2026-06-28,2026-08-11 11:42:48
10,0,OLD,20261524,짝사랑 세계,2026-06-24,20461520,0.5,-780140,-3.7,94271970,2225,-135,-5.7,11606,131,201,2026-06-28,2026-08-11 11:42:48
1,0,OLD,20259781,토이 스토리 5,2026-06-17,419863690,31.3,-1633951250,-79.6,17106991560,40699,-161257,-79.8,1658022,1127,4197,2026-06-29,2026-08-11 11:42:48
2,0,OLD,20242402,눈동자,2026-06-24,393099650,29.3,-529339790,-57.4,3471786150,38498,-50423,-56.7,343720,809,2716,2026-06-29,2026-08-11 11:42:48
3,0,OLD,20252402,군체,2026-05-21,143828720,10.7,-202276900,-58.4,60370961140,14403,-18960,-56.8,5728399,672,1759,2026-06-29,2026-08-11 11:42:48
4,0,OLD,20248252,와일드 씽,2026-06-03,88137260,6.6,-139791340,-61.3,12050201460,9414,-13867,-59.6,1243453,610,1418,2026-06-29,2026-08-11 11:42:48
5,0,OLD,20250489,슈퍼걸,2026-06-24,61707460,4.6,-142965810,-69.9,1224724330,6281,-13310,-67.9,118128,670,1615,2026-06-29,2026-08-11 11:42:48
6,0,OLD,20263030,백룸,2026-05-27,56365620,4.2,-56600600,-50.1,12369036240,5213,-4967,-48.8,1159166,343,563,2026-06-29,2026-08-11 11:42:48
7,43,OLD,20242837,왕과 사는 남자,2026-02-04,8472500,0.6,7567100,835.8,163145836140,1203,1111,1207.6,16905949,32,32,2026-06-29,2026-08-11 11:42:48
8,2,OLD,20261524,짝사랑 세계,2026-06-24,9472200,0.7,-10989320,-53.7,103744170,1164,-1061,-47.7,12770,132,238,2026-06-29,2026-08-11 11:42:48
9,7,OLD,20149629,비긴 어게인,2014-08-13,11374250,0.8,-2552800,-18.3,29906443671,1037,-182,-14.9,3741513,77,110,2026-06-29,2026-08-11 11:42:48
10,-1,OLD,20264241,정동원 팬콘서트 필름 : 다시 만나는 길,2026-06-26,25675000,1.9,-31900000,-55.4,233050000,1027,-1276,-55.4,9322,39,56,2026-06-29,2026-08-11 11:42:48
1,0,OLD,20259781,토이 스토리 5,2026-06-17,422576670,30.7,2712980,0.6,17529568230,42008,1309,3.2,1700030,1156,4210,2026-06-30,2026-08-11 11:42:47
2,0,OLD,20242402,눈동자,2026-06-24,396451100,28.8,3351450,0.9,3868237250,39317,819,2.1,383037,832,2790,2026-06-30,2026-08-11 11:42:47
3,0,OLD,20252402,군체,2026-05-21,152933800,11.1,9105080,6.3,60523894940,15821,1418,9.8,5744220,687,1781,2026-06-30,2026-08-11 11:42:47
4,0,OLD,20248252,와일드 씽,2026-06-03,93477950,6.8,5340690,6.1,12143679410,10151,737,7.8,1253604,641,1469,2026-06-30,2026-08-11 11:42:47
5,0,OLD,20250489,슈퍼걸,2026-06-24,57685420,4.2,-4022040,-6.5,1282409750,6075,-206,-3.3,124203,678,1578,2026-06-30,2026-08-11 11:42:47
6,0,OLD,20263030,백룸,2026-05-27,54460000,4.0,-1905620,-3.4,12423496240,5129,-84,-1.6,1164295,343,568,2026-06-30,2026-08-11 11:42:47
7,1,OLD,20261524,짝사랑 세계,2026-06-24,10015880,0.7,543680,5.7,113760050,1422,258,22.2,14192,128,231,2026-06-30,2026-08-11 11:42:47
8,3,OLD,20258945,너만 보이는 날,2026-06-24,10961300,0.8,3417400,45.3,140667800,1363,492,56.5,15968,135,162,2026-06-30,2026-08-11 11:42:47
9,0,OLD,20149629,비긴 어게인,2014-08-13,12156000,0.9,781750,6.9,29918599671,1116,79,7.6,3742629,77,111,2026-06-30,2026-08-11 11:42:47
10,0,OLD,20264241,정동원 팬콘서트 필름 : 다시 만나는 길,2026-06-26,24850000,1.8,-825000,-3.2,257900000,994,-33,-3.2,10316,40,54,2026-06-30,2026-08-11 11:42:47
1,1,OLD,20242402,눈동자,2026-06-24,484253960,27.6,87802860,22.1,4352491210,49098,9781,24.9,432135,872,2804,2026-07-01,2026-08-11 11:42:47
2,-1,OLD,20259781,토이 스토리 5,2026-06-17,432151920,24.6,9575250,2.3,17961720150,44064,2056,4.9,1744094,1030,3444,2026-07-01,2026-08-11 11:42:47
3,27,OLD,20263530,마티 슈프림,2026-07-01,193904300,11.0,190905300,6365.6,217160300,19984,19764,8983.6,21401,738,1625,2026-07-01,2026-08-11 11:42:47
4,-1,OLD,20252402,군체,2026-05-21,141312050,8.0,-11621750,-7.6,60665206990,13988,-1833,-11.6,5758208,666,1485,2026-07-01,2026-08-11 11:42:47
5,0,NEW,20264056,그린랜드 2: 마이그레이션,2026-07-01,75379040,4.3,75379040,100.0,80077390,8165,8165,100.0,8583,378,733,2026-07-01,2026-08-11 11:42:47
6,-2,OLD,20248252,와일드 씽,2026-06-03,71287470,4.1,-22190480,-23.7,12214966880,7779,-2372,-23.4,1261383,589,991,2026-07-01,2026-08-11 11:42:47
7,0,NEW,20264027,극장판 도라에몽: 신 진구의 해저비밀성,2026-07-01,55607700,3.2,55607700,100.0,66426700,6619,6619,100.0,7521,141,538,2026-07-01,2026-08-11 11:42:47
8,0,NEW,20264427,극장판 암살교실 모두의 시간,2026-07-01,51645800,2.9,51645800,100.0,51645800,4845,4845,100.0,4845,143,214,2026-07-01,2026-08-11 11:42:47
9,-3,OLD,20263030,백룸,2026-05-27,40111700,2.3,-14348300,-26.3,12463607940,3866,-1263,-24.6,1168161,229,310,2026-07-01,2026-08-11 11:42:47
10,-5,OLD,20250489,슈퍼걸,2026-06-24,30624140,1.7,-27061280,-46.9,1313033890,3193,-2882,-47.4,127396,507,706,2026-07-01,2026-08-11 11:42:47
1,0,OLD,20242402,눈동자,2026-06-24,502105750,31.5,17851790,3.7,4854596960,50720,1622,3.3,482855,894,2870,2026-07-02,2026-08-11 11:42:46
2,0,OLD,20259781,토이 스토리 5,2026-06-17,445949430,28.0,13797510,3.2,18407669580,45353,1289,2.9,1789447,1043,3434,2026-07-02,2026-08-11 11:42:46
3,1,OLD,20252402,군체,2026-05-21,130457230,8.2,-10854820,-7.7,60795664220,13009,-979,-7.0,5771217,667,1465,2026-07-02,2026-08-11 11:42:46
4,-1,OLD,20263530,마티 슈프림,2026-07-01,103410000,6.5,-90494300,-46.7,320570300,10360,-9624,-48.2,31761,686,1464,2026-07-02,2026-08-11 11:42:46
5,1,OLD,20248252,와일드 씽,2026-06-03,64777100,4.1,-6510370,-9.1,12279743980,6987,-792,-10.2,1268370,576,965,2026-07-02,2026-08-11 11:42:46
6,-1,OLD,20264056,그린랜드 2: 마이그레이션,2026-07-01,56349380,3.5,-19029660,-25.2,136426770,6288,-1877,-23.0,14871,374,709,2026-07-02,2026-08-11 11:42:46
7,2,OLD,20263030,백룸,2026-05-27,40302970,2.5,191270,0.5,12503910910,3843,-23,-0.6,1172004,237,312,2026-07-02,2026-08-11 11:42:46
8,-1,OLD,20264027,극장판 도라에몽: 신 진구의 해저비밀성,2026-07-01,28634200,1.8,-26973500,-48.5,95060900,3157,-3462,-52.3,10678,143,495,2026-07-02,2026-08-11 11:42:46
9,-1,OLD,20264427,극장판 암살교실 모두의 시간,2026-07-01,28552350,1.8,-23093450,-44.7,80198150,2680,-2165,-44.7,7525,145,210,2026-07-02,2026-08-11 11:42:46
10,0,OLD,20250489,슈퍼걸,2026-06-24,24055970,1.5,-6568170,-21.4,1337089860,2567,-626,-19.6,129963,471,619,2026-07-02,2026-08-11 11:42:46
1,0,OLD,20242402,눈동자,2026-06-24,941041030,37.7,438935280,87.4,5795637990,91438,40718,80.3,574293,1032,3483,2026-07-03,2026-08-11 11:42:46
2,0,OLD,20259781,토이 스토리 5,2026-06-17,745454220,29.9,299504790,67.2,19153123800,72725,27372,60.4,1862172,1160,4089,2026-07-03,2026-08-11 11:42:46
3,0,OLD,20252402,군체,2026-05-21,197652810,7.9,67195580,51.5,60993317030,19053,6044,46.5,5790270,682,1452,2026-07-03,2026-08-11 11:42:46
4,0,OLD,20263530,마티 슈프림,2026-07-01,112328290,4.5,8918290,8.6,432898590,10570,210,2.0,42331,656,1391,2026-07-03,2026-08-11 11:42:46
5,0,OLD,20248252,와일드 씽,2026-06-03,88140490,3.5,23363390,36.1,12367884470,8944,1957,28.0,1277314,606,1006,2026-07-03,2026-08-11 11:42:46
6,1,OLD,20263030,백룸,2026-05-27,66459970,2.7,26157000,64.9,12570370880,6085,2242,58.3,1178089,262,363,2026-07-03,2026-08-11 11:42:46
7,-1,OLD,20264056,그린랜드 2: 마이그레이션,2026-07-01,54036780,2.2,-2312600,-4.1,190463550,5656,-632,-10.1,20527,370,660,2026-07-03,2026-08-11 11:42:46
8,0,OLD,20264027,극장판 도라에몽: 신 진구의 해저비밀성,2026-07-01,45713650,1.8,17079450,59.6,140774550,5371,2214,70.1,16049,148,543,2026-07-03,2026-08-11 11:42:46
9,1,OLD,20250489,슈퍼걸,2026-06-24,24436400,1.0,380430,1.6,1361526260,2555,-12,-0.5,132518,412,516,2026-07-03,2026-08-11 11:42:46
10,-1,OLD,20264427,극장판 암살교실 모두의 시간,2026-07-01,26992200,1.1,-1560150,-5.5,107190350,2496,-184,-6.9,10021,137,201,2026-07-03,2026-08-11 11:42:46
1,1,OLD,20259781,토이 스토리 5,2026-06-17,1868070190,40.7,1122615970,150.6,21021193990,183905,111180,152.9,2046077,1496,6058,2026-07-04,2026-08-11 11:42:45
2,-1,OLD,20242402,눈동자,2026-06-24,1440932480,31.4,499891450,53.1,7236570470,141257,49819,54.5,715550,1177,4257,2026-07-04,2026-08-11 11:42:45
3,0,OLD,20252402,군체,2026-05-21,284293410,6.2,86640600,43.8,61277610440,27477,8424,44.2,5817747,711,1306,2026-07-04,2026-08-11 11:42:45
4,0,OLD,20263530,마티 슈프림,2026-07-01,165139780,3.6,52811490,47.0,598038370,15083,4513,42.7,57414,656,1143,2026-07-04,2026-08-11 11:42:45
5,0,OLD,20248252,와일드 씽,2026-06-03,140215530,3.1,52075040,59.1,12508100000,14047,5103,57.1,1291361,557,917,2026-07-04,2026-08-11 11:42:45
6,2,OLD,20264027,극장판 도라에몽: 신 진구의 해저비밀성,2026-07-01,114869150,2.5,69155500,151.3,255643700,12650,7279,135.5,28699,194,616,2026-07-04,2026-08-11 11:42:45
7,0,OLD,20264056,그린랜드 2: 마이그레이션,2026-07-01,78780490,1.7,24743710,45.8,269244040,7954,2298,40.6,28481,353,562,2026-07-04,2026-08-11 11:42:45
8,-2,OLD,20263030,백룸,2026-05-27,81337670,1.8,14877700,22.4,12651708550,7607,1522,25.0,1185696,240,347,2026-07-04,2026-08-11 11:42:45
9,1,OLD,20264427,극장판 암살교실 모두의 시간,2026-07-01,39270300,0.9,12278100,45.5,146460650,3746,1250,50.1,13767,133,185,2026-07-04,2026-08-11 11:42:45
10,-1,OLD,20250489,슈퍼걸,2026-06-24,31833920,0.7,7397520,30.3,1393360180,3280,725,28.4,135798,365,484,2026-07-04,2026-08-11 11:42:45
1,0,OLD,20259781,토이 스토리 5,2026-06-17,1739730750,41.5,-128339440,-6.9,22760924740,172402,-11503,-6.3,2218479,1463,5799,2026-07-05,2026-08-11 11:42:45
2,0,OLD,20242402,눈동자,2026-06-24,1307395760,31.2,-133536720,-9.3,8543966230,127134,-14123,-10.0,842684,1157,4082,2026-07-05,2026-08-11 11:42:45
3,0,OLD,20252402,군체,2026-05-21,252991750,6.0,-31301660,-11.0,61530602190,24538,-2939,-10.7,5842285,680,1241,2026-07-05,2026-08-11 11:42:45
4,0,OLD,20263530,마티 슈프림,2026-07-01,142326980,3.4,-22812800,-13.8,740365350,12848,-2235,-14.8,70262,627,1065,2026-07-05,2026-08-11 11:42:45
5,0,OLD,20248252,와일드 씽,2026-06-03,119173390,2.8,-21042140,-15.0,12627273390,12250,-1797,-12.8,1303611,554,865,2026-07-05,2026-08-11 11:42:45
6,0,OLD,20264027,극장판 도라에몽: 신 진구의 해저비밀성,2026-07-01,108132600,2.6,-6736550,-5.9,363776300,11358,-1292,-10.2,40057,194,592,2026-07-05,2026-08-11 11:42:45
7,0,OLD,20264056,그린랜드 2: 마이그레이션,2026-07-01,70569240,1.7,-8211250,-10.4,339813280,7092,-862,-10.8,35573,349,550,2026-07-05,2026-08-11 11:42:45
8,0,OLD,20263030,백룸,2026-05-27,68131960,1.6,-13205710,-16.2,12719840510,6387,-1220,-16.0,1192083,235,325,2026-07-05,2026-08-11 11:42:45
9,2,OLD,20262902,다윗,2026-07-10,41267600,1.0,13840600,50.5,139459600,4968,1797,56.7,16159,87,87,2026-07-05,2026-08-11 11:42:45
10,-1,OLD,20264427,극장판 암살교실 모두의 시간,2026-07-01,36534950,0.9,-2735350,-7.0,182995600,3453,-293,-7.8,17220,132,180,2026-07-05,2026-08-11 11:42:45
1,1,OLD,20242402,눈동자,2026-06-24,439220960,36.7,-868174800,-66.4,8983187190,43648,-83486,-65.7,886332,994,3534,2026-07-06,2026-08-11 11:42:44
2,-1,OLD,20259781,토이 스토리 5,2026-06-17,310925150,26.0,-1428805600,-82.1,23071849890,30951,-141451,-82.0,2249430,987,3305,2026-07-06,2026-08-11 11:42:44
3,0,OLD,20252402,군체,2026-05-21,100448800,8.4,-152542950,-60.3,61631050990,9642,-14896,-60.7,5851927,624,1416,2026-07-06,2026-08-11 11:42:44
4,0,OLD,20263530,마티 슈프림,2026-07-01,57034710,4.8,-85292270,-59.9,797400060,5506,-7342,-57.1,75768,553,1020,2026-07-06,2026-08-11 11:42:44
5,0,OLD,20248252,와일드 씽,2026-06-03,44918750,3.8,-74254640,-62.3,12672192140,4806,-7444,-60.8,1308417,491,831,2026-07-06,2026-08-11 11:42:44
6,2,OLD,20263030,백룸,2026-05-27,29473300,2.5,-38658660,-56.7,12749313810,2775,-3612,-56.6,1194858,229,314,2026-07-06,2026-08-11 11:42:44
7,0,OLD,20264056,그린랜드 2: 마이그레이션,2026-07-01,24689370,2.1,-45879870,-65.0,364502650,2588,-4504,-63.5,38161,328,526,2026-07-06,2026-08-11 11:42:44
8,-2,OLD,20264027,극장판 도라에몽: 신 진구의 해저비밀성,2026-07-01,16379400,1.4,-91753200,-84.9,380155700,1604,-9754,-85.9,41661,132,387,2026-07-06,2026-08-11 11:42:44
9,1,OLD,20264427,극장판 암살교실 모두의 시간,2026-07-01,14055050,1.2,-22479900,-61.5,197050650,1313,-2140,-62.0,18533,125,175,2026-07-06,2026-08-11 11:42:44
10,9,OLD,20264352,앤팀 브이알 콘서트 : 바운드리스,2026-06-26,37383000,3.1,10191000,37.5,309282000,1041,284,37.5,8609,1,8,2026-07-06,2026-08-11 11:42:44
1,0,OLD,20242402,눈동자,2026-06-24,443146330,36.0,3925370,0.9,9426333520,44464,816,1.9,930796,1002,3536,2026-07-07,2026-08-11 11:42:44
2,0,OLD,20259781,토이 스토리 5,2026-06-17,333113730,27.1,22188580,7.1,23404963620,33386,2435,7.9,2282816,1026,3360,2026-07-07,2026-08-11 11:42:44
3,0,OLD,20252402,군체,2026-05-21,96531700,7.8,-3917100,-3.9,61727582690,9370,-272,-2.8,5861297,608,1379,2026-07-07,2026-08-11 11:42:44
4,0,OLD,20263530,마티 슈프림,2026-07-01,56279800,4.6,-754910,-1.3,853679860,5542,36,0.7,81310,562,1025,2026-07-07,2026-08-11 11:42:44
5,0,OLD,20248252,와일드 씽,2026-06-03,43375100,3.5,-1543650,-3.4,12715567240,4631,-175,-3.6,1313048,501,821,2026-07-07,2026-08-11 11:42:44
6,1,OLD,20264056,그린랜드 2: 마이그레이션,2026-07-01,28259500,2.3,3570130,14.5,392762150,3039,451,17.4,41200,337,540,2026-07-07,2026-08-11 11:42:44
7,-1,OLD,20263030,백룸,2026-05-27,29173800,2.4,-299500,-1.0,12778487610,2736,-39,-1.4,1197594,229,314,2026-07-07,2026-08-11 11:42:44
8,5,OLD,20261524,짝사랑 세계,2026-06-24,11382000,0.9,5552600,95.3,183745680,1671,951,132.1,23203,109,153,2026-07-07,2026-08-11 11:42:44
9,-1,OLD,20264027,극장판 도라에몽: 신 진구의 해저비밀성,2026-07-01,15022200,1.2,-1357200,-8.3,395177900,1482,-122,-7.6,43143,126,366,2026-07-07,2026-08-11 11:42:44
10,-1,OLD,20264427,극장판 암살교실 모두의 시간,2026-07-01,14370000,1.2,314950,2.2,211420650,1344,31,2.4,19877,124,171,2026-07-07,2026-08-11 11:42:44
1,14,OLD,20259946,모아나,2026-07-08,669874810,36.1,659266810,6214.8,680482810,67025,66401,10641.2,67649,1374,5260,2026-07-08,2026-08-11 11:42:43
2,-1,OLD,20242402,눈동자,2026-06-24,473954840,25.5,30808510,7.0,9900288360,50512,6048,13.6,981308,982,3538,2026-07-08,2026-08-11 11:42:43
3,-1,OLD,20259781,토이 스토리 5,2026-06-17,317517550,17.1,-15596180,-4.7,23722481170,34341,955,2.9,2317157,756,2284,2026-07-08,2026-08-11 11:42:43
4,-1,OLD,20252402,군체,2026-05-21,83813500,4.5,-12718200,-13.2,61811396190,8621,-749,-8.0,5869918,524,889,2026-07-08,2026-08-11 11:42:43
5,0,OLD,20248252,와일드 씽,2026-06-03,35945850,1.9,-7429250,-17.1,12751513090,4218,-413,-8.9,1317266,332,480,2026-07-08,2026-08-11 11:42:43
6,-2,OLD,20263530,마티 슈프림,2026-07-01,36736850,2.0,-19542950,-34.7,890416710,3757,-1785,-32.2,85067,200,239,2026-07-08,2026-08-11 11:42:43
7,0,NEW,20262651,하나 코리아,2026-07-08,21131850,1.1,21131850,100.0,39891750,2500,2500,100.0,4129,170,228,2026-07-08,2026-08-11 11:42:43
8,-1,OLD,20263030,백룸,2026-05-27,19573500,1.1,-9600300,-32.9,12798061110,1963,-773,-28.3,1199557,108,145,2026-07-08,2026-08-11 11:42:43
9,0,NEW,20261410,키퍼,2026-07-08,13428900,0.7,13428900,100.0,13428900,1948,1948,100.0,1948,119,194,2026-07-08,2026-08-11 11:42:43
10,0,NEW,20261467,시크릿 에이전트,2026-07-08,16242150,0.9,16242150,100.0,27253420,1742,1742,100.0,2779,83,93,2026-07-08,2026-08-11 11:42:43
1,0,OLD,20259946,모아나,2026-07-08,439641000,30.0,-230233810,-34.4,1120123810,39887,-27138,-40.5,107536,1349,4937,2026-07-09,2026-08-11 11:42:42
2,0,OLD,20242402,눈동자,2026-06-24,397856450,27.2,-76098390,-16.1,10298144810,38125,-12387,-24.5,1019433,960,3499,2026-07-09,2026-08-11 11:42:42
3,0,OLD,20259781,토이 스토리 5,2026-06-17,254272790,17.4,-63244760,-19.9,23976753960,24625,-9716,-28.3,2341782,756,2288,2026-07-09,2026-08-11 11:42:42
4,0,OLD,20252402,군체,2026-05-21,77814590,5.3,-5998910,-7.2,61889210780,7381,-1240,-14.4,5877299,530,895,2026-07-09,2026-08-11 11:42:42
5,0,OLD,20248252,와일드 씽,2026-06-03,30309300,2.1,-5636550,-15.7,12781822390,3642,-576,-13.7,1320908,346,496,2026-07-09,2026-08-11 11:42:42
6,6,OLD,20264056,그린랜드 2: 마이그레이션,2026-07-01,26526200,1.8,12023800,82.9,433790750,3012,1511,100.7,45713,154,200,2026-07-09,2026-08-11 11:42:42
7,-1,OLD,20263530,마티 슈프림,2026-07-01,30434700,2.1,-6302150,-17.2,920851410,2737,-1020,-27.1,87804,204,235,2026-07-09,2026-08-11 11:42:42
8,-1,OLD,20262651,하나 코리아,2026-07-08,17812050,1.2,-3319800,-15.7,57703800,2136,-364,-14.6,6265,146,204,2026-07-09,2026-08-11 11:42:42
9,0,OLD,20261410,키퍼,2026-07-08,10121950,0.7,-3306950,-24.6,23550850,1491,-457,-23.5,3439,99,175,2026-07-09,2026-08-11 11:42:42
10,-2,OLD,20263030,백룸,2026-05-27,15213850,1.0,-4359650,-22.3,12813274960,1319,-644,-32.8,1200876,107,142,2026-07-09,2026-08-11 11:42:42
1,0,OLD,20259946,모아나,2026-07-08,677949060,31.7,238308060,54.2,1798072870,58817,18930,47.5,166353,1329,5091,2026-07-10,2026-08-11 11:42:42
2,0,OLD,20242402,눈동자,2026-06-24,556516060,26.0,158659610,39.9,10854660870,50730,12605,33.1,1070163,956,3476,2026-07-10,2026-08-11 11:42:42
3,0,OLD,20259781,토이 스토리 5,2026-06-17,382208530,17.9,127935740,50.3,24358962490,36305,11680,47.4,2378087,745,2290,2026-07-10,2026-08-11 11:42:42
4,11,OLD,20262902,다윗,2026-07-10,81992220,3.8,75514220,1165.7,235386620,7840,7094,950.9,25634,547,1191,2026-07-10,2026-08-11 11:42:42
5,-1,OLD,20252402,군체,2026-05-21,87793600,4.1,9979010,12.8,61977004380,7837,456,6.2,5885136,501,789,2026-07-10,2026-08-11 11:42:42
6,-1,OLD,20248252,와일드 씽,2026-06-03,33009550,1.5,2700250,8.9,12814831940,3787,145,4.0,1324695,318,434,2026-07-10,2026-08-11 11:42:42
7,0,OLD,20263530,마티 슈프림,2026-07-01,39670100,1.9,9235400,30.3,960521510,3526,789,28.8,91330,202,231,2026-07-10,2026-08-11 11:42:42
8,-2,OLD,20264056,그린랜드 2: 마이그레이션,2026-07-01,25785900,1.2,-740300,-2.8,459576650,2819,-193,-6.4,48532,136,162,2026-07-10,2026-08-11 11:42:42
9,-1,OLD,20262651,하나 코리아,2026-07-08,19328800,0.9,1516750,8.5,77032600,2139,3,0.1,8404,140,192,2026-07-10,2026-08-11 11:42:42
10,0,OLD,20263030,백룸,2026-05-27,22060900,1.0,6847050,45.0,12835335860,1807,488,37.0,1202683,126,154,2026-07-10,2026-08-11 11:42:42
1,0,OLD,20259946,모아나,2026-07-08,2016796640,37.5,1338847580,197.5,3814869510,180176,121359,206.3,346529,1449,6004,2026-07-11,2026-08-11 11:42:41
2,0,OLD,20242402,눈동자,2026-06-24,1215565510,22.6,659049450,118.4,12070226380,111498,60768,119.8,1181661,1026,3833,2026-07-11,2026-08-11 11:42:41
3,0,OLD,20259781,토이 스토리 5,2026-06-17,1126596760,20.9,744388230,194.8,25485559250,103545,67240,185.2,2481632,994,3128,2026-07-11,2026-08-11 11:42:41
4,0,OLD,20262902,다윗,2026-07-10,235651590,4.4,153659370,187.4,471038210,23132,15292,195.1,48766,649,1343,2026-07-11,2026-08-11 11:42:41
5,0,OLD,20252402,군체,2026-05-21,175498700,3.3,87705100,99.9,62152503080,15644,7807,99.6,5900780,517,777,2026-07-11,2026-08-11 11:42:41
6,1,OLD,20263530,마티 슈프림,2026-07-01,71051950,1.3,31381850,79.1,1031573460,5870,2344,66.5,97200,195,214,2026-07-11,2026-08-11 11:42:41
7,5,OLD,20264027,극장판 도라에몽: 신 진구의 해저비밀성,2026-07-01,58551550,1.1,45328050,342.8,490319400,5580,4376,363.5,52270,199,347,2026-07-11,2026-08-11 11:42:41
8,0,NEW,20233219,호프,2026-07-15,76440000,1.4,76440000,100.0,84426000,5096,5096,100.0,5630,27,27,2026-07-11,2026-08-11 11:42:41
9,-3,OLD,20248252,와일드 씽,2026-06-03,42988250,0.8,9978700,30.2,12857820190,4813,1026,27.1,1329508,301,379,2026-07-11,2026-08-11 11:42:41
10,0,OLD,20263030,백룸,2026-05-27,42134300,0.8,20073400,91.0,12877470160,3479,1672,92.5,1206162,119,154,2026-07-11,2026-08-11 11:42:41
1,0,OLD,20259946,모아나,2026-07-08,1824374270,37.6,-192422370,-9.5,5639243780,164927,-15249,-8.5,511456,1435,5749,2026-07-12,2026-08-11 11:42:41
2,1,OLD,20259781,토이 스토리 5,2026-06-17,1060338000,21.8,-66258760,-5.9,26545897250,98662,-4883,-4.7,2580294,1012,3094,2026-07-12,2026-08-11 11:42:41
3,-1,OLD,20242402,눈동자,2026-06-24,1039009150,21.4,-176556360,-14.5,13109235530,95577,-15921,-14.3,1277238,1035,3626,2026-07-12,2026-08-11 11:42:41
4,0,OLD,20262902,다윗,2026-07-10,269567020,5.6,33915430,14.4,740605230,26703,3571,15.4,75469,669,1249,2026-07-12,2026-08-11 11:42:41
5,0,OLD,20252402,군체,2026-05-21,150602370,3.1,-24896330,-14.2,62303105450,13527,-2117,-13.5,5914307,501,736,2026-07-12,2026-08-11 11:42:41
6,2,OLD,20233219,호프,2026-07-15,75750000,1.6,-690000,-0.9,160176000,5050,-46,-0.9,10680,27,27,2026-07-12,2026-08-11 11:42:41
7,-1,OLD,20263530,마티 슈프림,2026-07-01,54726100,1.1,-16325850,-23.0,1086299560,4890,-980,-16.7,102090,187,209,2026-07-12,2026-08-11 11:42:41
8,-1,OLD,20264027,극장판 도라에몽: 신 진구의 해저비밀성,2026-07-01,51602950,1.1,-6948600,-11.9,541922350,4880,-700,-12.5,57150,188,323,2026-07-12,2026-08-11 11:42:41
9,0,OLD,20248252,와일드 씽,2026-06-03,32698100,0.7,-10290150,-23.9,12890518290,3721,-1092,-22.7,1333229,269,329,2026-07-12,2026-08-11 11:42:41
10,0,OLD,20263030,백룸,2026-05-27,34311950,0.7,-7822350,-18.6,12911782110,2901,-578,-16.6,1209063,111,148,2026-07-12,2026-08-11 11:42:41
1,0,OLD,20259946,모아나,2026-07-08,322845250,28.1,-1501529020,-82.3,5962089030,29084,-135843,-82.4,540540,1127,4097,2026-07-13,2026-08-11 11:42:40
2,1,OLD,20242402,눈동자,2026-06-24,287804770,25.0,-751204380,-72.3,13397040300,26897,-68680,-71.9,1304135,898,3214,2026-07-13,2026-08-11 11:42:40
3,-1,OLD,20259781,토이 스토리 5,2026-06-17,184909200,16.1,-875428800,-82.6,26730806450,17731,-80931,-82.0,2598025,697,2082,2026-07-13,2026-08-11 11:42:40
4,1,OLD,20252402,군체,2026-05-21,64586700,5.6,-86015670,-57.1,62367692150,6106,-7421,-54.9,5920413,493,788,2026-07-13,2026-08-11 11:42:40
5,-1,OLD,20262902,다윗,2026-07-10,55746350,4.9,-213820670,-79.3,796351580,5314,-21389,-80.1,80783,455,922,2026-07-13,2026-08-11 11:42:40
6,0,OLD,20233219,호프,2026-07-15,42309000,3.7,-33441000,-44.1,202485000,4365,-685,-13.6,15045,17,17,2026-07-13,2026-08-11 11:42:40
7,0,OLD,20263530,마티 슈프림,2026-07-01,33420950,2.9,-21305150,-38.9,1119720510,2961,-1929,-39.4,105051,185,211,2026-07-13,2026-08-11 11:42:40
8,1,OLD,20248252,와일드 씽,2026-06-03,16734300,1.5,-15963800,-48.8,12907252590,1947,-1774,-47.7,1335176,272,337,2026-07-13,2026-08-11 11:42:40
9,3,OLD,20264056,그린랜드 2: 마이그레이션,2026-07-01,13169800,1.1,-4914550,-27.2,514553200,1346,-389,-22.4,53890,130,160,2026-07-13,2026-08-11 11:42:40
10,0,OLD,20263030,백룸,2026-05-27,15534050,1.4,-18777900,-54.7,12927316160,1325,-1576,-54.3,1210388,105,139,2026-07-13,2026-08-11 11:42:40
1,0,OLD,20259946,모아나,2026-07-08,282484450,26.4,-40360800,-12.5,6244573480,25966,-3118,-10.7,566506,1155,3922,2026-07-14,2026-08-11 11:42:40
2,0,OLD,20242402,눈동자,2026-06-24,245576930,23.0,-42227840,-14.7,13642617230,22901,-3996,-14.9,1327036,890,3096,2026-07-14,2026-08-11 11:42:40
3,0,OLD,20259781,토이 스토리 5,2026-06-17,175798050,16.5,-9111150,-4.9,26906604500,17149,-582,-3.3,2615174,700,2072,2026-07-14,2026-08-11 11:42:40
4,0,OLD,20252402,군체,2026-05-21,61387200,5.7,-3199500,-5.0,62429079350,5977,-129,-2.1,5926390,502,791,2026-07-14,2026-08-11 11:42:40
5,0,OLD,20262902,다윗,2026-07-10,58185850,5.4,2439500,4.4,854537430,5797,483,9.1,86580,483,900,2026-07-14,2026-08-11 11:42:40
6,1,OLD,20263530,마티 슈프림,2026-07-01,34668400,3.2,1247450,3.7,1154388910,3118,157,5.3,108169,195,227,2026-07-14,2026-08-11 11:42:40
7,1,OLD,20248252,와일드 씽,2026-06-03,22360800,2.1,5626500,33.6,12929613390,2427,480,24.7,1337603,288,369,2026-07-14,2026-08-11 11:42:40
8,-2,OLD,20233219,호프,2026-07-15,33223000,3.1,-9086000,-21.5,235708000,2313,-2052,-47.0,17358,7,7,2026-07-14,2026-08-11 11:42:40
9,1,OLD,20263030,백룸,2026-05-27,13637750,1.3,-1896300,-12.2,12940953910,1158,-167,-12.6,1211546,101,129,2026-07-14,2026-08-11 11:42:40
10,3,OLD,20262651,하나 코리아,2026-07-08,9248250,0.9,2576200,38.6,119943450,993,263,36.0,12896,131,167,2026-07-14,2026-08-11 11:42:40
1,7,OLD,20233219,호프,2026-07-15,3668205360,81.3,3634982360,10941.2,3903913360,333886,331573,14335.2,351244,2403,8343,2026-07-15,2026-08-11 11:42:39
2,0,NEW,20261784,미니언즈 & 몬스터즈,2026-07-15,328214270,7.3,328214270,100.0,362105030,31725,31725,100.0,35562,851,2448,2026-07-15,2026-08-11 11:42:39
3,-2,OLD,20259946,모아나,2026-07-08,134229500,3.0,-148254950,-52.5,6378802980,13018,-12948,-49.9,579524,657,1142,2026-07-15,2026-08-11 11:42:39
4,-2,OLD,20242402,눈동자,2026-06-24,122870500,2.7,-122706430,-50.0,13765487730,11859,-11042,-48.2,1338895,579,913,2026-07-15,2026-08-11 11:42:39
5,-2,OLD,20259781,토이 스토리 5,2026-06-17,82932620,1.8,-92865430,-52.8,26989537120,8518,-8631,-50.3,2623692,440,584,2026-07-15,2026-08-11 11:42:39
6,-1,OLD,20262902,다윗,2026-07-10,35281350,0.8,-22904500,-39.4,889818780,3976,-1821,-31.4,90556,312,368,2026-07-15,2026-08-11 11:42:39
7,-1,OLD,20263530,마티 슈프림,2026-07-01,17953900,0.4,-16714500,-48.2,1172342810,1386,-1732,-55.5,109555,66,70,2026-07-15,2026-08-11 11:42:39
8,-1,OLD,20248252,와일드 씽,2026-06-03,10023350,0.2,-12337450,-55.2,12939636740,1205,-1222,-50.4,1338808,46,48,2026-07-15,2026-08-11 11:42:39
9,-5,OLD,20252402,군체,2026-05-21,11343050,0.3,-50044150,-81.5,62440422400,1122,-4855,-81.2,5927512,126,144,2026-07-15,2026-08-11 11:42:39
10,0,NEW,20261421,나무의 노래, ,9297000,0.2,9297000,100.0,36505000,1033,1033,100.0,4185,6,6,2026-07-15,2026-08-11 11:42:39
1,0,OLD,20233219,호프,2026-07-15,3000925120,75.5,-667280240,-18.2,6904838480,274440,-59446,-17.8,625684,2424,8592,2026-07-16,2026-08-11 11:42:38
2,0,OLD,20261784,미니언즈 & 몬스터즈,2026-07-15,307914930,7.7,-20299340,-6.2,670019960,30647,-1078,-3.4,66209,893,2425,2026-07-16,2026-08-11 11:42:38
3,0,OLD,20259946,모아나,2026-07-08,191877660,4.8,57648160,42.9,6570680640,19016,5998,46.1,598540,709,1244,2026-07-16,2026-08-11 11:42:38
4,0,OLD,20242402,눈동자,2026-06-24,171895100,4.3,49024600,39.9,13937382830,16755,4896,41.3,1355650,626,989,2026-07-16,2026-08-11 11:42:38
5,0,OLD,20259781,토이 스토리 5,2026-06-17,116927250,2.9,33994630,41.0,27106464370,11751,3233,38.0,2635443,498,691,2026-07-16,2026-08-11 11:42:38
6,0,OLD,20262902,다윗,2026-07-10,42834450,1.1,7553100,21.4,932653230,4642,666,16.8,95198,321,372,2026-07-16,2026-08-11 11:42:38
7,2,OLD,20252402,군체,2026-05-21,20607100,0.5,9264050,81.7,62461029500,2069,947,84.4,5929581,142,164,2026-07-16,2026-08-11 11:42:38
8,-1,OLD,20263530,마티 슈프림,2026-07-01,17750400,0.4,-203500,-1.1,1190093210,1678,292,21.1,111233,60,67,2026-07-16,2026-08-11 11:42:38
9,8,OLD,20242837,왕과 사는 남자,2026-02-04,4391500,0.1,1595500,57.1,163192265340,662,229,52.9,16912665,14,14,2026-07-16,2026-08-11 11:42:38
10,4,OLD,20259551,파리의 사생활,2026-07-15,5229450,0.1,-1188300,-18.5,13285700,590,-81,-12.1,1391,30,32,2026-07-16,2026-08-11 11:42:38
1,0,OLD,20233219,호프,2026-07-15,6683752260,66.8,3682827140,122.7,13588590740,594768,320328,116.7,1220452,2386,8997,2026-07-17,2026-08-11 11:42:38
2,0,OLD,20261784,미니언즈 & 몬스터즈,2026-07-15,1319042570,13.2,1011127640,328.4,1989062530,126338,95691,312.2,192547,1043,3098,2026-07-17,2026-08-11 11:42:38
3,0,OLD,20259946,모아나,2026-07-08,708200360,7.1,516322700,269.1,7278881000,67550,48534,255.2,666090,774,1462,2026-07-17,2026-08-11 11:42:38
4,1,OLD,20259781,토이 스토리 5,2026-06-17,458698460,4.6,341771210,292.3,27565162830,42786,31035,264.1,2678229,566,847,2026-07-17,2026-08-11 11:42:38
5,-1,OLD,20242402,눈동자,2026-06-24,331535670,3.3,159640570,92.9,14268918500,30840,14085,84.1,1386490,614,946,2026-07-17,2026-08-11 11:42:38
6,0,OLD,20262902,다윗,2026-07-10,227917890,2.3,185083440,432.1,1160571120,22707,18065,389.2,117905,362,441,2026-07-17,2026-08-11 11:42:38
7,0,OLD,20252402,군체,2026-05-21,82266100,0.8,61659000,299.2,62543295600,6738,4669,225.7,5936319,131,159,2026-07-17,2026-08-11 11:42:38
8,9,OLD,20264027,극장판 도라에몽: 신 진구의 해저비밀성,2026-07-01,22827200,0.2,19008750,497.8,587525600,2288,1926,532.0,61600,78,85,2026-07-17,2026-08-11 11:42:38
9,-1,OLD,20263530,마티 슈프림,2026-07-01,22218970,0.2,4468570,25.2,1212312180,2034,356,21.2,113267,75,78,2026-07-17,2026-08-11 11:42:38
10,0,NEW,20264718,블리치 천년혈전 편 : 화진담,2026-07-04,16840000,0.2,16840000,100.0,158249000,1302,1302,100.0,11791,10,12,2026-07-17,2026-08-11 11:42:38
1,0,OLD,20233219,호프,2026-07-15,5741108520,67.9,-942643740,-14.1,19329699260,512174,-82594,-13.9,1732626,2376,8919,2026-07-18,2026-08-11 11:42:37
2,0,OLD,20261784,미니언즈 & 몬스터즈,2026-07-15,1008976360,11.9,-310066210,-23.5,2998038890,96184,-30154,-23.9,288731,1034,3003,2026-07-18,2026-08-11 11:42:37
3,0,OLD,20259946,모아나,2026-07-08,587196400,6.9,-121003960,-17.1,7866077400,56032,-11518,-17.1,722122,823,1533,2026-07-18,2026-08-11 11:42:37
4,0,OLD,20259781,토이 스토리 5,2026-06-17,404654280,4.8,-54044180,-11.8,27969817110,37157,-5629,-13.2,2715386,605,923,2026-07-18,2026-08-11 11:42:37
5,0,OLD,20242402,눈동자,2026-06-24,269537300,3.2,-61998370,-18.7,14538455800,24828,-6012,-19.5,1411318,598,901,2026-07-18,2026-08-11 11:42:37
6,0,OLD,20262902,다윗,2026-07-10,202855250,2.4,-25062640,-11.0,1363426370,20276,-2431,-10.7,138181,399,500,2026-07-18,2026-08-11 11:42:37
7,0,OLD,20252402,군체,2026-05-21,33374400,0.4,-48891700,-59.4,62576670000,2950,-3788,-56.2,5939269,121,142,2026-07-18,2026-08-11 11:42:37
8,0,OLD,20264027,극장판 도라에몽: 신 진구의 해저비밀성,2026-07-01,22477250,0.3,-349950,-1.5,610002850,2457,169,7.4,64057,88,108,2026-07-18,2026-08-11 11:42:37
9,0,OLD,20263530,마티 슈프림,2026-07-01,28178650,0.3,5959680,26.8,1240490830,2086,52,2.6,115353,67,73,2026-07-18,2026-08-11 11:42:37
10,0,OLD,20264718,블리치 천년혈전 편 : 화진담,2026-07-04,15972000,0.2,-868000,-5.2,174221000,1212,-90,-6.9,13003,11,12,2026-07-18,2026-08-11 11:42:37
1,0,OLD,20233219,호프,2026-07-15,4405144440,64.7,-1335964080,-23.3,23734843700,397003,-115171,-22.5,2129629,2334,8399,2026-07-19,2026-08-11 11:42:37
2,0,OLD,20261784,미니언즈 & 몬스터즈,2026-07-15,891152580,13.1,-117823780,-11.7,3889191470,85957,-10227,-10.6,374688,1039,2902,2026-07-19,2026-08-11 11:42:37
3,0,OLD,20259946,모아나,2026-07-08,518125570,7.6,-69070830,-11.8,8384202970,49965,-6067,-10.8,772087,846,1503,2026-07-19,2026-08-11 11:42:37
4,0,OLD,20259781,토이 스토리 5,2026-06-17,370677140,5.4,-33977140,-8.4,28340494250,34777,-2380,-6.4,2750163,596,926,2026-07-19,2026-08-11 11:42:37
5,1,OLD,20262902,다윗,2026-07-10,214691500,3.2,11836250,5.8,1578117870,21569,1293,6.4,159750,418,521,2026-07-19,2026-08-11 11:42:37
6,-1,OLD,20242402,눈동자,2026-06-24,215820980,3.2,-53716320,-19.9,14754276780,19890,-4938,-19.9,1431208,577,858,2026-07-19,2026-08-11 11:42:37
7,0,OLD,20252402,군체,2026-05-21,20615900,0.3,-12758500,-38.2,62597285900,1846,-1104,-37.4,5941115,113,124,2026-07-19,2026-08-11 11:42:37
8,1,OLD,20263530,마티 슈프림,2026-07-01,21355450,0.3,-6823200,-24.2,1261846280,1730,-356,-17.1,117083,69,76,2026-07-19,2026-08-11 11:42:37
9,-1,OLD,20264027,극장판 도라에몽: 신 진구의 해저비밀성,2026-07-01,16829600,0.2,-5647650,-25.1,626832450,1679,-778,-31.7,65736,83,100,2026-07-19,2026-08-11 11:42:37
10,0,OLD,20264718,블리치 천년혈전 편 : 화진담,2026-07-04,12498000,0.2,-3474000,-21.8,186719000,977,-235,-19.4,13980,9,10,2026-07-19,2026-08-11 11:42:37
1,0,OLD,20233219,호프,2026-07-15,1522232140,72.0,-2882912300,-65.4,25257075840,143061,-253942,-64.0,2272690,2209,7657,2026-07-20,2026-08-11 11:42:36
2,0,OLD,20261784,미니언즈 & 몬스터즈,2026-07-15,171812230,8.1,-719340350,-80.7,4061003700,16807,-69150,-80.4,391495,765,1938,2026-07-20,2026-08-11 11:42:36
3,0,OLD,20259946,모아나,2026-07-08,115022350,5.4,-403103220,-77.8,8499225320,11094,-38871,-77.8,783181,649,1216,2026-07-20,2026-08-11 11:42:36
4,2,OLD,20242402,눈동자,2026-06-24,108068050,5.1,-107752930,-49.9,14862344830,10217,-9673,-48.6,1441425,597,1007,2026-07-20,2026-08-11 11:42:36
5,-1,OLD,20259781,토이 스토리 5,2026-06-17,77806850,3.7,-292870290,-79.0,28418301100,7510,-27267,-78.4,2757673,486,706,2026-07-20,2026-08-11 11:42:36
6,-1,OLD,20262902,다윗,2026-07-10,31584200,1.5,-183107300,-85.3,1609702070,3242,-18327,-85.0,162992,298,367,2026-07-20,2026-08-11 11:42:36
7,0,OLD,20252402,군체,2026-05-21,11895350,0.6,-8720550,-42.3,62609181250,1125,-721,-39.1,5942240,137,162,2026-07-20,2026-08-11 11:42:36
8,0,OLD,20263530,마티 슈프림,2026-07-01,9671350,0.5,-11684100,-54.7,1271517630,881,-849,-49.1,117964,57,67,2026-07-20,2026-08-11 11:42:36
9,6,OLD,20264665,드림 애니멀즈: 더무비,2026-07-24,5886000,0.3,-553800,-8.6,76514800,654,190,40.9,8355,5,5,2026-07-20,2026-08-11 11:42:36
10,4,OLD,20259551,파리의 사생활,2026-07-15,3178250,0.2,-2088150,-39.7,36963200,352,-174,-33.1,3736,26,27,2026-07-20,2026-08-11 11:42:36
1,0,OLD,20233219,호프,2026-07-15,1344281460,66.9,-177950680,-11.7,26601357300,128899,-14162,-9.9,2401589,2224,7696,2026-07-21,2026-08-11 11:42:36
2,0,OLD,20261784,미니언즈 & 몬스터즈,2026-07-15,185873530,9.2,14061300,8.2,4246877230,18765,1958,11.6,410260,822,2003,2026-07-21,2026-08-11 11:42:36
3,0,OLD,20259946,모아나,2026-07-08,126872070,6.3,11849720,10.3,8626097390,12634,1540,13.9,795815,667,1266,2026-07-21,2026-08-11 11:42:36
4,0,OLD,20242402,눈동자,2026-06-24,126423600,6.3,18355550,17.0,14988768430,12341,2124,20.8,1453766,621,1030,2026-07-21,2026-08-11 11:42:36
5,0,OLD,20259781,토이 스토리 5,2026-06-17,84155290,4.2,6348440,8.2,28502456390,8400,890,11.9,2766073,503,741,2026-07-21,2026-08-11 11:42:36
6,0,OLD,20262902,다윗,2026-07-10,32834750,1.6,1250550,4.0,1642536820,3362,120,3.7,166354,306,369,2026-07-21,2026-08-11 11:42:36
7,0,OLD,20252402,군체,2026-05-21,13139400,0.7,1244050,10.5,62622320650,1252,127,11.3,5943492,134,160,2026-07-21,2026-08-11 11:42:36
8,0,NEW,20262381,사랑의 하츄핑: 고래보석의 전설,2026-08-05,7866000,0.4,7866000,100.0,7866000,874,874,100.0,874,4,4,2026-07-21,2026-08-11 11:42:36
9,-1,OLD,20263530,마티 슈프림,2026-07-01,8463100,0.4,-1208250,-12.5,1279980730,815,-66,-7.5,118779,51,61,2026-07-21,2026-08-11 11:42:36
10,10,OLD,20248252,와일드 씽,2026-06-03,6654950,0.3,4904950,280.3,12964700040,713,510,251.2,1341799,39,42,2026-07-21,2026-08-11 11:42:36
1,0,OLD,20233219,호프,2026-07-15,1346667560,66.2,2386100,0.2,27948024860,131739,2840,2.2,2533328,2230,7678,2026-07-22,2026-08-11 11:42:35
2,0,OLD,20261784,미니언즈 & 몬스터즈,2026-07-15,175919190,8.6,-9954340,-5.4,4422796420,18075,-690,-3.7,428335,759,1891,2026-07-22,2026-08-11 11:42:35
3,0,OLD,20259946,모아나,2026-07-08,132122460,6.5,5250390,4.1,8758219850,13159,525,4.2,808974,709,1378,2026-07-22,2026-08-11 11:42:35
4,0,OLD,20242402,눈동자,2026-06-24,114971420,5.7,-11452180,-9.1,15103739850,11292,-1049,-8.5,1465058,610,1092,2026-07-22,2026-08-11 11:42:35
5,0,OLD,20259781,토이 스토리 5,2026-06-17,88939870,4.4,4784580,5.7,28591396260,9028,628,7.5,2775101,517,792,2026-07-22,2026-08-11 11:42:35
6,0,OLD,20262902,다윗,2026-07-10,28969150,1.4,-3865600,-11.8,1671505970,3002,-360,-10.7,169356,305,376,2026-07-22,2026-08-11 11:42:35
7,0,NEW,20264753,호컴,2026-07-22,17871200,0.9,17871200,100.0,27511200,2032,2032,100.0,3142,124,192,2026-07-22,2026-08-11 11:42:35
8,0,NEW,20236493,지느러미,2026-07-22,14895450,0.7,14895450,100.0,25387750,1543,1543,100.0,2542,54,70,2026-07-22,2026-08-11 11:42:35
9,-2,OLD,20252402,군체,2026-05-21,15012200,0.7,1872800,14.3,62637332850,1414,162,12.9,5944906,145,174,2026-07-22,2026-08-11 11:42:35
10,-1,OLD,20263530,마티 슈프림,2026-07-01,12745350,0.6,4282250,50.6,1292726080,1216,401,49.2,119995,58,71,2026-07-22,2026-08-11 11:42:35
1,0,OLD,20233219,호프,2026-07-15,1174720200,64.8,-171947360,-12.8,29122745060,114997,-16742,-12.7,2648325,2222,7628,2026-07-23,2026-08-11 11:42:35
2,0,OLD,20261784,미니언즈 & 몬스터즈,2026-07-15,158052140,8.7,-17867050,-10.2,4580848560,16713,-1362,-7.5,445048,766,1884,2026-07-23,2026-08-11 11:42:35
3,0,OLD,20259946,모아나,2026-07-08,130141970,7.2,-1980490,-1.5,8888361820,13261,102,0.8,822235,699,1365,2026-07-23,2026-08-11 11:42:35
4,0,OLD,20242402,눈동자,2026-06-24,96438570,5.3,-18532850,-16.1,15200178420,9417,-1875,-16.6,1474475,611,1071,2026-07-23,2026-08-11 11:42:35
5,0,OLD,20259781,토이 스토리 5,2026-06-17,78656050,4.3,-10283820,-11.6,28670052310,8043,-985,-10.9,2783144,520,800,2026-07-23,2026-08-11 11:42:35
6,0,OLD,20262902,다윗,2026-07-10,41817500,2.3,12848350,44.4,1713323470,4502,1500,50.0,173858,310,393,2026-07-23,2026-08-11 11:42:35
7,0,OLD,20264753,호컴,2026-07-22,13348300,0.7,-4522900,-25.3,40859500,1508,-524,-25.8,4650,122,186,2026-07-23,2026-08-11 11:42:35
8,1,OLD,20252402,군체,2026-05-21,13167200,0.7,-1845000,-12.3,62650500050,1281,-133,-9.4,5946187,153,178,2026-07-23,2026-08-11 11:42:35
9,1,OLD,20263530,마티 슈프림,2026-07-01,9189650,0.5,-3555700,-27.9,1301915730,910,-306,-25.2,120905,53,68,2026-07-23,2026-08-11 11:42:35
10,0,NEW,20250654,오디세이,2026-08-05,10608000,0.6,10608000,100.0,10608000,624,624,100.0,624,1,1,2026-07-23,2026-08-11 11:42:35
1,0,OLD,20233219,호프,2026-07-15,1658248600,68.4,483528400,41.2,30780993660,153910,38913,33.8,2802235,2256,8064,2026-07-24,2026-08-11 11:42:34
2,0,OLD,20261784,미니언즈 & 몬스터즈,2026-07-15,196090780,8.1,38038640,24.1,4776939340,19957,3244,19.4,465005,794,1848,2026-07-24,2026-08-11 11:42:34
3,0,OLD,20259946,모아나,2026-07-08,160572600,6.6,30430630,23.4,9048934420,16041,2780,21.0,838276,743,1414,2026-07-24,2026-08-11 11:42:34
4,0,OLD,20242402,눈동자,2026-06-24,102241700,4.2,5803130,6.0,15302420120,9531,114,1.2,1484006,603,1035,2026-07-24,2026-08-11 11:42:34
5,0,OLD,20259781,토이 스토리 5,2026-06-17,97058920,4.0,18402870,23.4,28767111230,9456,1413,17.6,2792600,526,791,2026-07-24,2026-08-11 11:42:34
6,0,OLD,20262902,다윗,2026-07-10,50414700,2.1,8597200,20.6,1763738170,5347,845,18.8,179205,318,393,2026-07-24,2026-08-11 11:42:34
7,8,OLD,20264665,드림 애니멀즈: 더무비,2026-07-24,27319050,1.1,24338050,816.4,109862850,3368,2989,788.7,12472,305,389,2026-07-24,2026-08-11 11:42:34
8,-1,OLD,20264753,호컴,2026-07-22,14102200,0.6,753900,5.6,54961700,1540,32,2.1,6190,123,179,2026-07-24,2026-08-11 11:42:34
9,-1,OLD,20252402,군체,2026-05-21,13232820,0.5,65620,0.5,62663732870,1199,-82,-6.4,5947386,131,156,2026-07-24,2026-08-11 11:42:34
10,10,OLD,20248252,와일드 씽,2026-06-03,8107200,0.3,5547250,216.7,12981383590,1112,792,247.5,1344043,41,44,2026-07-24,2026-08-11 11:42:34
1,0,OLD,20233219,호프,2026-07-15,3478833330,67.7,1820584730,109.8,34259826990,327565,173655,112.8,3129800,2258,8412,2026-07-25,2026-08-11 11:42:34
2,0,OLD,20261784,미니언즈 & 몬스터즈,2026-07-15,491546840,9.6,295456060,150.7,5268486180,49512,29555,148.1,514517,1004,2391,2026-07-25,2026-08-11 11:42:34
3,0,OLD,20259946,모아나,2026-07-08,364078680,7.1,203506080,126.7,9413013100,36157,20116,125.4,874433,843,1653,2026-07-25,2026-08-11 11:42:34
4,1,OLD,20259781,토이 스토리 5,2026-06-17,227164930,4.4,130106010,134.0,28994276160,22032,12576,133.0,2814632,640,1013,2026-07-25,2026-08-11 11:42:34
5,1,OLD,20262902,다윗,2026-07-10,193831670,3.8,143416970,284.5,1957569840,20331,14984,280.2,199536,460,581,2026-07-25,2026-08-11 11:42:34
6,-2,OLD,20242402,눈동자,2026-06-24,154391050,3.0,52149350,51.0,15456811170,14534,5003,52.5,1498540,563,906,2026-07-25,2026-08-11 11:42:34
7,0,OLD,20264665,드림 애니멀즈: 더무비,2026-07-24,51606640,1.0,24287590,88.9,161469490,5690,2322,68.9,18162,378,518,2026-07-25,2026-08-11 11:42:34
8,3,OLD,20263530,마티 슈프림,2026-07-01,20402700,0.4,10282600,101.6,1332438530,1579,633,66.9,123430,58,66,2026-07-25,2026-08-11 11:42:34
9,0,NEW,20262381,사랑의 하츄핑: 고래보석의 전설,2026-08-05,17138000,0.3,17138000,100.0,29963000,1558,1558,100.0,2983,6,6,2026-07-25,2026-08-11 11:42:34
10,-1,OLD,20252402,군체,2026-05-21,15958770,0.3,2725950,20.6,62679691640,1447,248,20.7,5948833,112,127,2026-07-25,2026-08-11 11:42:34
1,0,OLD,20233219,호프,2026-07-15,3001077110,65.0,-477756220,-13.7,37260904100,285870,-41695,-12.7,3415670,2245,8010,2026-07-26,2026-08-11 11:42:33
2,0,OLD,20261784,미니언즈 & 몬스터즈,2026-07-15,477803500,10.3,-13743340,-2.8,5746289680,48445,-1067,-2.2,562962,981,2307,2026-07-26,2026-08-11 11:42:33
3,0,OLD,20259946,모아나,2026-07-08,346767280,7.5,-17311400,-4.8,9759780380,34802,-1355,-3.7,909235,860,1607,2026-07-26,2026-08-11 11:42:33
4,0,OLD,20259781,토이 스토리 5,2026-06-17,229075600,5.0,1910670,0.8,29223351760,22487,455,2.1,2837119,622,987,2026-07-26,2026-08-11 11:42:33
5,0,OLD,20262902,다윗,2026-07-10,200143340,4.3,6311670,3.3,2157713180,20815,484,2.4,220351,441,542,2026-07-26,2026-08-11 11:42:33
6,0,OLD,20242402,눈동자,2026-06-24,138652370,3.0,-15738680,-10.2,15595463540,13074,-1460,-10.0,1511614,521,823,2026-07-26,2026-08-11 11:42:33
7,0,OLD,20264665,드림 애니멀즈: 더무비,2026-07-24,57326820,1.2,5720180,11.1,218796310,6242,552,9.7,24404,378,509,2026-07-26,2026-08-11 11:42:33
8,0,OLD,20263530,마티 슈프림,2026-07-01,24763550,0.5,4360850,21.4,1357202080,1877,298,18.9,125307,67,76,2026-07-26,2026-08-11 11:42:33
9,1,OLD,20252402,군체,2026-05-21,11759500,0.3,-4199270,-26.3,62691451140,1131,-316,-21.8,5949964,104,119,2026-07-26,2026-08-11 11:42:33
10,2,OLD,20264027,극장판 도라에몽: 신 진구의 해저비밀성,2026-07-01,9367150,0.2,1441050,18.2,663780000,979,139,16.5,69574,70,80,2026-07-26,2026-08-11 11:42:33
1,0,OLD,20233219,호프,2026-07-15,1057559480,59.5,-1943517630,-64.8,38318463580,103403,-182467,-63.8,3519073,2096,7272,2026-07-27,2026-08-11 11:42:32
2,0,OLD,20261784,미니언즈 & 몬스터즈,2026-07-15,202780900,11.4,-275022600,-57.6,5949070580,21401,-27044,-55.8,584363,774,1856,2026-07-27,2026-08-11 11:42:32
3,0,OLD,20259946,모아나,2026-07-08,145849290,8.2,-200917990,-57.9,9905629670,15049,-19753,-56.8,924284,704,1403,2026-07-27,2026-08-11 11:42:32
4,0,OLD,20259781,토이 스토리 5,2026-06-17,112255100,6.3,-116820500,-51.0,29335606860,11521,-10966,-48.8,2848640,522,854,2026-07-27,2026-08-11 11:42:32
5,1,OLD,20242402,눈동자,2026-06-24,68698000,3.9,-69954370,-50.5,15664161540,6698,-6376,-48.8,1518312,545,885,2026-07-27,2026-08-11 11:42:32
6,-1,OLD,20262902,다윗,2026-07-10,47140850,2.7,-153002490,-76.4,2204854030,5037,-15778,-75.8,225388,307,379,2026-07-27,2026-08-11 11:42:32
7,0,OLD,20264665,드림 애니멀즈: 더무비,2026-07-24,33524130,1.9,-23802690,-41.5,252320440,3741,-2501,-40.1,28145,337,431,2026-07-27,2026-08-11 11:42:32
8,0,NEW,20255484,오케이 마담2,2026-08-12,26952000,1.5,26952000,100.0,29553000,2952,2952,100.0,3241,12,15,2026-07-27,2026-08-11 11:42:32
9,0,OLD,20252402,군체,2026-05-21,8301600,0.5,-3457900,-29.4,62699752740,812,-319,-28.2,5950776,126,143,2026-07-27,2026-08-11 11:42:32
10,-2,OLD,20263530,마티 슈프림,2026-07-01,7342100,0.4,-17421450,-70.4,1364544180,704,-1173,-62.5,126011,53,61,2026-07-27,2026-08-11 11:42:32
1,0,OLD,20233219,호프,2026-07-15,1023976630,58.5,-33582850,-3.2,39342440210,100154,-3249,-3.1,3619227,2108,7258,2026-07-28,2026-08-11 11:42:32
2,0,OLD,20261784,미니언즈 & 몬스터즈,2026-07-15,204471520,11.7,1690620,0.8,6153542100,22069,668,3.1,606432,806,1886,2026-07-28,2026-08-11 11:42:32
3,0,OLD,20259946,모아나,2026-07-08,148384140,8.5,2534850,1.7,10054013810,15559,510,3.4,939843,724,1441,2026-07-28,2026-08-11 11:42:32
4,0,OLD,20259781,토이 스토리 5,2026-06-17,119485840,6.8,7230740,6.4,29455092700,12498,977,8.5,2861138,536,884,2026-07-28,2026-08-11 11:42:32
5,0,OLD,20242402,눈동자,2026-06-24,67542250,3.9,-1155750,-1.7,15731703790,6534,-164,-2.4,1524846,525,881,2026-07-28,2026-08-11 11:42:32
6,0,OLD,20262902,다윗,2026-07-10,49701550,2.8,2560700,5.4,2254555580,5472,435,8.6,230860,315,388,2026-07-28,2026-08-11 11:42:32
7,0,OLD,20264665,드림 애니멀즈: 더무비,2026-07-24,28063810,1.6,-5460320,-16.3,280384250,3166,-575,-15.4,31311,323,414,2026-07-28,2026-08-11 11:42:32
8,0,NEW,20262770,스파이더맨: 브랜드 뉴 데이,2026-07-29,17586000,1.0,17586000,100.0,17586000,1254,1254,100.0,1254,3,5,2026-07-28,2026-08-11 11:42:32
9,0,OLD,20252402,군체,2026-05-21,9713100,0.6,1411500,17.0,62709465840,967,155,19.1,5951743,128,149,2026-07-28,2026-08-11 11:42:32
10,2,OLD,20262381,사랑의 하츄핑: 고래보석의 전설,2026-08-05,8649000,0.5,4149000,92.2,48689000,961,461,92.2,4951,5,5,2026-07-28,2026-08-11 11:42:32
1,7,OLD,20262770,스파이더맨: 브랜드 뉴 데이,2026-07-29,6916002640,83.2,6898416640,39226.8,6933588640,690982,689728,55002.2,692236,2304,9082,2026-07-29,2026-08-11 11:42:31
2,-1,OLD,20233219,호프,2026-07-15,831962150,10.0,-192014480,-18.8,40174402360,87892,-12262,-12.2,3707119,1023,2901,2026-07-29,2026-08-11 11:42:31
3,-1,OLD,20261784,미니언즈 & 몬스터즈,2026-07-15,192344300,2.3,-12127220,-5.9,6345886400,21655,-414,-1.9,628087,692,1065,2026-07-29,2026-08-11 11:42:31
4,-1,OLD,20259946,모아나,2026-07-08,100993520,1.2,-47390620,-31.9,10155007330,11102,-4457,-28.6,950945,471,656,2026-07-29,2026-08-11 11:42:31
5,-1,OLD,20259781,토이 스토리 5,2026-06-17,84644220,1.0,-34841620,-29.2,29539736920,9231,-3267,-26.1,2870369,320,385,2026-07-29,2026-08-11 11:42:31
6,0,NEW,20264148,어떻게 해야 했을까?,2026-07-29,35015300,0.4,35015300,100.0,37759300,3694,3694,100.0,4086,61,77,2026-07-29,2026-08-11 11:42:31
7,-1,OLD,20262902,다윗,2026-07-10,33863540,0.4,-15838010,-31.9,2288419120,3669,-1803,-32.9,234529,139,157,2026-07-29,2026-08-11 11:42:31
8,-1,OLD,20264665,드림 애니멀즈: 더무비,2026-07-24,22357400,0.3,-5706410,-20.3,302741650,2522,-644,-20.3,33833,224,231,2026-07-29,2026-08-11 11:42:31
9,-4,OLD,20242402,눈동자,2026-06-24,24170260,0.3,-43371990,-64.2,15755874050,2488,-4046,-61.9,1527334,199,232,2026-07-29,2026-08-11 11:42:31
10,5,OLD,20242837,왕과 사는 남자,2026-02-04,6874000,0.1,3505000,104.0,163215573840,1004,503,100.4,16916280,12,12,2026-07-29,2026-08-11 11:42:31
1,0,OLD,20262770,스파이더맨: 브랜드 뉴 데이,2026-07-29,4654902550,78.8,-2261100090,-32.7,11588491190,441844,-249138,-36.1,1134080,2222,8848,2026-07-30,2026-08-11 11:42:31
2,0,OLD,20233219,호프,2026-07-15,664607620,11.2,-167354530,-20.1,40839009980,67623,-20269,-23.1,3774742,1026,2954,2026-07-30,2026-08-11 11:42:31
3,0,OLD,20261784,미니언즈 & 몬스터즈,2026-07-15,187815260,3.2,-4529040,-2.4,6533701660,20610,-1045,-4.8,648697,690,1067,2026-07-30,2026-08-11 11:42:31
4,0,OLD,20259946,모아나,2026-07-08,110943350,1.9,9949830,9.9,10265950680,11882,780,7.0,962827,486,707,2026-07-30,2026-08-11 11:42:31
5,0,OLD,20259781,토이 스토리 5,2026-06-17,94315820,1.6,9671600,11.4,29634052740,9967,736,8.0,2880336,358,435,2026-07-30,2026-08-11 11:42:31
6,0,OLD,20264148,어떻게 해야 했을까?,2026-07-29,39247920,0.7,4232620,12.1,77007220,3913,219,5.9,7999,52,80,2026-07-30,2026-08-11 11:42:31
7,0,OLD,20262902,다윗,2026-07-10,36130800,0.6,2267260,6.7,2324549920,3836,167,4.6,238365,150,166,2026-07-30,2026-08-11 11:42:31
8,0,OLD,20264665,드림 애니멀즈: 더무비,2026-07-24,29428220,0.5,7070820,31.6,332169870,3444,922,36.6,37277,238,250,2026-07-30,2026-08-11 11:42:31
9,0,OLD,20242402,눈동자,2026-06-24,26757600,0.5,2587340,10.7,15782631650,2680,192,7.7,1530014,220,261,2026-07-30,2026-08-11 11:42:31
10,1,OLD,20257100,산양들,2026-07-29,9096050,0.2,1267050,16.2,24172050,1118,230,25.9,2827,39,51,2026-07-30,2026-08-11 11:42:31
1,0,OLD,20262770,스파이더맨: 브랜드 뉴 데이,2026-07-29,5796824950,79.4,1141922400,24.5,17385316140,526330,84486,19.1,1660410,2275,9373,2026-07-31,2026-08-11 11:42:30
2,0,OLD,20233219,호프,2026-07-15,835668800,11.4,171061180,25.7,41674678780,81496,13873,20.5,3856238,1005,2980,2026-07-31,2026-08-11 11:42:30
3,0,OLD,20261784,미니언즈 & 몬스터즈,2026-07-15,190221930,2.6,2406670,1.3,6723923590,20042,-568,-2.8,668739,726,1110,2026-07-31,2026-08-11 11:42:30
4,0,OLD,20259946,모아나,2026-07-08,112605600,1.5,1662250,1.5,10378556280,11630,-252,-2.1,974457,480,705,2026-07-31,2026-08-11 11:42:30
5,0,OLD,20259781,토이 스토리 5,2026-06-17,102040720,1.4,7724900,8.2,29736093460,10380,413,4.1,2890716,395,472,2026-07-31,2026-08-11 11:42:30
6,1,OLD,20262902,다윗,2026-07-10,59424000,0.8,23293200,64.5,2383973920,6272,2436,63.5,244637,186,207,2026-07-31,2026-08-11 11:42:30
7,-1,OLD,20264148,어떻게 해야 했을까?,2026-07-29,45668700,0.6,6420780,16.4,122675920,4351,438,11.2,12350,61,94,2026-07-31,2026-08-11 11:42:30
8,1,OLD,20242402,눈동자,2026-06-24,25475350,0.3,-1282250,-4.8,15808107000,2375,-305,-11.4,1532389,200,246,2026-07-31,2026-08-11 11:42:30
9,-1,OLD,20264665,드림 애니멀즈: 더무비,2026-07-24,17893270,0.2,-11534950,-39.2,350063140,1943,-1501,-43.6,39220,173,178,2026-07-31,2026-08-11 11:42:30
10,0,NEW,20265254,투모로우바이투게더 브이알 콘서트 : 엔드리스 라이드,2026-07-31,52001000,0.7,52001000,100.0,52001000,1469,1469,100.0,1469,2,14,2026-07-31,2026-08-11 11:42:30
1,0,OLD,20262770,스파이더맨: 브랜드 뉴 데이,2026-07-29,9697312810,80.9,3900487860,67.3,27082628950,901580,375250,71.3,2561990,2409,10152,2026-08-01,2026-08-11 11:42:30
2,0,OLD,20233219,호프,2026-07-15,1403300900,11.7,567632100,67.9,43077979680,136417,54921,67.4,3992655,957,2724,2026-08-01,2026-08-11 11:42:30
3,0,OLD,20261784,미니언즈 & 몬스터즈,2026-07-15,211440510,1.8,21218580,11.2,6935364100,22173,2131,10.6,690912,715,1091,2026-08-01,2026-08-11 11:42:30
4,0,OLD,20259946,모아나,2026-07-08,124133850,1.0,11528250,10.2,10502690130,12729,1099,9.4,987186,465,626,2026-08-01,2026-08-11 11:42:30
5,0,NEW,20262381,사랑의 하츄핑: 고래보석의 전설,2026-08-05,127985600,1.1,127985600,100.0,181687600,10681,10681,100.0,16189,76,91,2026-08-01,2026-08-11 11:42:30
6,-1,OLD,20259781,토이 스토리 5,2026-06-17,100129740,0.8,-1910980,-1.9,29836223200,9940,-440,-4.2,2900656,367,455,2026-08-01,2026-08-11 11:42:30
7,-1,OLD,20262902,다윗,2026-07-10,85172890,0.7,25748890,43.3,2469146810,8795,2523,40.2,253432,253,285,2026-08-01,2026-08-11 11:42:30
8,-1,OLD,20264148,어떻게 해야 했을까?,2026-07-29,64192100,0.5,18523400,40.6,186868020,6224,1873,43.0,18574,67,110,2026-08-01,2026-08-11 11:42:30
9,-1,OLD,20242402,눈동자,2026-06-24,28515200,0.2,3039850,11.9,15836622200,2646,271,11.4,1535035,160,187,2026-08-01,2026-08-11 11:42:30
10,-1,OLD,20264665,드림 애니멀즈: 더무비,2026-07-24,12517310,0.1,-5375960,-30.0,362580450,1365,-578,-29.7,40585,130,134,2026-08-01,2026-08-11 11:42:30
1,0,OLD,20262770,스파이더맨: 브랜드 뉴 데이,2026-07-29,8780346600,80.9,-916966210,-9.5,35862975550,826335,-75245,-8.3,3388325,2382,9784,2026-08-02,2026-08-11 11:42:29
2,0,OLD,20233219,호프,2026-07-15,1200387570,11.1,-202913330,-14.5,44278367250,117897,-18520,-13.6,4110552,965,2620,2026-08-02,2026-08-11 11:42:29
3,0,OLD,20261784,미니언즈 & 몬스터즈,2026-07-15,218413190,2.0,6972680,3.3,7153777290,23030,857,3.9,713942,716,1089,2026-08-02,2026-08-11 11:42:29
4,0,OLD,20259946,모아나,2026-07-08,124099400,1.1,-34450,0.0,10626789530,12763,34,0.3,999949,452,580,2026-08-02,2026-08-11 11:42:29
5,1,OLD,20259781,토이 스토리 5,2026-06-17,115375580,1.1,15245840,15.2,29951598780,11554,1614,16.2,2912210,375,472,2026-08-02,2026-08-11 11:42:29
6,-1,OLD,20262381,사랑의 하츄핑: 고래보석의 전설,2026-08-05,125351720,1.2,-2633880,-2.1,307039320,10305,-376,-3.5,26494,75,85,2026-08-02,2026-08-11 11:42:29
7,0,OLD,20262902,다윗,2026-07-10,94622950,0.9,9450060,11.1,2563769760,9917,1122,12.8,263349,243,276,2026-08-02,2026-08-11 11:42:29
8,0,OLD,20264148,어떻게 해야 했을까?,2026-07-29,56577800,0.5,-7614300,-11.9,243445820,5434,-790,-12.7,24008,63,107,2026-08-02,2026-08-11 11:42:29
9,0,OLD,20242402,눈동자,2026-06-24,25051300,0.2,-3463900,-12.1,15861673500,2341,-305,-11.5,1537376,151,176,2026-08-02,2026-08-11 11:42:29
10,0,OLD,20264665,드림 애니멀즈: 더무비,2026-07-24,12786500,0.1,269190,2.2,375366950,1411,46,3.4,41996,126,130,2026-08-02,2026-08-11 11:42:29
1,0,OLD,20262770,스파이더맨: 브랜드 뉴 데이,2026-07-29,4174462150,80.5,-4605884450,-52.5,40037437700,401780,-424555,-51.4,3790105,2178,8774,2026-08-03,2026-08-11 11:42:29
2,0,OLD,20233219,호프,2026-07-15,618271300,11.9,-582116270,-48.5,44896638550,63927,-53970,-45.8,4174479,901,2658,2026-08-03,2026-08-11 11:42:29
3,0,OLD,20261784,미니언즈 & 몬스터즈,2026-07-15,113041800,2.2,-105371390,-48.2,7266819090,12454,-10576,-45.9,726396,672,1050,2026-08-03,2026-08-11 11:42:29
4,1,OLD,20259781,토이 스토리 5,2026-06-17,71227390,1.4,-44148190,-38.3,30022826170,7454,-4100,-35.5,2919664,384,487,2026-08-03,2026-08-11 11:42:29
5,-1,OLD,20259946,모아나,2026-07-08,65168340,1.3,-58931060,-47.5,10691957870,6986,-5777,-45.3,1006935,437,580,2026-08-03,2026-08-11 11:42:29
6,2,OLD,20264148,어떻게 해야 했을까?,2026-07-29,31604660,0.6,-24973140,-44.1,275050480,3147,-2287,-42.1,27155,59,103,2026-08-03,2026-08-11 11:42:29
7,0,OLD,20262902,다윗,2026-07-10,29609230,0.6,-65013720,-68.7,2593378990,3085,-6832,-68.9,266434,171,199,2026-08-03,2026-08-11 11:42:29
8,1,OLD,20242402,눈동자,2026-06-24,15303850,0.3,-9747450,-38.9,15876977350,1489,-852,-36.4,1538865,164,185,2026-08-03,2026-08-11 11:42:29
9,1,OLD,20264665,드림 애니멀즈: 더무비,2026-07-24,7537100,0.1,-5249400,-41.1,382904050,845,-566,-40.1,42841,112,112,2026-08-03,2026-08-11 11:42:29
10,0,NEW,20250654,오디세이,2026-08-05,6102000,0.1,6102000,100.0,16710000,678,678,100.0,1302,2,2,2026-08-03,2026-08-11 11:42:29
1,0,OLD,20262770,스파이더맨: 브랜드 뉴 데이,2026-07-29,3631237270,78.5,-543224880,-13.0,43668674970,348287,-53493,-13.3,4138392,2214,8852,2026-08-04,2026-08-11 11:42:28
2,0,OLD,20233219,호프,2026-07-15,582039140,12.6,-36232160,-5.9,45478677690,61234,-2693,-4.2,4235713,919,2690,2026-08-04,2026-08-11 11:42:28
3,0,OLD,20261784,미니언즈 & 몬스터즈,2026-07-15,110418150,2.4,-2623650,-2.3,7377237240,12337,-117,-0.9,738733,668,1029,2026-08-04,2026-08-11 11:42:28
4,0,OLD,20259781,토이 스토리 5,2026-06-17,73375740,1.6,2148350,3.0,30096201910,7890,436,5.8,2927554,385,488,2026-08-04,2026-08-11 11:42:28
5,0,OLD,20259946,모아나,2026-07-08,63551500,1.4,-1616840,-2.5,10755509370,6864,-122,-1.7,1013799,444,603,2026-08-04,2026-08-11 11:42:28
6,1,OLD,20262902,다윗,2026-07-10,28581200,0.6,-1028030,-3.5,2621960190,3059,-26,-0.8,269493,178,204,2026-08-04,2026-08-11 11:42:28
7,-1,OLD,20264148,어떻게 해야 했을까?,2026-07-29,29506850,0.6,-2097810,-6.6,304557330,2991,-156,-5.0,30146,56,104,2026-08-04,2026-08-11 11:42:28
8,0,OLD,20242402,눈동자,2026-06-24,13952100,0.3,-1351750,-8.8,15890929450,1369,-120,-8.1,1540234,168,189,2026-08-04,2026-08-11 11:42:28
9,1,OLD,20250654,오디세이,2026-08-05,12681000,0.3,6579000,107.8,29391000,1065,387,57.1,2367,3,3,2026-08-04,2026-08-11 11:42:28
10,0,NEW,20262381,사랑의 하츄핑: 고래보석의 전설,2026-08-05,10966800,0.2,10966800,100.0,318006120,916,916,100.0,27410,3,6,2026-08-04,2026-08-11 11:42:28
1,8,OLD,20250654,오디세이,2026-08-05,3136555240,44.7,3123874240,24634.3,3165946240,292707,291642,27384.2,295074,1682,5036,2026-08-05,2026-08-11 11:42:28
2,-1,OLD,20262770,스파이더맨: 브랜드 뉴 데이,2026-07-29,2725327730,38.9,-905909540,-24.9,46394002700,275173,-73114,-21.0,4413565,1666,5657,2026-08-05,2026-08-11 11:42:28
3,7,OLD,20262381,사랑의 하츄핑: 고래보석의 전설,2026-08-05,659585480,9.4,648618680,5914.4,977591600,73165,72249,7887.4,100575,824,1751,2026-08-05,2026-08-11 11:42:28
4,-2,OLD,20233219,호프,2026-07-15,290952170,4.1,-291086970,-50.0,45769629860,30068,-31166,-50.9,4265781,690,1164,2026-08-05,2026-08-11 11:42:28
5,-2,OLD,20261784,미니언즈 & 몬스터즈,2026-07-15,45917250,0.7,-64500900,-58.4,7423154490,5297,-7040,-57.1,744030,302,340,2026-08-05,2026-08-11 11:42:28
6,1,OLD,20264148,어떻게 해야 했을까?,2026-07-29,39024770,0.6,9517920,32.3,343582100,4132,1141,38.1,34278,74,140,2026-08-05,2026-08-11 11:42:28
7,-3,OLD,20259781,토이 스토리 5,2026-06-17,25988750,0.4,-47386990,-64.6,30122190660,2768,-5122,-64.9,2930322,150,162,2026-08-05,2026-08-11 11:42:28
8,-3,OLD,20259946,모아나,2026-07-08,19959260,0.3,-43592240,-68.6,10775468630,2325,-4539,-66.1,1016124,119,127,2026-08-05,2026-08-11 11:42:28
9,-3,OLD,20262902,다윗,2026-07-10,12720600,0.2,-15860600,-55.5,2634680790,1390,-1669,-54.6,270883,70,74,2026-08-05,2026-08-11 11:42:28
10,0,NEW,20262945,퍼피 구조대: 더 다이노 무비,2026-08-13,6714000,0.1,6714000,100.0,6714000,746,746,100.0,746,3,3,2026-08-05,2026-08-11 11:42:28
1,0,OLD,20250654,오디세이,2026-08-05,2672173870,45.2,-464381370,-14.8,5838120110,246220,-46487,-15.9,541294,1660,4912,2026-08-06,2026-08-11 11:42:27
2,0,OLD,20262770,스파이더맨: 브랜드 뉴 데이,2026-07-29,2367870110,40.1,-357457620,-13.1,48761872810,238064,-37109,-13.5,4651629,1694,5675,2026-08-06,2026-08-11 11:42:27
3,0,OLD,20262381,사랑의 하츄핑: 고래보석의 전설,2026-08-05,386347380,6.5,-273238100,-41.4,1363938980,43768,-29397,-40.2,144343,801,1698,2026-08-06,2026-08-11 11:42:27
4,0,OLD,20233219,호프,2026-07-15,261930550,4.4,-29021620,-10.0,46031560410,27200,-2868,-9.5,4292981,688,1163,2026-08-06,2026-08-11 11:42:27
5,0,OLD,20261784,미니언즈 & 몬스터즈,2026-07-15,38688200,0.7,-7229050,-15.7,7461842690,4646,-651,-12.3,748676,284,313,2026-08-06,2026-08-11 11:42:27
6,0,NEW,20255484,오케이 마담2,2026-08-12,40203000,0.7,40203000,100.0,71416000,4467,4467,100.0,7874,25,25,2026-08-06,2026-08-11 11:42:27
7,-1,OLD,20264148,어떻게 해야 했을까?,2026-07-29,33483050,0.6,-5541720,-14.2,377065150,3420,-712,-17.2,37698,78,143,2026-08-06,2026-08-11 11:42:27
8,-1,OLD,20259781,토이 스토리 5,2026-06-17,24128200,0.4,-1860550,-7.2,30146318860,2665,-103,-3.7,2932987,148,154,2026-08-06,2026-08-11 11:42:27
9,0,OLD,20262902,다윗,2026-07-10,14737500,0.2,2016900,15.9,2649418290,1607,217,15.6,272490,77,81,2026-08-06,2026-08-11 11:42:27
10,-2,OLD,20259946,모아나,2026-07-08,13807550,0.2,-6151710,-30.8,10789276180,1536,-789,-33.9,1017660,106,113,2026-08-06,2026-08-11 11:42:27
1,0,OLD,20250654,오디세이,2026-08-05,3490907870,47.2,818734000,30.6,9329027980,310314,64094,26.0,851608,1633,5013,2026-08-07,2026-08-11 11:42:27
2,0,OLD,20262770,스파이더맨: 브랜드 뉴 데이,2026-07-29,2995196040,40.5,627325930,26.5,51757068850,286714,48650,20.4,4938343,1751,6084,2026-08-07,2026-08-11 11:42:27
3,0,OLD,20262381,사랑의 하츄핑: 고래보석의 전설,2026-08-05,384165450,5.2,-2181930,-0.6,1748104430,41712,-2056,-4.7,186055,822,1798,2026-08-07,2026-08-11 11:42:27
4,0,OLD,20233219,호프,2026-07-15,323269460,4.4,61338910,23.4,46354829870,30831,3631,13.3,4323812,658,1135,2026-08-07,2026-08-11 11:42:27
5,0,OLD,20261784,미니언즈 & 몬스터즈,2026-07-15,40089750,0.5,1401550,3.6,7501932440,4525,-121,-2.6,753201,260,281,2026-08-07,2026-08-11 11:42:27
6,1,OLD,20264148,어떻게 해야 했을까?,2026-07-29,36250000,0.5,2766950,8.3,413315150,3505,85,2.5,41203,81,145,2026-08-07,2026-08-11 11:42:27
7,2,OLD,20262902,다윗,2026-07-10,25396950,0.3,10659450,72.3,2674815240,2671,1064,66.2,275161,75,79,2026-08-07,2026-08-11 11:42:27
8,0,OLD,20259781,토이 스토리 5,2026-06-17,23252890,0.3,-875310,-3.6,30169571750,2415,-250,-9.4,2935402,141,149,2026-08-07,2026-08-11 11:42:27
9,1,OLD,20259946,모아나,2026-07-08,15308450,0.2,1500900,10.9,10804584630,1570,34,2.2,1019230,91,97,2026-08-07,2026-08-11 11:42:27
10,5,OLD,20265254,투모로우바이투게더 브이알 콘서트 : 엔드리스 라이드,2026-07-31,16091000,0.2,4986000,44.9,195756000,454,140,44.6,5528,2,16,2026-08-07,2026-08-11 11:42:27
1,0,OLD,20250654,오디세이,2026-08-05,5748677690,44.1,2257769820,64.7,15077705670,525655,215341,69.4,1377263,1745,5187,2026-08-08,2026-08-11 11:42:26
2,0,OLD,20262770,스파이더맨: 브랜드 뉴 데이,2026-07-29,5342058920,41.0,2346862880,78.4,57099127770,514137,227423,79.3,5452480,1802,6440,2026-08-08,2026-08-11 11:42:26
3,0,OLD,20262381,사랑의 하츄핑: 고래보석의 전설,2026-08-05,1182382140,9.1,798216690,207.8,2930486570,124186,82474,197.7,310241,958,2216,2026-08-08,2026-08-11 11:42:26
4,0,OLD,20233219,호프,2026-07-15,399909800,3.1,76640340,23.7,46754739670,37846,7015,22.8,4361658,553,868,2026-08-08,2026-08-11 11:42:26
5,2,OLD,20262902,다윗,2026-07-10,54209890,0.4,28812940,113.5,2729025130,5847,3176,118.9,281008,125,134,2026-08-08,2026-08-11 11:42:26
6,-1,OLD,20261784,미니언즈 & 몬스터즈,2026-07-15,45893200,0.4,5803450,14.5,7547825640,5077,552,12.2,758278,227,240,2026-08-08,2026-08-11 11:42:26
7,-1,OLD,20264148,어떻게 해야 했을까?,2026-07-29,46435150,0.4,10185150,28.1,459750300,4547,1042,29.7,45750,76,140,2026-08-08,2026-08-11 11:42:26
8,0,NEW,20264635,명탐정 코난: 하이웨이의 타천사,2026-08-12,55751450,0.4,55751450,100.0,55751450,4355,4355,100.0,4355,36,37,2026-08-08,2026-08-11 11:42:26
9,-1,OLD,20259781,토이 스토리 5,2026-06-17,20228640,0.2,-3024250,-13.0,30189800390,2067,-348,-14.4,2937469,109,112,2026-08-08,2026-08-11 11:42:26
10,0,NEW,20255484,오케이 마담2,2026-08-12,18623700,0.1,18623700,100.0,90039700,1527,1527,100.0,9401,12,16,2026-08-08,2026-08-11 11:42:26
1,0,OLD,20250654,오디세이,2026-08-05,5421127260,44.9,-327550430,-5.7,20498832930,497554,-28101,-5.3,1874817,1798,5118,2026-08-09,2026-08-11 11:42:26
2,0,OLD,20262770,스파이더맨: 브랜드 뉴 데이,2026-07-29,4782490470,39.6,-559568450,-10.5,61881618240,463917,-50220,-9.8,5916397,1763,6052,2026-08-09,2026-08-11 11:42:26
3,0,OLD,20262381,사랑의 하츄핑: 고래보석의 전설,2026-08-05,1172014190,9.7,-10367950,-0.9,4102500760,123565,-621,-0.5,433806,941,2164,2026-08-09,2026-08-11 11:42:26
4,0,OLD,20233219,호프,2026-07-15,336401020,2.8,-63508780,-15.9,47091140690,32223,-5623,-14.9,4393881,548,832,2026-08-09,2026-08-11 11:42:26
5,0,OLD,20262902,다윗,2026-07-10,78274050,0.6,24064160,44.4,2807299180,8342,2495,42.7,289350,145,154,2026-08-09,2026-08-11 11:42:26
6,0,OLD,20261784,미니언즈 & 몬스터즈,2026-07-15,45058680,0.4,-834520,-1.8,7592884320,5014,-63,-1.2,763292,227,243,2026-08-09,2026-08-11 11:42:26
7,1,OLD,20264635,명탐정 코난: 하이웨이의 타천사,2026-08-12,57231270,0.5,1479820,2.7,112982720,4473,118,2.7,8828,37,38,2026-08-09,2026-08-11 11:42:26
8,-1,OLD,20264148,어떻게 해야 했을까?,2026-07-29,40423200,0.3,-6011950,-12.9,500173500,3978,-569,-12.5,49728,79,137,2026-08-09,2026-08-11 11:42:26
9,1,OLD,20255484,오케이 마담2,2026-08-12,25903900,0.2,7280200,39.1,115943600,2382,855,56.0,11783,12,14,2026-08-09,2026-08-11 11:42:26
10,-1,OLD,20259781,토이 스토리 5,2026-06-17,18777850,0.2,-1450790,-7.2,30208578240,1907,-160,-7.7,2939376,99,102,2026-08-09,2026-08-11 11:42:26
1,0,OLD,20250654,오디세이,2026-08-05,2828060070,56.2,-2593067190,-47.8,23326893000,257622,-239932,-48.2,2132439,1647,4991,2026-08-10,2026-08-11 11:42:25
2,0,OLD,20262770,스파이더맨: 브랜드 뉴 데이,2026-07-29,1773545300,35.2,-3008945170,-62.9,63655163540,174615,-289302,-62.4,6091012,1590,5518,2026-08-10,2026-08-11 11:42:25
3,0,OLD,20262381,사랑의 하츄핑: 고래보석의 전설,2026-08-05,174337210,3.5,-997676980,-85.1,4276837970,19410,-104155,-84.3,453216,726,1509,2026-08-10,2026-08-11 11:42:25
4,0,OLD,20233219,호프,2026-07-15,146372870,2.9,-190028150,-56.5,47237513560,14523,-17700,-54.9,4408404,562,949,2026-08-10,2026-08-11 11:42:25
5,3,OLD,20264148,어떻게 해야 했을까?,2026-07-29,22904150,0.5,-17519050,-43.3,523077650,2317,-1661,-41.8,52045,70,132,2026-08-10,2026-08-11 11:42:25
6,0,OLD,20261784,미니언즈 & 몬스터즈,2026-07-15,19237500,0.4,-25821180,-57.3,7612121820,2193,-2821,-56.3,765485,208,217,2026-08-10,2026-08-11 11:42:25
7,3,OLD,20259781,토이 스토리 5,2026-06-17,10804150,0.2,-7973700,-42.5,30219382390,1112,-795,-41.7,2940488,109,112,2026-08-10,2026-08-11 11:42:25
8,-3,OLD,20262902,다윗,2026-07-10,9168150,0.2,-69105900,-88.3,2816467330,958,-7384,-88.5,290308,65,69,2026-08-10,2026-08-11 11:42:25
9,3,OLD,20259946,모아나,2026-07-08,7290500,0.1,748300,11.4,10828554930,826,149,22.0,1021761,67,70,2026-08-10,2026-08-11 11:42:25
10,5,OLD,20263530,마티 슈프림,2026-07-01,2896500,0.1,-2994350,-50.8,1426494680,290,-107,-27.0,131844,18,18,2026-08-10,2026-08-11 11:42:25
