rank,rankInten,rankOldAndNew,movieCd,movieNm,openDt,salesAmt,salesShare,salesInten,salesChange,salesAcc,audiCnt,audiInten,audiChange,audiAcc,scrnCnt,showCnt,b_date,c_date
1,0,OLD,20241941,좀비딸,2025-07-30,2835148970,41.6,1802045840,174.4,38201765980,290709,179756,162.0,4046131,1438,6343,2025-08-15,2026-08-15 16:20:45
2,0,OLD,20254501,F1 더 무비,2025-06-25,1598074170,23.4,966333630,153.0,42788953890,140886,84004,147.7,3971606,937,2792,2025-08-15,2026-08-15 16:20:45
3,0,OLD,20210546,악마가 이사왔다,2025-08-13,720667880,10.6,365484310,102.9,1567588050,73914,34804,89.0,166307,839,3181,2025-08-15,2026-08-15 16:20:45
4,0,OLD,20256701,긴키 지방의 어느 장소에 대하여,2025-08-13,251920180,3.7,111967060,80.0,530160100,24374,10015,69.7,52879,411,613,2025-08-15,2026-08-15 16:20:45
5,1,OLD,20254275,킹 오브 킹스,2025-07-16,210550250,3.1,146233700,227.4,11395045306,21818,14748,208.6,1206408,526,707,2025-08-15,2026-08-15 16:20:45
6,3,OLD,20252680,스머프,2025-08-06,177210590,2.6,138777720,361.1,1166291440,19243,14512,306.7,131397,535,693,2025-08-15,2026-08-15 16:20:45
7,-2,OLD,20248711,발레리나,2025-08-06,196316400,2.9,79604630,68.2,2546248560,19142,7194,60.2,256380,532,871,2025-08-15,2026-08-15 16:20:45
8,-1,OLD,20247460,배드 가이즈 2,2025-07-30,163500090,2.4,117970990,259.1,3101990430,17719,12469,237.5,344332,481,614,2025-08-15,2026-08-15 16:20:45
9,-1,OLD,20255655,식스데이즈,2025-08-13,119130000,1.7,14124000,13.5,570164000,5415,642,13.5,26096,113,256,2025-08-15,2026-08-15 16:20:45
10,7,OLD,20254603,베베핀 극장판: 사라진 베베핀과 핑크퐁 대모험,2025-07-24,50994500,0.7,40599500,390.6,1883312110,5057,3550,235.6,202760,186,210,2025-08-15,2026-08-15 16:20:45
1,0,OLD,20241941,좀비딸,2025-07-30,2569869840,41.3,-265279130,-9.4,40771635820,261583,-29126,-10.0,4307714,1477,6413,2025-08-16,2026-08-15 16:20:44
2,0,OLD,20254501,F1 더 무비,2025-06-25,1462043500,23.5,-136030670,-8.5,44250997390,130471,-10415,-7.4,4102077,981,2845,2025-08-16,2026-08-15 16:20:44
3,0,OLD,20210546,악마가 이사왔다,2025-08-13,572753440,9.2,-147914440,-20.5,2140341490,57897,-16017,-21.7,224204,814,2933,2025-08-16,2026-08-15 16:20:44
4,0,OLD,20256701,긴키 지방의 어느 장소에 대하여,2025-08-13,269824960,4.3,17904780,7.1,799985060,25833,1459,6.0,78712,437,686,2025-08-16,2026-08-15 16:20:44
5,2,OLD,20248711,발레리나,2025-08-06,186195060,3.0,-10121340,-5.2,2732443620,18151,-991,-5.2,274531,540,859,2025-08-16,2026-08-15 16:20:44
6,-1,OLD,20254275,킹 오브 킹스,2025-07-16,168246630,2.7,-42303620,-20.1,11563291936,17779,-4039,-18.5,1224187,536,709,2025-08-16,2026-08-15 16:20:44
7,1,OLD,20247460,배드 가이즈 2,2025-07-30,116708880,1.9,-46791210,-28.6,3218699310,12506,-5213,-29.4,356838,500,622,2025-08-16,2026-08-15 16:20:44
8,-2,OLD,20252680,스머프,2025-08-06,110673980,1.8,-66536610,-37.5,1276965420,12034,-7209,-37.5,143431,517,659,2025-08-16,2026-08-15 16:20:44
9,0,NEW,20253289,극장판 귀멸의 칼날: 무한성편,2025-08-22,191858500,3.1,191858500,100.0,202466500,11548,11548,100.0,12172,37,37,2025-08-16,2026-08-15 16:20:44
10,-1,OLD,20255655,식스데이즈,2025-08-13,115676000,1.9,-3454000,-2.9,685840000,5258,-157,-2.9,31354,117,250,2025-08-16,2026-08-15 16:20:44
1,0,OLD,20241941,좀비딸,2025-07-30,2063574260,40.3,-506295580,-19.7,42835210080,211059,-50524,-19.3,4518773,1442,6003,2025-08-17,2026-08-15 16:20:43
2,0,OLD,20254501,F1 더 무비,2025-06-25,1159259850,22.6,-302783650,-20.7,45410257240,103896,-26575,-20.4,4205973,969,2674,2025-08-17,2026-08-15 16:20:43
3,0,OLD,20210546,악마가 이사왔다,2025-08-13,457626580,8.9,-115126860,-20.1,2597968070,45855,-12042,-20.8,270059,789,2666,2025-08-17,2026-08-15 16:20:43
4,0,OLD,20256701,긴키 지방의 어느 장소에 대하여,2025-08-13,238754430,4.7,-31070530,-11.5,1038739490,22932,-2901,-11.2,101644,432,694,2025-08-17,2026-08-15 16:20:43
5,1,OLD,20254275,킹 오브 킹스,2025-07-16,179133800,3.5,10887170,6.5,11742425736,19531,1752,9.9,1243718,539,671,2025-08-17,2026-08-15 16:20:43
6,-1,OLD,20248711,발레리나,2025-08-06,126387710,2.5,-59807350,-32.1,2858831330,12350,-5801,-32.0,286881,526,800,2025-08-17,2026-08-15 16:20:43
7,0,OLD,20247460,배드 가이즈 2,2025-07-30,110313980,2.2,-6394900,-5.5,3329013290,11878,-628,-5.0,368716,476,596,2025-08-17,2026-08-15 16:20:43
8,0,OLD,20252680,스머프,2025-08-06,108147630,2.1,-2526350,-2.3,1385113050,11798,-236,-2.0,155229,507,643,2025-08-17,2026-08-15 16:20:43
9,0,OLD,20253289,극장판 귀멸의 칼날: 무한성편,2025-08-22,190379000,3.7,-1479500,-0.8,392845500,11460,-88,-0.8,23632,37,37,2025-08-17,2026-08-15 16:20:43
10,5,OLD,20251543,독립군: 끝나지 않은 전쟁,2025-08-13,42516500,0.8,17240700,68.2,151422400,4606,1813,64.9,16392,163,176,2025-08-17,2026-08-15 16:20:43
1,0,OLD,20241941,좀비딸,2025-07-30,581856240,37.1,-1481718020,-71.8,43417066320,61234,-149825,-71.0,4580007,1207,5004,2025-08-18,2026-08-15 16:20:43
2,0,OLD,20254501,F1 더 무비,2025-06-25,402818550,25.7,-756441300,-65.3,45813075790,36659,-67237,-64.7,4242632,879,2464,2025-08-18,2026-08-15 16:20:43
3,0,OLD,20210546,악마가 이사왔다,2025-08-13,140077380,8.9,-317549200,-69.4,2738045450,15199,-30656,-66.9,285258,702,2288,2025-08-18,2026-08-15 16:20:43
4,0,OLD,20256701,긴키 지방의 어느 장소에 대하여,2025-08-13,110435160,7.0,-128319270,-53.7,1149174650,10956,-11976,-52.2,112600,388,691,2025-08-18,2026-08-15 16:20:43
5,1,OLD,20248711,발레리나,2025-08-06,54797000,3.5,-71590710,-56.6,2913628330,5658,-6692,-54.2,292539,494,824,2025-08-18,2026-08-15 16:20:43
6,-1,OLD,20254275,킹 오브 킹스,2025-07-16,30437450,1.9,-148696350,-83.0,11772863186,3263,-16268,-83.3,1246981,363,447,2025-08-18,2026-08-15 16:20:43
7,1,OLD,20252680,스머프,2025-08-06,22952700,1.5,-85194930,-78.8,1408065750,2664,-9134,-77.4,157893,285,317,2025-08-18,2026-08-15 16:20:43
8,-1,OLD,20247460,배드 가이즈 2,2025-07-30,22227700,1.4,-88086280,-79.9,3351240990,2522,-9356,-78.8,371238,299,343,2025-08-18,2026-08-15 16:20:43
9,1,OLD,20251543,독립군: 끝나지 않은 전쟁,2025-08-13,20602820,1.3,-21913680,-51.5,172025220,2317,-2289,-49.7,18709,160,177,2025-08-18,2026-08-15 16:20:43
10,4,OLD,20256149,머티리얼리스트,2025-08-08,14620000,0.9,-15515760,-51.5,412885340,1762,-1133,-39.1,43685,130,238,2025-08-18,2026-08-15 16:20:43
1,0,OLD,20241941,좀비딸,2025-07-30,506850180,33.8,-75006060,-12.9,43923916500,53951,-7283,-11.9,4633958,1234,4949,2025-08-19,2026-08-15 16:20:42
2,0,OLD,20254501,F1 더 무비,2025-06-25,388850910,26.0,-13967640,-3.5,46201926700,34652,-2007,-5.5,4277284,878,2445,2025-08-19,2026-08-15 16:20:42
3,0,OLD,20210546,악마가 이사왔다,2025-08-13,138681960,9.3,-1395420,-1.0,2876727410,15336,137,0.9,300594,706,2281,2025-08-19,2026-08-15 16:20:42
4,0,OLD,20256701,긴키 지방의 어느 장소에 대하여,2025-08-13,106584850,7.1,-3850310,-3.5,1255759500,10584,-372,-3.4,123184,433,754,2025-08-19,2026-08-15 16:20:42
5,0,OLD,20248711,발레리나,2025-08-06,51198500,3.4,-3598500,-6.6,2964826830,5271,-387,-6.8,297810,514,829,2025-08-19,2026-08-15 16:20:42
6,0,OLD,20254275,킹 오브 킹스,2025-07-16,30358300,2.0,-79150,-0.3,11803221486,3350,87,2.7,1250331,350,428,2025-08-19,2026-08-15 16:20:42
7,0,OLD,20252680,스머프,2025-08-06,21193700,1.4,-1759000,-7.7,1429259450,2578,-86,-3.2,160471,294,333,2025-08-19,2026-08-15 16:20:42
8,1,OLD,20251543,독립군: 끝나지 않은 전쟁,2025-08-13,22936100,1.5,2333280,11.3,194961320,2476,159,6.9,21185,177,194,2025-08-19,2026-08-15 16:20:42
9,-1,OLD,20247460,배드 가이즈 2,2025-07-30,20632650,1.4,-1595050,-7.2,3371873640,2385,-137,-5.4,373623,273,311,2025-08-19,2026-08-15 16:20:42
10,1,OLD,20256522,백! 스테이지, ,11430000,0.8,3447000,43.2,19413000,2286,691,43.3,3881,25,42,2025-08-19,2026-08-15 16:20:42
1,0,OLD,20241941,좀비딸,2025-07-30,475149940,29.8,-31700240,-6.3,44399066440,50380,-3571,-6.6,4684338,1267,4932,2025-08-20,2026-08-15 16:20:37
2,0,OLD,20254501,F1 더 무비,2025-06-25,420377440,26.4,31526530,8.1,46622304140,37646,2994,8.6,4314930,889,2522,2025-08-20,2026-08-15 16:20:37
3,0,OLD,20210546,악마가 이사왔다,2025-08-13,153599560,9.6,14917600,10.8,3030326970,17549,2213,14.4,318143,707,2139,2025-08-20,2026-08-15 16:20:37
4,0,OLD,20256701,긴키 지방의 어느 장소에 대하여,2025-08-13,104476950,6.6,-2107900,-2.0,1360236450,10273,-311,-2.9,133457,420,766,2025-08-20,2026-08-15 16:20:37
5,0,OLD,20248711,발레리나,2025-08-06,50606800,3.2,-591700,-1.2,3015433630,5155,-116,-2.2,302965,466,770,2025-08-20,2026-08-15 16:20:37
6,0,NEW,20255937,어글리 시스터,2025-08-20,45932400,2.9,45932400,100.0,47332400,5011,5011,100.0,5211,187,413,2025-08-20,2026-08-15 16:20:37
7,-1,OLD,20254275,킹 오브 킹스,2025-07-16,22495300,1.4,-7863000,-25.9,11825716786,2465,-885,-26.4,1252796,319,380,2025-08-20,2026-08-15 16:20:37
8,0,NEW,20110026,로마의 휴일,2025-08-20,20943600,1.3,20943600,100.0,131646600,2319,2319,100.0,28254,77,123,2025-08-20,2026-08-15 16:20:37
9,-2,OLD,20252680,스머프,2025-08-06,17149300,1.1,-4044400,-19.1,1446408750,2227,-351,-13.6,162698,211,229,2025-08-20,2026-08-15 16:20:37
10,10,OLD,20255655,식스데이즈,2025-08-13,41866000,2.6,29348000,234.4,812670000,1903,1334,234.4,37119,109,226,2025-08-20,2026-08-15 16:20:37
1,0,OLD,20241941,좀비딸,2025-07-30,438391990,28.8,-36757950,-7.7,44837458430,46998,-3382,-6.7,4731336,1255,4871,2025-08-21,2026-08-15 16:20:22
2,0,OLD,20254501,F1 더 무비,2025-06-25,441919350,29.1,21541910,5.1,47064223490,39199,1553,4.1,4354129,879,2496,2025-08-21,2026-08-15 16:20:22
3,0,OLD,20210546,악마가 이사왔다,2025-08-13,140690780,9.3,-12908780,-8.4,3171017750,15634,-1915,-10.9,333777,709,2136,2025-08-21,2026-08-15 16:20:22
4,0,OLD,20256701,긴키 지방의 어느 장소에 대하여,2025-08-13,97096740,6.4,-7380210,-7.1,1457333190,9463,-810,-7.9,142920,438,783,2025-08-21,2026-08-15 16:20:22
5,0,OLD,20248711,발레리나,2025-08-06,48354140,3.2,-2252660,-4.5,3063787770,4975,-180,-3.5,307940,453,786,2025-08-21,2026-08-15 16:20:22
6,0,OLD,20255937,어글리 시스터,2025-08-20,28578700,1.9,-17353700,-37.8,75911100,3001,-2010,-40.1,8212,182,365,2025-08-21,2026-08-15 16:20:22
7,0,OLD,20254275,킹 오브 킹스,2025-07-16,25786250,1.7,3290950,14.6,11851503036,2854,389,15.8,1255650,338,408,2025-08-21,2026-08-15 16:20:22
8,0,NEW,20253289,극장판 귀멸의 칼날: 무한성편,2025-08-22,37098000,2.4,37098000,100.0,429943500,2330,2330,100.0,25962,9,9,2025-08-21,2026-08-15 16:20:22
9,0,NEW,20245055,백산 - 의령에서 발해까지,2025-02-05,11978500,0.8,11978500,100.0,75710500,2087,2087,100.0,10470,42,55,2025-08-21,2026-08-15 16:20:22
10,-1,OLD,20252680,스머프,2025-08-06,12877300,0.8,-4272000,-24.9,1459286050,1700,-527,-23.7,164398,204,216,2025-08-21,2026-08-15 16:20:22
1,7,OLD,20253289,극장판 귀멸의 칼날: 무한성편,2025-08-22,5674122640,82.1,5637024640,15195.0,6104066140,517922,515592,22128.4,543884,2298,8510,2025-08-22,2026-08-15 16:20:02
2,-1,OLD,20241941,좀비딸,2025-07-30,468655590,6.8,30263600,6.9,45306114020,48263,1265,2.7,4779599,888,2353,2025-08-22,2026-08-15 16:20:02
3,-1,OLD,20254501,F1 더 무비,2025-06-25,284507800,4.1,-157411550,-35.6,47348731290,27337,-11862,-30.3,4381466,602,1213,2025-08-22,2026-08-15 16:20:02
4,-1,OLD,20210546,악마가 이사왔다,2025-08-13,76451850,1.1,-64238930,-45.7,3247469600,8380,-7254,-46.4,342157,531,745,2025-08-22,2026-08-15 16:20:02
5,-1,OLD,20256701,긴키 지방의 어느 장소에 대하여,2025-08-13,88393020,1.3,-8703720,-9.0,1545726210,8285,-1178,-12.4,151205,261,363,2025-08-22,2026-08-15 16:20:02
6,13,OLD,20231024,온리 갓 노우즈 에브리띵,2025-08-22,38219600,0.6,32182000,533.0,63324200,4318,3443,393.5,7376,336,442,2025-08-22,2026-08-15 16:20:02
7,-1,OLD,20255937,어글리 시스터,2025-08-20,26733200,0.4,-1845500,-6.5,102644300,2531,-470,-15.7,10743,153,209,2025-08-22,2026-08-15 16:20:02
8,4,OLD,20251543,독립군: 끝나지 않은 전쟁,2025-08-13,18052900,0.3,5311820,41.7,240474020,2018,578,40.1,26296,149,168,2025-08-22,2026-08-15 16:20:02
9,1,OLD,20252680,스머프,2025-08-06,13798000,0.2,920700,7.1,1473084050,1904,204,12.0,166302,118,120,2025-08-22,2026-08-15 16:20:02
10,6,OLD,20254603,베베핀 극장판: 사라진 베베핀과 핑크퐁 대모험,2025-07-24,11416200,0.2,4389000,62.5,1998903410,1886,740,64.6,216604,61,65,2025-08-22,2026-08-15 16:20:02
1,0,OLD,20253289,극장판 귀멸의 칼날: 무한성편,2025-08-22,6504297540,70.0,830174900,14.6,12608363680,606257,88335,17.1,1150141,2279,8840,2025-08-23,2026-08-15 16:20:02
2,0,OLD,20241941,좀비딸,2025-07-30,1144051270,12.3,675395680,144.1,46450165290,116869,68606,142.2,4896468,897,2438,2025-08-23,2026-08-15 16:20:02
3,0,OLD,20254501,F1 더 무비,2025-06-25,656185450,7.1,371677650,130.6,48004916740,64044,36707,134.3,4445510,625,1286,2025-08-23,2026-08-15 16:20:02
4,0,OLD,20210546,악마가 이사왔다,2025-08-13,196554320,2.1,120102470,157.1,3444023920,19304,10924,130.4,361461,525,744,2025-08-23,2026-08-15 16:20:02
5,0,OLD,20256701,긴키 지방의 어느 장소에 대하여,2025-08-13,195663580,2.1,107270560,121.4,1741389790,18908,10623,128.2,170113,288,420,2025-08-23,2026-08-15 16:20:02
6,6,OLD,20254275,킹 오브 킹스,2025-07-16,83937900,0.9,68198700,433.3,11951180136,8748,7017,405.4,1266129,268,289,2025-08-23,2026-08-15 16:20:02
7,2,OLD,20252680,스머프,2025-08-06,48093840,0.5,34295840,248.6,1521177890,5327,3423,179.8,171629,260,285,2025-08-23,2026-08-15 16:20:02
8,12,OLD,20247460,배드 가이즈 2,2025-07-30,46352600,0.5,40477800,689.0,3449716210,5072,4413,669.7,382385,202,224,2025-08-23,2026-08-15 16:20:02
9,-2,OLD,20255937,어글리 시스터,2025-08-20,43275200,0.5,16542000,61.9,145919500,4058,1527,60.3,14801,155,200,2025-08-23,2026-08-15 16:20:02
10,-4,OLD,20231024,온리 갓 노우즈 에브리띵,2025-08-22,36361800,0.4,-1857800,-4.9,99686000,3829,-489,-11.3,11205,298,351,2025-08-23,2026-08-15 16:20:02
1,0,OLD,20253289,극장판 귀멸의 칼날: 무한성편,2025-08-22,5355541070,67.3,-1148756470,-17.7,17963904750,498936,-107321,-17.7,1649077,2237,8413,2025-08-24,2026-08-15 16:19:42
2,0,OLD,20241941,좀비딸,2025-07-30,1041088460,13.1,-102962810,-9.0,47491253750,107084,-9785,-8.4,5003552,912,2352,2025-08-24,2026-08-15 16:19:42
3,0,OLD,20254501,F1 더 무비,2025-06-25,608919580,7.7,-47265870,-7.2,48613836320,59898,-4146,-6.5,4505408,630,1275,2025-08-24,2026-08-15 16:19:42
4,1,OLD,20256701,긴키 지방의 어느 장소에 대하여,2025-08-13,190485420,2.4,-5178160,-2.6,1931875210,18460,-448,-2.4,188573,289,427,2025-08-24,2026-08-15 16:19:42
5,-1,OLD,20210546,악마가 이사왔다,2025-08-13,173535630,2.2,-23018690,-11.7,3617559550,17146,-2158,-11.2,378607,508,715,2025-08-24,2026-08-15 16:19:42
6,0,OLD,20254275,킹 오브 킹스,2025-07-16,114990200,1.4,31052300,37.0,12066170336,11993,3245,37.1,1278122,288,314,2025-08-24,2026-08-15 16:19:42
7,1,OLD,20247460,배드 가이즈 2,2025-07-30,50541120,0.6,4188520,9.0,3500257330,5383,311,6.1,387768,204,224,2025-08-24,2026-08-15 16:19:42
8,-1,OLD,20252680,스머프,2025-08-06,47527250,0.6,-566590,-1.2,1568705140,5242,-85,-1.6,176871,250,266,2025-08-24,2026-08-15 16:19:42
9,1,OLD,20231024,온리 갓 노우즈 에브리띵,2025-08-22,27718500,0.3,-8643300,-23.8,127404500,2852,-977,-25.5,14057,269,311,2025-08-24,2026-08-15 16:19:42
10,-1,OLD,20255937,어글리 시스터,2025-08-20,27887900,0.4,-15387300,-35.6,173807400,2667,-1391,-34.3,17468,139,176,2025-08-24,2026-08-15 16:19:42
1,0,OLD,20253289,극장판 귀멸의 칼날: 무한성편,2025-08-22,2331854220,75.4,-3023686850,-56.5,20295758970,215368,-283568,-56.8,1864445,2011,7013,2025-08-25,2026-08-15 16:19:29
2,0,OLD,20241941,좀비딸,2025-07-30,275759600,8.9,-765328860,-73.5,47767013350,28928,-78156,-73.0,5032480,777,2210,2025-08-25,2026-08-15 16:19:29
3,0,OLD,20254501,F1 더 무비,2025-06-25,201183230,6.5,-407736350,-67.0,48815019550,20195,-39703,-66.3,4525603,623,1369,2025-08-25,2026-08-15 16:19:29
4,0,OLD,20256701,긴키 지방의 어느 장소에 대하여,2025-08-13,68443960,2.2,-122041460,-64.1,2000319170,6675,-11785,-63.8,195248,305,458,2025-08-25,2026-08-15 16:19:29
5,0,OLD,20210546,악마가 이사왔다,2025-08-13,50166500,1.6,-123369130,-71.1,3667726050,5390,-11756,-68.6,383997,479,661,2025-08-25,2026-08-15 16:19:29
6,4,OLD,20255937,어글리 시스터,2025-08-20,15494200,0.5,-12393700,-44.4,189301600,1493,-1174,-44.0,18961,156,208,2025-08-25,2026-08-15 16:19:29
7,2,OLD,20231024,온리 갓 노우즈 에브리띵,2025-08-22,10538200,0.3,-17180300,-62.0,137942700,1266,-1586,-55.6,15323,239,292,2025-08-25,2026-08-15 16:19:29
8,3,OLD,20251543,독립군: 끝나지 않은 전쟁,2025-08-13,11456600,0.4,-12114500,-51.4,299169820,1243,-1397,-52.9,32828,139,170,2025-08-25,2026-08-15 16:19:29
9,3,OLD,20248711,발레리나,2025-08-06,10060500,0.3,-11837800,-54.1,3136326770,1024,-1094,-51.7,315120,110,135,2025-08-25,2026-08-15 16:19:29
10,-4,OLD,20254275,킹 오브 킹스,2025-07-16,9245200,0.3,-105745000,-92.0,12075415536,1004,-10989,-91.6,1279126,160,168,2025-08-25,2026-08-15 16:19:29
1,0,OLD,20253289,극장판 귀멸의 칼날: 무한성편,2025-08-22,1681574480,68.9,-650279740,-27.9,21977333450,152305,-63063,-29.3,2016750,2014,6942,2025-08-26,2026-08-15 16:19:27
2,0,OLD,20241941,좀비딸,2025-07-30,259026240,10.6,-16733360,-6.1,48026039590,27583,-1345,-4.6,5060063,820,2284,2025-08-26,2026-08-15 16:19:27
3,0,OLD,20254501,F1 더 무비,2025-06-25,191249650,7.8,-9933580,-4.9,49006269200,19280,-915,-4.5,4544883,639,1390,2025-08-26,2026-08-15 16:19:27
4,1,OLD,20210546,악마가 이사왔다,2025-08-13,54141200,2.2,3974700,7.9,3721867250,6165,775,14.4,390162,498,684,2025-08-26,2026-08-15 16:19:27
5,-1,OLD,20256701,긴키 지방의 어느 장소에 대하여,2025-08-13,62221690,2.5,-6222270,-9.1,2062540860,6089,-586,-8.8,201337,299,451,2025-08-26,2026-08-15 16:19:27
6,0,OLD,20255937,어글리 시스터,2025-08-20,15230600,0.6,-263600,-1.7,204532200,1453,-40,-2.7,20414,152,206,2025-08-26,2026-08-15 16:19:27
7,2,OLD,20248711,발레리나,2025-08-06,13008000,0.5,2947500,29.3,3149334770,1317,293,28.6,316437,122,153,2025-08-26,2026-08-15 16:19:27
8,-1,OLD,20231024,온리 갓 노우즈 에브리띵,2025-08-22,10956900,0.4,418700,4.0,148899600,1292,26,2.1,16615,262,309,2025-08-26,2026-08-15 16:19:27
9,1,OLD,20254275,킹 오브 킹스,2025-07-16,10604840,0.4,1359640,14.7,12086020376,1191,187,18.6,1280317,161,169,2025-08-26,2026-08-15 16:19:27
10,-2,OLD,20251543,독립군: 끝나지 않은 전쟁,2025-08-13,10704800,0.4,-751800,-6.6,309874620,1170,-73,-5.9,33998,146,174,2025-08-26,2026-08-15 16:19:27
1,0,OLD,20253289,극장판 귀멸의 칼날: 무한성편,2025-08-22,1940977120,57.2,259402640,15.4,23918310570,217627,65322,42.9,2234377,2155,6877,2025-08-27,2026-08-15 16:19:27
2,0,OLD,20241941,좀비딸,2025-07-30,440955280,13.0,181929040,70.2,48466994870,57529,29946,108.6,5117592,865,2092,2025-08-27,2026-08-15 16:19:27
3,0,OLD,20254501,F1 더 무비,2025-06-25,347637610,10.2,156387960,81.8,49353906810,43315,24035,124.7,4588198,742,1319,2025-08-27,2026-08-15 16:19:27
4,29,OLD,20256202,노바디2,2025-08-27,128823800,3.8,127612800,10537.8,156991800,17097,16924,9782.7,21121,331,945,2025-08-27,2026-08-15 16:19:27
5,0,NEW,20256281,첫사랑 엔딩,2025-08-27,125520740,3.7,125520740,100.0,125520740,15615,15615,100.0,15615,489,717,2025-08-27,2026-08-15 16:19:27
6,-1,OLD,20256701,긴키 지방의 어느 장소에 대하여,2025-08-13,66291140,2.0,4069450,6.5,2128832000,8226,2137,35.1,209563,277,367,2025-08-27,2026-08-15 16:19:27
7,-3,OLD,20210546,악마가 이사왔다,2025-08-13,54868600,1.6,727400,1.3,3776735850,7109,944,15.3,397271,363,446,2025-08-27,2026-08-15 16:19:27
8,0,NEW,20256185,프리키 프라이데이 2,2025-08-27,49495500,1.5,49495500,100.0,56465500,6244,6244,100.0,6941,416,601,2025-08-27,2026-08-15 16:19:27
9,0,NEW,20256301,그랑 메종 파리,2025-08-27,21364500,0.6,21364500,100.0,24118500,3098,3098,100.0,3404,135,217,2025-08-27,2026-08-15 16:19:27
10,0,OLD,20251543,독립군: 끝나지 않은 전쟁,2025-08-13,18799900,0.6,8095100,75.6,328674520,2431,1261,107.8,36429,95,100,2025-08-27,2026-08-15 16:19:27
1,0,OLD,20253289,극장판 귀멸의 칼날: 무한성편,2025-08-22,1319118880,54.7,-621858240,-32.0,25237429450,118642,-98985,-45.5,2353019,1935,6423,2025-08-28,2026-08-15 16:19:26
2,0,NEW,20257209,임영웅 [아임 히어로 2] 청음회,2025-08-28,200272000,8.3,200272000,100.0,200272000,50068,50068,100.0,50068,57,331,2025-08-28,2026-08-15 16:19:26
3,-1,OLD,20241941,좀비딸,2025-07-30,256452190,10.6,-184503090,-41.8,48723447060,27948,-29581,-51.4,5145540,815,2061,2025-08-28,2026-08-15 16:19:26
4,-1,OLD,20254501,F1 더 무비,2025-06-25,209032980,8.7,-138604630,-39.9,49562939790,20559,-22756,-52.5,4608757,713,1355,2025-08-28,2026-08-15 16:19:26
5,0,OLD,20256281,첫사랑 엔딩,2025-08-27,77167100,3.2,-48353640,-38.5,202687840,8238,-7377,-47.2,23853,485,721,2025-08-28,2026-08-15 16:19:26
6,0,OLD,20256701,긴키 지방의 어느 장소에 대하여,2025-08-13,50507840,2.1,-15783300,-23.8,2179339840,4874,-3352,-40.7,214437,283,391,2025-08-28,2026-08-15 16:19:26
7,-3,OLD,20256202,노바디2,2025-08-27,40405300,1.7,-88418500,-68.6,197397100,4290,-12807,-74.9,25411,326,792,2025-08-28,2026-08-15 16:19:26
8,-1,OLD,20210546,악마가 이사왔다,2025-08-13,37702300,1.6,-17166300,-31.3,3814438150,4187,-2922,-41.1,401458,347,425,2025-08-28,2026-08-15 16:19:26
9,-1,OLD,20256185,프리키 프라이데이 2,2025-08-27,29831350,1.2,-19664150,-39.7,86296850,3244,-3000,-48.0,10185,391,563,2025-08-28,2026-08-15 16:19:26
10,13,OLD,20231024,온리 갓 노우즈 에브리띵,2025-08-22,13286200,0.6,8521180,178.8,166950820,1677,1108,194.7,18861,194,203,2025-08-28,2026-08-15 16:19:26
1,0,OLD,20253289,극장판 귀멸의 칼날: 무한성편,2025-08-22,1889585970,60.9,570467090,43.2,27127015420,164974,46332,39.1,2517993,1969,6942,2025-08-29,2026-08-15 16:18:56
2,1,OLD,20241941,좀비딸,2025-07-30,342473970,11.0,86021780,33.5,49065921030,35788,7840,28.1,5181328,814,2215,2025-08-29,2026-08-15 16:18:56
3,1,OLD,20254501,F1 더 무비,2025-06-25,306959710,9.9,97926730,46.8,49869899500,28938,8379,40.8,4637695,743,1472,2025-08-29,2026-08-15 16:18:56
4,1,OLD,20256281,첫사랑 엔딩,2025-08-27,85489200,2.8,8322100,10.8,288177040,8755,517,6.3,32608,494,724,2025-08-29,2026-08-15 16:18:56
5,1,OLD,20256701,긴키 지방의 어느 장소에 대하여,2025-08-13,75857670,2.4,25349830,50.2,2255197510,7131,2257,46.3,221568,308,430,2025-08-29,2026-08-15 16:18:56
6,1,OLD,20256202,노바디2,2025-08-27,51100300,1.6,10695000,26.5,248497400,5032,742,17.3,30443,335,814,2025-08-29,2026-08-15 16:18:56
7,1,OLD,20210546,악마가 이사왔다,2025-08-13,41600640,1.3,3898340,10.3,3856038790,4564,377,9.0,406022,357,455,2025-08-29,2026-08-15 16:18:56
8,0,NEW,20160942,슈퍼소닉,2016-11-24,41800560,1.3,41800560,100.0,206386488,3774,3774,100.0,22980,124,216,2025-08-29,2026-08-15 16:18:56
9,0,OLD,20256185,프리키 프라이데이 2,2025-08-27,34198060,1.1,4366710,14.6,120494910,3616,372,11.5,13801,391,555,2025-08-29,2026-08-15 16:18:56
10,1,OLD,20256301,그랑 메종 파리,2025-08-27,13014900,0.4,1869400,16.8,48278900,1722,172,11.1,6676,119,210,2025-08-29,2026-08-15 16:18:56
1,0,OLD,20253289,극장판 귀멸의 칼날: 무한성편,2025-08-22,3833946550,61.5,1944360580,102.9,30960961970,350763,185789,112.6,2868756,2018,7597,2025-08-30,2026-08-15 16:18:55
2,0,OLD,20241941,좀비딸,2025-07-30,850503090,13.6,508029120,148.3,49916424120,87155,51367,143.5,5268483,823,2462,2025-08-30,2026-08-15 16:18:55
3,0,OLD,20254501,F1 더 무비,2025-06-25,667008610,10.7,360048900,117.3,50536908110,64041,35103,121.3,4701736,749,1678,2025-08-30,2026-08-15 16:18:55
4,1,OLD,20256701,긴키 지방의 어느 장소에 대하여,2025-08-13,167444200,2.7,91586530,120.7,2422641710,16039,8908,124.9,237607,305,461,2025-08-30,2026-08-15 16:18:55
5,-1,OLD,20256281,첫사랑 엔딩,2025-08-27,153105370,2.5,67616170,79.1,441282410,15295,6540,74.7,47903,457,640,2025-08-30,2026-08-15 16:18:55
6,0,OLD,20256202,노바디2,2025-08-27,85923700,1.4,34823400,68.1,334421100,8519,3487,69.3,38962,331,700,2025-08-30,2026-08-15 16:18:55
7,0,OLD,20210546,악마가 이사왔다,2025-08-13,58731600,0.9,17130960,41.2,3914770390,6118,1554,34.0,412140,321,408,2025-08-30,2026-08-15 16:18:55
8,9,OLD,20254275,킹 오브 킹스,2025-07-16,46215700,0.7,37921100,457.2,12156267076,4980,4065,444.3,1288168,168,179,2025-08-30,2026-08-15 16:18:55
9,0,OLD,20256185,프리키 프라이데이 2,2025-08-27,44777800,0.7,10579740,30.9,165272710,4651,1035,28.6,18452,366,477,2025-08-30,2026-08-15 16:18:55
10,12,OLD,20252680,스머프,2025-08-06,26034600,0.4,20750600,392.7,1616861340,2961,2248,315.3,183027,154,158,2025-08-30,2026-08-15 16:18:55
1,0,OLD,20253289,극장판 귀멸의 칼날: 무한성편,2025-08-22,3086078010,58.5,-747868540,-19.5,34047039980,284962,-65801,-18.8,3153718,1995,7186,2025-08-31,2026-08-15 16:18:55
2,0,OLD,20241941,좀비딸,2025-07-30,761048990,14.4,-89454100,-10.5,50677473110,78593,-8562,-9.8,5347076,824,2343,2025-08-31,2026-08-15 16:18:55
3,0,OLD,20254501,F1 더 무비,2025-06-25,597184990,11.3,-69823620,-10.5,51134093100,58648,-5393,-8.4,4760384,761,1623,2025-08-31,2026-08-15 16:18:55
4,1,OLD,20256281,첫사랑 엔딩,2025-08-27,163152210,3.1,10046840,6.6,604434620,16434,1139,7.4,64337,458,628,2025-08-31,2026-08-15 16:18:55
5,-1,OLD,20256701,긴키 지방의 어느 장소에 대하여,2025-08-13,135236880,2.6,-32207320,-19.2,2557878590,12949,-3090,-19.3,250556,303,445,2025-08-31,2026-08-15 16:18:55
6,2,OLD,20254275,킹 오브 킹스,2025-07-16,70634000,1.3,24418300,52.8,12226901076,7867,2887,58.0,1296035,188,199,2025-08-31,2026-08-15 16:18:55
7,-1,OLD,20256202,노바디2,2025-08-27,69913400,1.3,-16010300,-18.6,404334500,7082,-1437,-16.9,46044,321,636,2025-08-31,2026-08-15 16:18:55
8,-1,OLD,20210546,악마가 이사왔다,2025-08-13,48449920,0.9,-10281680,-17.5,3963220310,5086,-1032,-16.9,417226,315,386,2025-08-31,2026-08-15 16:18:55
9,0,OLD,20256185,프리키 프라이데이 2,2025-08-27,39443640,0.7,-5334160,-11.9,204716350,4104,-547,-11.8,22556,368,476,2025-08-31,2026-08-15 16:18:55
10,0,OLD,20252680,스머프,2025-08-06,29760500,0.6,3725900,14.3,1646621840,3249,288,9.7,186276,144,149,2025-08-31,2026-08-15 16:18:55
1,0,OLD,20253289,극장판 귀멸의 칼날: 무한성편,2025-08-22,976910710,60.6,-2109167300,-68.3,35023950690,88577,-196385,-68.9,3242295,1729,5807,2025-09-01,2026-08-15 16:18:54
2,1,OLD,20254501,F1 더 무비,2025-06-25,192918670,12.0,-404266320,-67.7,51327011770,19327,-39321,-67.0,4779711,730,1563,2025-09-01,2026-08-15 16:18:54
3,-1,OLD,20241941,좀비딸,2025-07-30,168179300,10.4,-592869690,-77.9,50845652410,17756,-60837,-77.4,5364832,666,2053,2025-09-01,2026-08-15 16:18:54
4,0,OLD,20256281,첫사랑 엔딩,2025-08-27,56511850,3.5,-106640360,-65.4,660946470,5894,-10540,-64.1,70231,440,647,2025-09-01,2026-08-15 16:18:54
5,0,OLD,20256701,긴키 지방의 어느 장소에 대하여,2025-08-13,37375500,2.3,-97861380,-72.4,2595254090,3648,-9301,-71.8,254204,268,394,2025-09-01,2026-08-15 16:18:54
6,1,OLD,20256202,노바디2,2025-08-27,25009400,1.6,-44904000,-64.2,429343900,2657,-4425,-62.5,48701,286,595,2025-09-01,2026-08-15 16:18:54
7,1,OLD,20210546,악마가 이사왔다,2025-08-13,18471100,1.1,-29978820,-61.9,3981691410,1939,-3147,-61.9,419165,280,354,2025-09-01,2026-08-15 16:18:54
8,1,OLD,20256185,프리키 프라이데이 2,2025-08-27,16846000,1.0,-22597640,-57.3,221562350,1828,-2276,-55.5,24384,309,403,2025-09-01,2026-08-15 16:18:54
9,6,OLD,20256149,머티리얼리스트,2025-08-08,7649600,0.5,-3089340,-28.8,551962520,1258,-11,-0.9,59640,70,89,2025-09-01,2026-08-15 16:18:54
10,16,OLD,20245055,백산 - 의령에서 발해까지,2025-02-05,6541500,0.4,3570500,120.2,131635000,1247,712,133.1,20048,26,31,2025-09-01,2026-08-15 16:18:54
1,0,OLD,20253289,극장판 귀멸의 칼날: 무한성편,2025-08-22,813518760,56.3,-163391950,-16.7,35837469450,73984,-14593,-16.5,3316279,1761,5784,2025-09-02,2026-08-15 16:18:54
2,0,OLD,20254501,F1 더 무비,2025-06-25,186635840,12.9,-6282830,-3.3,51513647610,18309,-1018,-5.3,4798020,730,1553,2025-09-02,2026-08-15 16:18:54
3,0,OLD,20241941,좀비딸,2025-07-30,154255280,10.7,-13924020,-8.3,50999907690,16746,-1010,-5.7,5381578,696,2039,2025-09-02,2026-08-15 16:18:54
4,0,OLD,20256281,첫사랑 엔딩,2025-08-27,62830300,4.3,6318450,11.2,723776770,6616,722,12.2,76847,452,671,2025-09-02,2026-08-15 16:18:54
5,0,OLD,20256701,긴키 지방의 어느 장소에 대하여,2025-08-13,31681200,2.2,-5694300,-15.2,2626935290,3114,-534,-14.6,257318,265,370,2025-09-02,2026-08-15 16:18:54
6,1,OLD,20210546,악마가 이사왔다,2025-08-13,26802700,1.9,8331600,45.1,4008494110,2939,1000,51.6,422104,293,371,2025-09-02,2026-08-15 16:18:54
7,-1,OLD,20256202,노바디2,2025-08-27,25001900,1.7,-7500,0.0,454345800,2668,11,0.4,51369,300,595,2025-09-02,2026-08-15 16:18:54
8,0,OLD,20256185,프리키 프라이데이 2,2025-08-27,21487300,1.5,4641300,27.6,243049650,2366,538,29.4,26750,342,444,2025-09-02,2026-08-15 16:18:54
9,8,OLD,20231024,온리 갓 노우즈 에브리띵,2025-08-22,6075500,0.4,2173400,55.7,203002120,749,278,59.0,23176,63,66,2025-09-02,2026-08-15 16:18:54
10,0,NEW,20030047,모노노케 히메,2003-04-25,10608000,0.7,10608000,100.0,15606000,624,624,100.0,1219,1,1,2025-09-02,2026-08-15 16:18:54
1,0,OLD,20253289,극장판 귀멸의 칼날: 무한성편,2025-08-22,838092040,46.1,24573280,3.0,36675561490,79539,5555,7.5,3395818,1609,5027,2025-09-03,2026-08-15 16:18:53
2,0,NEW,20256702,컨저링: 마지막 의식,2025-09-03,397341310,21.9,397341310,100.0,400878310,39581,39581,100.0,39926,843,2219,2025-09-03,2026-08-15 16:18:53
3,-1,OLD,20254501,F1 더 무비,2025-06-25,141457480,7.8,-45178360,-24.2,51655105090,14607,-3702,-20.2,4812627,635,1337,2025-09-03,2026-08-15 16:18:53
4,-1,OLD,20241941,좀비딸,2025-07-30,133630700,7.4,-20624580,-13.4,51133538390,14602,-2144,-12.8,5396180,688,1804,2025-09-03,2026-08-15 16:18:53
5,0,NEW,20256071,투게더,2025-09-03,56333900,3.1,56333900,100.0,79440100,7925,7925,100.0,10504,251,646,2025-09-03,2026-08-15 16:18:53
6,-2,OLD,20256281,첫사랑 엔딩,2025-08-27,38704600,2.1,-24125700,-38.4,762481370,4071,-2545,-38.5,80918,273,394,2025-09-03,2026-08-15 16:18:53
7,0,NEW,20020328,이티,1984-06-23,23080700,1.3,23080700,100.0,84396200,2409,2409,100.0,10448,117,189,2025-09-03,2026-08-15 16:18:53
8,0,NEW,20233039,살인자 리포트,2025-09-05,17028000,0.9,17028000,100.0,25110000,1892,1892,100.0,2790,10,10,2025-09-03,2026-08-15 16:18:53
9,-4,OLD,20256701,긴키 지방의 어느 장소에 대하여,2025-08-13,15535300,0.9,-16145900,-51.0,2642470590,1558,-1556,-50.0,258876,162,207,2025-09-03,2026-08-15 16:18:53
10,-4,OLD,20210546,악마가 이사왔다,2025-08-13,13782100,0.8,-13020600,-48.6,4022276210,1517,-1422,-48.4,423621,120,149,2025-09-03,2026-08-15 16:18:53
1,0,OLD,20253289,극장판 귀멸의 칼날: 무한성편,2025-08-22,678161700,46.6,-159930340,-19.1,37353723190,62698,-16841,-21.2,3458516,1582,4875,2025-09-04,2026-08-15 16:18:51
2,0,OLD,20256702,컨저링: 마지막 의식,2025-09-03,286830930,19.7,-110510380,-27.8,687709240,28534,-11047,-27.9,68460,837,2153,2025-09-04,2026-08-15 16:18:51
3,0,OLD,20254501,F1 더 무비,2025-06-25,132347510,9.1,-9109970,-6.4,51787452600,13230,-1377,-9.4,4825857,644,1330,2025-09-04,2026-08-15 16:18:51
4,0,OLD,20241941,좀비딸,2025-07-30,119625700,8.2,-14005000,-10.5,51253164090,12987,-1615,-11.1,5409167,676,1730,2025-09-04,2026-08-15 16:18:51
5,0,OLD,20256071,투게더,2025-09-03,34885600,2.4,-21448300,-38.1,114325700,4515,-3410,-43.0,15019,239,603,2025-09-04,2026-08-15 16:18:51
6,0,OLD,20256281,첫사랑 엔딩,2025-08-27,32606400,2.2,-6098200,-15.8,795087770,3468,-603,-14.8,84386,271,386,2025-09-04,2026-08-15 16:18:51
7,3,OLD,20210546,악마가 이사왔다,2025-08-13,12818700,0.9,-963400,-7.0,4035094910,1534,17,1.1,425155,88,109,2025-09-04,2026-08-15 16:18:51
8,1,OLD,20256701,긴키 지방의 어느 장소에 대하여,2025-08-13,13145900,0.9,-2389400,-15.4,2655616490,1307,-251,-16.1,260183,156,188,2025-09-04,2026-08-15 16:18:51
9,3,OLD,20256202,노바디2,2025-08-27,10973700,0.8,-1010600,-8.4,477303800,1200,-129,-9.7,53898,199,277,2025-09-04,2026-08-15 16:18:51
10,-3,OLD,20020328,이티,1984-06-23,10006600,0.7,-13074100,-56.6,94402800,1044,-1365,-56.7,11492,110,174,2025-09-04,2026-08-15 16:18:51
1,0,OLD,20253289,극장판 귀멸의 칼날: 무한성편,2025-08-22,1129519280,45.6,451357580,66.6,38483242470,100151,37453,59.7,3558667,1486,4865,2025-09-05,2026-08-15 16:18:51
2,0,OLD,20256702,컨저링: 마지막 의식,2025-09-03,395645550,16.0,108814620,37.9,1083354790,38202,9668,33.9,106662,839,1959,2025-09-05,2026-08-15 16:18:51
3,0,NEW,20233039,살인자 리포트,2025-09-05,347284730,14.0,347284730,100.0,372394730,36081,36081,100.0,38871,749,2647,2025-09-05,2026-08-15 16:18:51
4,-1,OLD,20254501,F1 더 무비,2025-06-25,174907920,7.1,42560410,32.2,51962360520,17289,4059,30.7,4843146,617,1194,2025-09-05,2026-08-15 16:18:51
5,-1,OLD,20241941,좀비딸,2025-07-30,147751490,6.0,28125790,23.5,51400915580,15723,2736,21.1,5424890,696,1486,2025-09-05,2026-08-15 16:18:51
6,0,OLD,20256281,첫사랑 엔딩,2025-08-27,46550620,1.9,13944220,42.8,841638390,4764,1296,37.4,89150,268,353,2025-09-05,2026-08-15 16:18:51
7,-2,OLD,20256071,투게더,2025-09-03,33246200,1.3,-1639400,-4.7,147571900,3646,-869,-19.2,18665,228,508,2025-09-05,2026-08-15 16:18:51
8,0,NEW,20240206,전력질주,2025-09-10,18692900,0.8,18692900,100.0,18692900,1813,1813,100.0,1813,5,7,2025-09-05,2026-08-15 16:18:51
9,-1,OLD,20256701,긴키 지방의 어느 장소에 대하여,2025-08-13,18292180,0.7,5146280,39.1,2673908670,1705,398,30.5,261888,143,173,2025-09-05,2026-08-15 16:18:51
10,-3,OLD,20210546,악마가 이사왔다,2025-08-13,9537200,0.4,-3281500,-25.6,4044632110,1127,-407,-26.5,426282,74,87,2025-09-05,2026-08-15 16:18:51
1,0,OLD,20253289,극장판 귀멸의 칼날: 무한성편,2025-08-22,2357291100,47.5,1227771820,108.7,40840533570,219105,118954,118.8,3777772,1576,5426,2025-09-06,2026-08-15 16:18:50
2,0,OLD,20256702,컨저링: 마지막 의식,2025-09-03,750656230,15.1,355010680,89.7,1834011020,72228,34026,89.1,178890,917,2213,2025-09-06,2026-08-15 16:18:50
3,0,OLD,20233039,살인자 리포트,2025-09-05,593778900,12.0,246494170,71.0,966173630,60626,24545,68.0,99497,752,2561,2025-09-06,2026-08-15 16:18:50
4,0,OLD,20254501,F1 더 무비,2025-06-25,389718510,7.8,214810590,122.8,52352079030,38671,21382,123.7,4881817,648,1344,2025-09-06,2026-08-15 16:18:50
5,0,OLD,20241941,좀비딸,2025-07-30,372593370,7.5,224841880,152.2,51773508950,38508,22785,144.9,5463398,761,1716,2025-09-06,2026-08-15 16:18:50
6,0,OLD,20256281,첫사랑 엔딩,2025-08-27,97001420,2.0,50450800,108.4,938639810,9976,5212,109.4,99126,273,381,2025-09-06,2026-08-15 16:18:50
7,0,OLD,20256071,투게더,2025-09-03,55155500,1.1,21909300,65.9,202727400,6046,2400,65.8,24711,227,530,2025-09-06,2026-08-15 16:18:50
8,9,OLD,20256741,아기돼지 3형제: 도넛별 대모험,2025-09-04,40827400,0.8,35335700,643.4,78410000,4613,3907,553.4,8658,267,302,2025-09-06,2026-08-15 16:18:50
9,0,OLD,20256701,긴키 지방의 어느 장소에 대하여,2025-08-13,38136000,0.8,19843820,108.5,2712044670,3688,1983,116.3,265576,142,188,2025-09-06,2026-08-15 16:18:50
10,15,OLD,20254275,킹 오브 킹스,2025-07-16,24189950,0.5,21449750,782.8,12268544726,2531,2171,603.1,1300533,86,89,2025-09-06,2026-08-15 16:18:50
1,0,OLD,20253289,극장판 귀멸의 칼날: 무한성편,2025-08-22,1922652800,46.8,-434638300,-18.4,42763186370,179831,-39274,-17.9,3957603,1541,5156,2025-09-07,2026-08-15 16:18:49
2,0,OLD,20256702,컨저링: 마지막 의식,2025-09-03,562117020,13.7,-188539210,-25.1,2396128040,54257,-17971,-24.9,233147,900,2108,2025-09-07,2026-08-15 16:18:49
3,0,OLD,20233039,살인자 리포트,2025-09-05,522845670,12.7,-70933230,-11.9,1489019300,53247,-7379,-12.2,152744,771,2441,2025-09-07,2026-08-15 16:18:49
4,1,OLD,20241941,좀비딸,2025-07-30,318832730,7.8,-53760640,-14.4,52092341680,33055,-5453,-14.2,5496453,762,1639,2025-09-07,2026-08-15 16:18:49
5,-1,OLD,20254501,F1 더 무비,2025-06-25,316817320,7.7,-72901190,-18.7,52668896350,31654,-7017,-18.1,4913471,640,1286,2025-09-07,2026-08-15 16:18:49
6,0,OLD,20256281,첫사랑 엔딩,2025-08-27,102632790,2.5,5631370,5.8,1041272600,10512,536,5.4,109638,292,395,2025-09-07,2026-08-15 16:18:49
7,1,OLD,20256741,아기돼지 3형제: 도넛별 대모험,2025-09-04,45318800,1.1,4491400,11.0,123728800,5166,553,12.0,13824,281,312,2025-09-07,2026-08-15 16:18:49
8,-1,OLD,20256071,투게더,2025-09-03,39760800,1.0,-15394700,-27.9,242488200,4323,-1723,-28.5,29034,215,480,2025-09-07,2026-08-15 16:18:49
9,0,OLD,20256701,긴키 지방의 어느 장소에 대하여,2025-08-13,30588330,0.7,-7547670,-19.8,2742633000,2953,-735,-19.9,268529,130,171,2025-09-07,2026-08-15 16:18:49
10,0,OLD,20254275,킹 오브 킹스,2025-07-16,19361200,0.5,-4828750,-20.0,12287905926,1993,-538,-21.3,1302526,85,88,2025-09-07,2026-08-15 16:18:49
1,0,OLD,20253289,극장판 귀멸의 칼날: 무한성편,2025-08-22,612811690,45.6,-1309841110,-68.1,43375998060,54196,-125635,-69.9,4011799,1352,4261,2025-09-08,2026-08-15 16:18:48
2,1,OLD,20233039,살인자 리포트,2025-09-05,207773020,15.5,-315072650,-60.3,1696792320,20685,-32562,-61.2,173429,668,2191,2025-09-08,2026-08-15 16:18:48
3,-1,OLD,20256702,컨저링: 마지막 의식,2025-09-03,196515700,14.6,-365601320,-65.0,2592643740,18404,-35853,-66.1,251551,780,1796,2025-09-08,2026-08-15 16:18:48
4,1,OLD,20254501,F1 더 무비,2025-06-25,104975240,7.8,-211842080,-66.9,52773871590,10008,-21646,-68.4,4923479,593,1186,2025-09-08,2026-08-15 16:18:48
5,-1,OLD,20241941,좀비딸,2025-07-30,70148910,5.2,-248683820,-78.0,52162490590,7144,-25911,-78.4,5503597,597,1242,2025-09-08,2026-08-15 16:18:48
6,0,OLD,20256281,첫사랑 엔딩,2025-08-27,30789000,2.3,-71843790,-70.0,1072061600,3001,-7511,-71.5,112639,246,337,2025-09-08,2026-08-15 16:18:48
7,1,OLD,20256071,투게더,2025-09-03,16666300,1.2,-23094500,-58.1,259154500,1734,-2589,-59.9,30768,194,382,2025-09-08,2026-08-15 16:18:48
8,6,OLD,20210546,악마가 이사왔다,2025-08-13,7314500,0.5,-3143800,-30.1,4073883010,768,-376,-32.9,429431,58,68,2025-09-08,2026-08-15 16:18:48
9,3,OLD,20246333,3670,2025-09-03,7312200,0.5,-8457800,-53.6,79788200,720,-850,-54.1,8272,62,82,2025-09-08,2026-08-15 16:18:48
10,-1,OLD,20256701,긴키 지방의 어느 장소에 대하여,2025-08-13,7408600,0.6,-23179730,-75.8,2750041600,693,-2260,-76.5,269222,110,129,2025-09-08,2026-08-15 16:18:48
1,0,OLD,20253289,극장판 귀멸의 칼날: 무한성편,2025-08-22,558482810,43.1,-54328880,-8.9,43934480870,48732,-5464,-10.1,4060531,1370,4223,2025-09-09,2026-08-15 16:18:47
2,0,OLD,20233039,살인자 리포트,2025-09-05,211423950,16.3,3650930,1.8,1908216270,21398,713,3.4,194827,691,2231,2025-09-09,2026-08-15 16:18:47
3,0,OLD,20256702,컨저링: 마지막 의식,2025-09-03,165257400,12.8,-31258300,-15.9,2757901140,15407,-2997,-16.3,266958,777,1788,2025-09-09,2026-08-15 16:18:47
4,0,OLD,20254501,F1 더 무비,2025-06-25,100349940,7.8,-4625300,-4.4,52874221530,9733,-275,-2.7,4933212,612,1184,2025-09-09,2026-08-15 16:18:47
5,0,OLD,20241941,좀비딸,2025-07-30,74741800,5.8,4592890,6.5,52237232390,7944,800,11.2,5511541,615,1233,2025-09-09,2026-08-15 16:18:47
6,0,OLD,20256281,첫사랑 엔딩,2025-08-27,27849400,2.2,-2939600,-9.5,1099911000,2697,-304,-10.1,115336,262,351,2025-09-09,2026-08-15 16:18:47
7,0,OLD,20256071,투게더,2025-09-03,20294000,1.6,3627700,21.8,279448500,2505,771,44.5,33273,196,394,2025-09-09,2026-08-15 16:18:47
8,3,OLD,20249072,3학년 2학기,2025-09-03,9674900,0.7,4978600,106.0,69100100,1268,705,125.2,8207,74,85,2025-09-09,2026-08-15 16:18:47
9,0,OLD,20246333,3670,2025-09-03,10005200,0.8,2693000,36.8,89793400,1040,320,44.4,9312,71,88,2025-09-09,2026-08-15 16:18:47
10,0,NEW,20245485,귀시,2025-09-17,9153000,0.7,9153000,100.0,11093000,1017,1017,100.0,1211,4,5,2025-09-09,2026-08-15 16:18:47
1,0,OLD,20253289,극장판 귀멸의 칼날: 무한성편,2025-08-22,436879480,27.8,-121603330,-21.8,44371360350,41176,-7556,-15.5,4101707,1268,3809,2025-09-10,2026-08-15 16:18:47
2,0,OLD,20233039,살인자 리포트,2025-09-05,185781790,11.8,-25642160,-12.1,2093998060,18792,-2606,-12.2,213619,741,1798,2025-09-10,2026-08-15 16:18:47
3,1,OLD,20254501,F1 더 무비,2025-06-25,123804950,7.9,23455010,23.4,52998026480,16125,6392,65.7,4949337,634,1226,2025-09-10,2026-08-15 16:18:47
4,-1,OLD,20256702,컨저링: 마지막 의식,2025-09-03,154014470,9.8,-11242930,-6.8,2911915610,14507,-900,-5.8,281465,700,1529,2025-09-10,2026-08-15 16:18:47
5,0,NEW,20247245,홈캠,2025-09-10,108178400,6.9,108178400,100.0,119461400,13306,13306,100.0,14709,260,894,2025-09-10,2026-08-15 16:18:47
6,0,NEW,20030047,모노노케 히메,2003-04-25,171259500,10.9,171259500,100.0,186865500,9939,9939,100.0,11158,26,114,2025-09-10,2026-08-15 16:18:47
7,-2,OLD,20241941,좀비딸,2025-07-30,69341200,4.4,-5400600,-7.2,52306573590,9807,1863,23.5,5521348,625,1062,2025-09-10,2026-08-15 16:18:47
8,24,OLD,20257083,건국전쟁2 ,2025-09-10,32634900,2.1,31114900,2047.0,39879400,3405,3253,2140.1,4154,379,693,2025-09-10,2026-08-15 16:18:47
9,0,NEW,20240206,전력질주,2025-09-10,23071700,1.5,23071700,100.0,41764600,3229,3229,100.0,5042,168,441,2025-09-10,2026-08-15 16:18:47
10,0,NEW,19950366,토이 스토리 ,1995-12-30,27860200,1.8,27860200,100.0,39211278,2950,2950,100.0,4282,54,95,2025-09-10,2026-08-15 16:18:47
1,32,OLD,20242964,얼굴,2025-09-11,343731750,22.6,340751750,11434.6,346711750,35018,34720,11651.0,35316,940,3368,2025-09-11,2026-08-15 16:18:44
2,-1,OLD,20253289,극장판 귀멸의 칼날: 무한성편,2025-08-22,365172380,24.1,-71707100,-16.4,44736532730,33824,-7352,-17.9,4135531,1073,3115,2025-09-11,2026-08-15 16:18:44
3,-1,OLD,20233039,살인자 리포트,2025-09-05,134253290,8.8,-51528500,-27.7,2228251350,13595,-5197,-27.7,227214,700,1336,2025-09-11,2026-08-15 16:18:44
4,-1,OLD,20254501,F1 더 무비,2025-06-25,87272440,5.7,-36532510,-29.5,53085298920,11605,-4520,-28.0,4960942,553,928,2025-09-11,2026-08-15 16:18:44
5,-1,OLD,20256702,컨저링: 마지막 의식,2025-09-03,121099120,8.0,-32915350,-21.4,3033014730,11276,-3231,-22.3,292741,601,1108,2025-09-11,2026-08-15 16:18:44
6,-1,OLD,20247245,홈캠,2025-09-10,61665700,4.1,-46512700,-43.0,181127100,7320,-5986,-45.0,22029,245,723,2025-09-11,2026-08-15 16:18:44
7,0,OLD,20241941,좀비딸,2025-07-30,47559300,3.1,-21781900,-31.4,52354132890,6919,-2888,-29.4,5528267,492,715,2025-09-11,2026-08-15 16:18:44
8,-2,OLD,20030047,모노노케 히메,2003-04-25,88759500,5.8,-82500000,-48.2,275625000,4864,-5075,-51.1,16022,26,114,2025-09-11,2026-08-15 16:18:44
9,0,NEW,20040590,퍼펙트 블루,2004-05-26,48435250,3.2,48435250,100.0,52376250,4319,4319,100.0,4882,138,248,2025-09-11,2026-08-15 16:18:44
10,-2,OLD,20257083,건국전쟁2 ,2025-09-10,23700550,1.6,-8934350,-27.4,63579950,2548,-857,-25.2,6702,349,538,2025-09-11,2026-08-15 16:18:44
1,1,OLD,20253289,극장판 귀멸의 칼날: 무한성편,2025-08-22,620638010,28.1,255465630,70.0,45357170740,54177,20353,60.2,4189708,1125,3407,2025-09-12,2026-08-15 16:18:27
2,-1,OLD,20242964,얼굴,2025-09-11,558082080,25.3,214350330,62.4,904793830,53287,18269,52.2,88603,917,3329,2025-09-12,2026-08-15 16:18:27
3,1,OLD,20254501,F1 더 무비,2025-06-25,134721260,6.1,47448820,54.4,53220020180,18067,6462,55.7,4979009,616,1056,2025-09-12,2026-08-15 16:18:27
4,1,OLD,20256702,컨저링: 마지막 의식,2025-09-03,192378370,8.7,71279250,58.9,3225393100,17146,5870,52.1,309887,657,1277,2025-09-12,2026-08-15 16:18:27
5,-2,OLD,20233039,살인자 리포트,2025-09-05,176195500,8.0,41942210,31.2,2404446850,17090,3495,25.7,244304,777,1585,2025-09-12,2026-08-15 16:18:27
6,0,OLD,20247245,홈캠,2025-09-10,84454300,3.8,22788600,37.0,265581400,8972,1652,22.6,31001,275,774,2025-09-12,2026-08-15 16:18:27
7,0,OLD,20241941,좀비딸,2025-07-30,56009400,2.5,8450100,17.8,52410142290,8076,1157,16.7,5536343,528,788,2025-09-12,2026-08-15 16:18:27
8,0,OLD,20030047,모노노케 히메,2003-04-25,85807000,3.9,-2952500,-3.3,361432000,4483,-381,-7.8,20505,26,105,2025-09-12,2026-08-15 16:18:27
9,1,OLD,20257083,건국전쟁2 ,2025-09-10,26061100,1.2,2360550,10.0,89641050,2610,62,2.4,9312,336,509,2025-09-12,2026-08-15 16:18:27
10,1,OLD,20240206,전력질주,2025-09-10,16838900,0.8,5095000,43.4,70347400,2462,791,47.3,9175,139,360,2025-09-12,2026-08-15 16:18:27
1,0,OLD,20253289,극장판 귀멸의 칼날: 무한성편,2025-08-22,1733762510,34.6,1113124500,179.4,47090933250,156109,101932,188.1,4345817,1270,4118,2025-09-13,2026-08-15 16:18:26
2,0,OLD,20242964,얼굴,2025-09-11,1278923630,25.5,720841550,129.2,2183717460,120353,67066,125.9,208956,915,3258,2025-09-13,2026-08-15 16:18:26
3,0,OLD,20254501,F1 더 무비,2025-06-25,248071110,4.9,113349850,84.1,53468091290,33615,15548,86.1,5012624,676,1179,2025-09-13,2026-08-15 16:18:26
4,0,OLD,20256702,컨저링: 마지막 의식,2025-09-03,363910120,7.3,171531750,89.2,3589303220,32911,15765,91.9,342798,708,1482,2025-09-13,2026-08-15 16:18:26
5,0,OLD,20233039,살인자 리포트,2025-09-05,320234500,6.4,144039000,81.7,2724681350,29868,12778,74.8,274172,841,1861,2025-09-13,2026-08-15 16:18:26
6,1,OLD,20241941,좀비딸,2025-07-30,145150100,2.9,89140700,159.2,52555292390,20709,12633,156.4,5557052,578,843,2025-09-13,2026-08-15 16:18:26
7,-1,OLD,20247245,홈캠,2025-09-10,174705500,3.5,90251200,106.9,440286900,17274,8302,92.5,48275,279,801,2025-09-13,2026-08-15 16:18:26
8,0,OLD,20030047,모노노케 히메,2003-04-25,136175500,2.7,50368500,58.7,497607500,7082,2599,58.0,27587,26,106,2025-09-13,2026-08-15 16:18:26
9,0,OLD,20257083,건국전쟁2 ,2025-09-10,56818000,1.1,30756900,118.0,146459050,5495,2885,110.5,14807,347,447,2025-09-13,2026-08-15 16:18:26
10,2,OLD,20256281,첫사랑 엔딩,2025-08-27,51070660,1.0,26001960,103.7,1213993160,4771,2444,105.0,126053,175,228,2025-09-13,2026-08-15 16:18:26
1,0,OLD,20253289,극장판 귀멸의 칼날: 무한성편,2025-08-22,1325036530,32.6,-408725980,-23.6,48415969780,120133,-35976,-23.0,4465950,1241,3943,2025-09-14,2026-08-15 16:18:09
2,0,OLD,20242964,얼굴,2025-09-11,1149219950,28.3,-129703680,-10.1,3332937410,108274,-12079,-10.0,317230,957,3214,2025-09-14,2026-08-15 16:18:09
3,0,OLD,20254501,F1 더 무비,2025-06-25,193667830,4.8,-54403280,-21.9,53661759120,26381,-7234,-21.5,5039005,649,1136,2025-09-14,2026-08-15 16:18:09
4,1,OLD,20233039,살인자 리포트,2025-09-05,250152400,6.2,-70082100,-21.9,2974833750,23411,-6457,-21.6,297583,802,1718,2025-09-14,2026-08-15 16:18:09
5,-1,OLD,20256702,컨저링: 마지막 의식,2025-09-03,251811270,6.2,-112098850,-30.8,3841114490,22977,-9934,-30.2,365775,702,1379,2025-09-14,2026-08-15 16:18:09
6,0,OLD,20241941,좀비딸,2025-07-30,128093600,3.2,-17056500,-11.8,52683385990,18241,-2468,-11.9,5575293,564,813,2025-09-14,2026-08-15 16:18:09
7,0,OLD,20247245,홈캠,2025-09-10,139293600,3.4,-35411900,-20.3,579580500,13801,-3473,-20.1,62076,280,760,2025-09-14,2026-08-15 16:18:09
8,1,OLD,20257083,건국전쟁2 ,2025-09-10,63769400,1.6,6951400,12.2,210228450,6042,547,10.0,20849,336,419,2025-09-14,2026-08-15 16:18:09
9,-1,OLD,20030047,모노노케 히메,2003-04-25,109499500,2.7,-26676000,-19.6,607107000,5769,-1313,-18.5,33356,26,105,2025-09-14,2026-08-15 16:18:09
10,0,OLD,20256281,첫사랑 엔딩,2025-08-27,53445200,1.3,2374540,4.6,1267438360,5049,278,5.8,131102,165,220,2025-09-14,2026-08-15 16:18:09
1,1,OLD,20242964,얼굴,2025-09-11,401917270,30.9,-747302680,-65.0,3734854680,39495,-68779,-63.5,356725,878,2935,2025-09-15,2026-08-15 16:18:08
2,-1,OLD,20253289,극장판 귀멸의 칼날: 무한성편,2025-08-22,372320260,28.6,-952716270,-71.9,48788290040,33239,-86894,-72.3,4499189,1065,3109,2025-09-15,2026-08-15 16:18:08
3,1,OLD,20233039,살인자 리포트,2025-09-05,90213020,6.9,-159939380,-63.9,3065046770,8974,-14437,-61.7,306557,669,1429,2025-09-15,2026-08-15 16:18:08
4,-1,OLD,20254501,F1 더 무비,2025-06-25,63342760,4.9,-130325070,-67.3,53725101880,8616,-17765,-67.3,5047621,602,1052,2025-09-15,2026-08-15 16:18:08
5,0,OLD,20256702,컨저링: 마지막 의식,2025-09-03,79315240,6.1,-172496030,-68.5,3920429730,7298,-15679,-68.2,373073,579,1059,2025-09-15,2026-08-15 16:18:08
6,0,OLD,20241941,좀비딸,2025-07-30,32954600,2.5,-95139000,-74.3,52716340590,4875,-13366,-73.3,5580168,459,653,2025-09-15,2026-08-15 16:18:08
7,0,OLD,20247245,홈캠,2025-09-10,41183800,3.2,-98109800,-70.4,620764300,4174,-9627,-69.8,66250,235,611,2025-09-15,2026-08-15 16:18:08
8,0,OLD,20257083,건국전쟁2 ,2025-09-10,26891000,2.1,-36878400,-57.8,237119450,2902,-3140,-52.0,23751,319,425,2025-09-15,2026-08-15 16:18:08
9,0,OLD,20030047,모노노케 히메,2003-04-25,41343000,3.2,-68156500,-62.2,648450000,2246,-3523,-61.1,35602,25,98,2025-09-15,2026-08-15 16:18:08
10,14,OLD,20243864,연의 편지,2025-10-01,13644000,1.0,7449000,120.2,26428600,1452,791,119.7,2831,6,10,2025-09-15,2026-08-15 16:18:08
1,0,OLD,20242964,얼굴,2025-09-11,372862560,31.7,-29054710,-7.2,4107717240,37127,-2368,-6.0,393852,976,3119,2025-09-16,2026-08-15 16:18:06
2,0,OLD,20253289,극장판 귀멸의 칼날: 무한성편,2025-08-22,312521080,26.6,-59799180,-16.1,49100811120,28190,-5049,-15.2,4527379,1053,3018,2025-09-16,2026-08-15 16:18:06
3,1,OLD,20254501,F1 더 무비,2025-06-25,56672480,4.8,-6670280,-10.5,53781774360,7684,-932,-10.8,5055305,592,1015,2025-09-16,2026-08-15 16:18:06
4,-1,OLD,20233039,살인자 리포트,2025-09-05,69966350,6.0,-20246670,-22.4,3135013120,6828,-2146,-23.9,313385,654,1346,2025-09-16,2026-08-15 16:18:06
5,0,OLD,20256702,컨저링: 마지막 의식,2025-09-03,69522360,5.9,-9792880,-12.3,3989952090,6474,-824,-11.3,379547,559,980,2025-09-16,2026-08-15 16:18:06
6,1,OLD,20247245,홈캠,2025-09-10,43504200,3.7,2320400,5.6,664268500,5393,1219,29.2,71643,238,602,2025-09-16,2026-08-15 16:18:06
7,-1,OLD,20241941,좀비딸,2025-07-30,31759900,2.7,-1194700,-3.6,52748100490,4550,-325,-6.7,5584718,477,641,2025-09-16,2026-08-15 16:18:06
8,1,OLD,20030047,모노노케 히메,2003-04-25,53560000,4.6,12217000,29.6,702010000,2867,621,27.6,38469,25,97,2025-09-16,2026-08-15 16:18:06
9,-1,OLD,20257083,건국전쟁2 ,2025-09-10,24622400,2.1,-2268600,-8.4,261741850,2655,-247,-8.5,26406,314,421,2025-09-16,2026-08-15 16:18:06
10,10,OLD,20210546,악마가 이사왔다,2025-08-13,7929500,0.7,4831000,155.9,4125500010,1163,714,159.0,436088,44,51,2025-09-16,2026-08-15 16:18:06
1,0,OLD,20242964,얼굴,2025-09-11,395415820,20.6,22553260,6.0,4503133060,39692,2565,6.9,433544,985,2839,2025-09-17,2026-08-15 16:18:05
2,0,OLD,20253289,극장판 귀멸의 칼날: 무한성편,2025-08-22,380641060,19.9,68119980,21.8,49481452180,35750,7560,26.8,4563129,961,2784,2025-09-17,2026-08-15 16:18:05
3,5,OLD,20030047,모노노케 히메,2003-04-25,299353480,15.6,245793480,458.9,1001363480,30145,27278,951.4,68614,557,1084,2025-09-17,2026-08-15 16:18:05
4,0,NEW,20245485,귀시,2025-09-17,97715600,5.1,97715600,100.0,108808600,9968,9968,100.0,11179,618,1430,2025-09-17,2026-08-15 16:18:05
5,-2,OLD,20254501,F1 더 무비,2025-06-25,58553050,3.1,1880570,3.3,53840327410,7734,50,0.7,5063039,521,866,2025-09-17,2026-08-15 16:18:05
6,-2,OLD,20233039,살인자 리포트,2025-09-05,64561280,3.4,-5405070,-7.7,3199574400,6569,-259,-3.8,319954,583,1058,2025-09-17,2026-08-15 16:18:05
7,0,NEW,20244606,바로 지금 여기,2025-09-17,51328000,2.7,51328000,100.0,63033000,6081,6081,100.0,7370,84,91,2025-09-17,2026-08-15 16:18:05
8,-1,OLD,20241941,좀비딸,2025-07-30,34508900,1.8,2749000,8.7,52782609390,5020,470,10.3,5589738,339,415,2025-09-17,2026-08-15 16:18:05
9,-4,OLD,20256702,컨저링: 마지막 의식,2025-09-03,49686900,2.6,-19835460,-28.5,4039638990,4652,-1822,-28.1,384199,436,602,2025-09-17,2026-08-15 16:18:05
10,0,NEW,20161872,너의 이름은.,2017-01-04,70823700,3.7,70823700,100.0,32064172687,4284,4284,100.0,3935536,49,55,2025-09-17,2026-08-15 16:18:05
1,0,OLD,20242964,얼굴,2025-09-11,342399190,22.8,-53016630,-13.4,4845532250,34348,-5344,-13.5,467892,989,2896,2025-09-18,2026-08-15 16:18:04
2,0,OLD,20253289,극장판 귀멸의 칼날: 무한성편,2025-08-22,267690170,17.9,-112950890,-29.7,49749142350,25168,-10582,-29.6,4588297,937,2654,2025-09-18,2026-08-15 16:18:04
3,0,OLD,20030047,모노노케 히메,2003-04-25,112049160,7.5,-187304320,-62.6,1113412640,10997,-19148,-63.5,79611,529,1013,2025-09-18,2026-08-15 16:18:04
4,0,OLD,20245485,귀시,2025-09-17,78597700,5.2,-19117900,-19.6,187406300,8178,-1790,-18.0,19357,607,1357,2025-09-18,2026-08-15 16:18:04
5,0,OLD,20254501,F1 더 무비,2025-06-25,50468400,3.4,-8084650,-13.8,53890795810,7080,-654,-8.5,5070119,516,849,2025-09-18,2026-08-15 16:18:04
6,0,OLD,20233039,살인자 리포트,2025-09-05,65008500,4.3,447220,0.7,3264582900,6639,70,1.1,326593,594,1074,2025-09-18,2026-08-15 16:18:04
7,0,NEW,20256864,프랑켄슈타인 : 더 뮤지컬 라이브,2025-09-18,118633100,7.9,118633100,100.0,121423100,4789,4789,100.0,5068,19,82,2025-09-18,2026-08-15 16:18:04
8,0,OLD,20241941,좀비딸,2025-07-30,27788800,1.9,-6720100,-19.5,52810398190,4217,-803,-16.0,5593955,350,424,2025-09-18,2026-08-15 16:18:04
9,0,OLD,20256702,컨저링: 마지막 의식,2025-09-03,44538600,3.0,-5148300,-10.4,4084177590,4173,-479,-10.3,388372,410,573,2025-09-18,2026-08-15 16:18:04
10,0,OLD,20161872,너의 이름은.,2017-01-04,62721600,4.2,-8102100,-11.4,32126894287,3701,-583,-13.6,3939237,35,38,2025-09-18,2026-08-15 16:18:04
1,0,OLD,20242964,얼굴,2025-09-11,532798380,23.7,190399190,55.6,5378330630,51140,16792,48.9,519032,1048,3218,2025-09-19,2026-08-15 16:18:04
2,0,OLD,20253289,극장판 귀멸의 칼날: 무한성편,2025-08-22,445939300,19.9,178249130,66.6,50195081650,39840,14672,58.3,4628137,971,2829,2025-09-19,2026-08-15 16:18:04
3,0,NEW,20257095,명탐정 코난: 17년 전의 진상,2025-09-19,179174300,8.0,179174300,100.0,179174300,16193,16193,100.0,16193,245,752,2025-09-19,2026-08-15 16:18:04
4,-1,OLD,20030047,모노노케 히메,2003-04-25,116354020,5.2,4304860,3.8,1229766660,10809,-188,-1.7,90420,541,962,2025-09-19,2026-08-15 16:18:04
5,0,OLD,20254501,F1 더 무비,2025-06-25,70537860,3.1,20069460,39.8,53961333670,10012,2932,41.4,5080131,505,836,2025-09-19,2026-08-15 16:18:04
6,-2,OLD,20245485,귀시,2025-09-17,97387850,4.3,18790150,23.9,284794150,9376,1198,14.6,28733,621,1250,2025-09-19,2026-08-15 16:18:04
7,0,OLD,20256864,프랑켄슈타인 : 더 뮤지컬 라이브,2025-09-18,205588100,9.2,86955000,73.3,327011200,8309,3520,73.5,13377,176,410,2025-09-19,2026-08-15 16:18:04
8,-2,OLD,20233039,살인자 리포트,2025-09-05,81098200,3.6,16089700,24.8,3345681100,8202,1563,23.5,334795,571,1010,2025-09-19,2026-08-15 16:18:04
9,0,OLD,20256702,컨저링: 마지막 의식,2025-09-03,69544300,3.1,25005700,56.1,4153721890,6318,2145,51.4,394690,420,592,2025-09-19,2026-08-15 16:18:04
10,0,OLD,20161872,너의 이름은.,2017-01-04,79385800,3.5,16664200,26.6,32206280087,4689,988,26.7,3943926,34,39,2025-09-19,2026-08-15 16:18:04
1,0,OLD,20242964,얼굴,2025-09-11,1191902180,28.4,659103800,123.7,6570232810,113135,61995,121.2,632167,1114,4024,2025-09-20,2026-08-15 16:18:03
2,0,OLD,20253289,극장판 귀멸의 칼날: 무한성편,2025-08-22,1075649120,25.6,629709820,141.2,51270730770,94619,54779,137.5,4722756,1095,3289,2025-09-20,2026-08-15 16:18:03
3,1,OLD,20030047,모노노케 히메,2003-04-25,240145750,5.7,123791730,106.4,1469912410,21595,10786,99.8,112015,589,1002,2025-09-20,2026-08-15 16:18:03
4,-1,OLD,20257095,명탐정 코난: 17년 전의 진상,2025-09-19,185767100,4.4,6592800,3.7,364941400,17251,1058,6.5,33444,266,664,2025-09-20,2026-08-15 16:18:03
5,0,OLD,20254501,F1 더 무비,2025-06-25,118468800,2.8,47930940,68.0,54079802470,16795,6783,67.7,5096926,540,875,2025-09-20,2026-08-15 16:18:03
6,0,OLD,20245485,귀시,2025-09-17,148477920,3.5,51090070,52.5,433272070,14469,5093,54.3,43202,599,1102,2025-09-20,2026-08-15 16:18:03
7,0,OLD,20256864,프랑켄슈타인 : 더 뮤지컬 라이브,2025-09-18,264754500,6.3,59166400,28.8,591765700,10658,2349,28.3,24035,169,390,2025-09-20,2026-08-15 16:18:03
8,1,OLD,20256702,컨저링: 마지막 의식,2025-09-03,107337600,2.6,37793300,54.3,4261059490,9693,3375,53.4,404383,457,634,2025-09-20,2026-08-15 16:18:03
9,-1,OLD,20233039,살인자 리포트,2025-09-05,100443400,2.4,19345200,23.9,3446124500,9594,1392,17.0,344389,557,915,2025-09-20,2026-08-15 16:18:03
10,1,OLD,20241941,좀비딸,2025-07-30,48874300,1.2,21070580,75.8,52887076210,7041,3027,75.4,5605010,401,522,2025-09-20,2026-08-15 16:18:03
1,0,OLD,20242964,얼굴,2025-09-11,950715130,27.9,-241187050,-20.2,7520947940,90696,-22439,-19.8,722863,1075,3861,2025-09-21,2026-08-15 16:18:02
2,0,OLD,20253289,극장판 귀멸의 칼날: 무한성편,2025-08-22,873262500,25.6,-202386620,-18.8,52143993270,78016,-16603,-17.5,4800772,1067,3149,2025-09-21,2026-08-15 16:18:02
3,0,OLD,20030047,모노노케 히메,2003-04-25,186913210,5.5,-53232540,-22.2,1656825620,16701,-4894,-22.7,128716,578,966,2025-09-21,2026-08-15 16:18:02
4,1,OLD,20254501,F1 더 무비,2025-06-25,96303680,2.8,-22165120,-18.7,54176106150,13646,-3149,-18.7,5110572,540,851,2025-09-21,2026-08-15 16:18:02
5,-1,OLD,20257095,명탐정 코난: 17년 전의 진상,2025-09-19,143152700,4.2,-42614400,-22.9,508094100,13277,-3974,-23.0,46721,271,641,2025-09-21,2026-08-15 16:18:02
6,0,OLD,20245485,귀시,2025-09-17,122757840,3.6,-25720080,-17.3,556029910,11868,-2601,-18.0,55070,608,1062,2025-09-21,2026-08-15 16:18:02
7,2,OLD,20233039,살인자 리포트,2025-09-05,77984280,2.3,-22459120,-22.4,3524108780,7557,-2037,-21.2,351946,536,868,2025-09-21,2026-08-15 16:18:02
8,-1,OLD,20256864,프랑켄슈타인 : 더 뮤지컬 라이브,2025-09-18,178996600,5.3,-85757900,-32.4,770762300,7247,-3411,-32.0,31282,160,373,2025-09-21,2026-08-15 16:18:02
9,1,OLD,20241941,좀비딸,2025-07-30,45131380,1.3,-3742920,-7.7,52932207590,6474,-567,-8.1,5611484,385,502,2025-09-21,2026-08-15 16:18:02
10,-2,OLD,20256702,컨저링: 마지막 의식,2025-09-03,71019800,2.1,-36317800,-33.8,4332079290,6444,-3249,-33.5,410827,422,563,2025-09-21,2026-08-15 16:18:02
1,0,OLD,20242964,얼굴,2025-09-11,292015980,25.3,-658699150,-69.3,7812963920,29018,-61678,-68.0,751881,942,3293,2025-09-22,2026-08-15 16:18:02
2,0,OLD,20253289,극장판 귀멸의 칼날: 무한성편,2025-08-22,223255570,19.3,-650006930,-74.4,52367248840,19985,-58031,-74.4,4820757,901,2458,2025-09-22,2026-08-15 16:18:02
3,0,NEW,20243561,어쩔수가없다,2025-09-24,100172700,8.7,100172700,100.0,101068700,8261,8261,100.0,8325,40,48,2025-09-22,2026-08-15 16:18:02
4,-1,OLD,20030047,모노노케 히메,2003-04-25,52736560,4.6,-134176650,-71.8,1709562180,4975,-11726,-70.2,133691,491,808,2025-09-22,2026-08-15 16:18:02
5,-1,OLD,20254501,F1 더 무비,2025-06-25,34395220,3.0,-61908460,-64.3,54210501370,4845,-8801,-64.5,5115417,496,732,2025-09-22,2026-08-15 16:18:02
6,0,OLD,20245485,귀시,2025-09-17,40846400,3.5,-81911440,-66.7,596876310,4120,-7748,-65.3,59190,477,787,2025-09-22,2026-08-15 16:18:02
7,-2,OLD,20257095,명탐정 코난: 17년 전의 진상,2025-09-19,38533000,3.3,-104619700,-73.1,546627100,3644,-9633,-72.6,50365,232,514,2025-09-22,2026-08-15 16:18:02
8,-1,OLD,20233039,살인자 리포트,2025-09-05,34726780,3.0,-43257500,-55.5,3558835560,3573,-3984,-52.7,355519,444,727,2025-09-22,2026-08-15 16:18:02
9,0,OLD,20241941,좀비딸,2025-07-30,20444800,1.8,-24686580,-54.7,52952652390,2880,-3594,-55.5,5614364,271,330,2025-09-22,2026-08-15 16:18:02
10,1,OLD,20161872,너의 이름은.,2017-01-04,47300100,4.1,-54961800,-53.7,32451280587,2840,-3477,-55.0,3959033,35,36,2025-09-22,2026-08-15 16:18:02
1,0,OLD,20242964,얼굴,2025-09-11,252447960,19.5,-39568020,-13.5,8065411880,25433,-3585,-12.4,777314,972,3201,2025-09-23,2026-08-15 16:18:01
2,0,OLD,20253289,극장판 귀멸의 칼날: 무한성편,2025-08-22,223505370,17.2,249800,0.1,52590754210,19900,-85,-0.4,4840657,925,2431,2025-09-23,2026-08-15 16:18:01
3,0,OLD,20243561,어쩔수가없다,2025-09-24,169854000,13.1,69681300,69.6,270922700,14828,6567,79.5,23153,88,89,2025-09-23,2026-08-15 16:18:01
4,1,OLD,20254501,F1 더 무비,2025-06-25,39298900,3.0,4903680,14.3,54249800270,5579,734,15.1,5120996,491,733,2025-09-23,2026-08-15 16:18:01
5,3,OLD,20233039,살인자 리포트,2025-09-05,47797100,3.7,13070320,37.6,3606632660,5280,1707,47.8,360799,483,760,2025-09-23,2026-08-15 16:18:01
6,-2,OLD,20030047,모노노케 히메,2003-04-25,52591800,4.1,-144760,-0.3,1762153980,5061,86,1.7,138752,503,837,2025-09-23,2026-08-15 16:18:01
7,-1,OLD,20245485,귀시,2025-09-17,41035000,3.2,188600,0.5,637911310,4235,115,2.8,63425,503,803,2025-09-23,2026-08-15 16:18:01
8,2,OLD,20161872,너의 이름은.,2017-01-04,57222900,4.4,9922800,21.0,32508503487,3510,670,23.6,3962543,47,48,2025-09-23,2026-08-15 16:18:01
9,-2,OLD,20257095,명탐정 코난: 17년 전의 진상,2025-09-19,34873500,2.7,-3659500,-9.5,581500600,3339,-305,-8.4,53704,240,509,2025-09-23,2026-08-15 16:18:01
10,3,OLD,20257083,건국전쟁2 ,2025-09-10,26583500,2.0,7777400,41.4,433056360,2693,687,34.2,43913,186,213,2025-09-23,2026-08-15 16:18:01
1,2,OLD,20243561,어쩔수가없다,2025-09-24,2645125060,61.3,2475271060,1457.3,2916047760,331495,316667,2135.6,354648,2114,7378,2025-09-24,2026-08-15 16:18:00
2,0,NEW,20256757,극장판 체인소 맨: 레제편,2025-09-24,917580340,21.3,917580340,100.0,918858340,108722,108722,100.0,108864,829,2557,2025-09-24,2026-08-15 16:18:00
3,-2,OLD,20242964,얼굴,2025-09-11,198021040,4.6,-54426920,-21.6,8263432920,25216,-217,-0.9,802530,773,1514,2025-09-24,2026-08-15 16:18:00
4,-2,OLD,20253289,극장판 귀멸의 칼날: 무한성편,2025-08-22,195875500,4.5,-27629870,-12.4,52786629710,23432,3532,17.7,4864089,601,1078,2025-09-24,2026-08-15 16:18:00
5,1,OLD,20030047,모노노케 히메,2003-04-25,45547300,1.1,-7044500,-13.4,1807701280,5349,288,5.7,144101,288,326,2025-09-24,2026-08-15 16:18:00
6,3,OLD,20257095,명탐정 코난: 17년 전의 진상,2025-09-19,30986300,0.7,-3887200,-11.1,612486900,4000,661,19.8,57704,216,298,2025-09-24,2026-08-15 16:18:00
7,-3,OLD,20254501,F1 더 무비,2025-06-25,25165200,0.6,-14133700,-36.0,54274965470,3622,-1957,-35.1,5124618,183,207,2025-09-24,2026-08-15 16:18:00
8,0,NEW,20257229,파르테노페,2025-09-24,9626500,0.2,9626500,100.0,10904500,1228,1228,100.0,1370,50,53,2025-09-24,2026-08-15 16:18:00
9,2,OLD,20241941,좀비딸,2025-07-30,7721600,0.2,-10636000,-57.9,52978731590,1114,-1554,-58.2,5618146,75,81,2025-09-24,2026-08-15 16:18:00
10,33,OLD,20257586,2016 방탄소년단 라이브 화양연화 온 스테이지 : 에필로그 리마스터링,2025-09-23,25796060,0.6,22046060,587.9,29546060,1082,932,621.3,1232,95,157,2025-09-24,2026-08-15 16:18:00
1,0,OLD,20243561,어쩔수가없다,2025-09-24,1095493100,46.6,-1549631960,-58.6,4011540860,109726,-221769,-66.9,464374,1860,6848,2025-09-25,2026-08-15 16:18:00
2,0,OLD,20256757,극장판 체인소 맨: 레제편,2025-09-24,579670060,24.7,-337910280,-36.8,1498528400,53902,-54820,-50.4,162766,789,2592,2025-09-25,2026-08-15 16:18:00
3,1,OLD,20253289,극장판 귀멸의 칼날: 무한성편,2025-08-22,163014700,6.9,-32860800,-16.8,52949644410,15312,-8120,-34.7,4879401,577,1145,2025-09-25,2026-08-15 16:18:00
4,-1,OLD,20242964,얼굴,2025-09-11,148002700,6.3,-50018340,-25.3,8411435620,14855,-10361,-41.1,817385,757,1553,2025-09-25,2026-08-15 16:18:00
5,2,OLD,20254501,F1 더 무비,2025-06-25,24432000,1.0,-733200,-2.9,54299397470,3445,-177,-4.9,5128063,216,248,2025-09-25,2026-08-15 16:18:00
6,-1,OLD,20030047,모노노케 히메,2003-04-25,31170560,1.3,-14376740,-31.6,1838871840,3017,-2332,-43.6,147118,290,332,2025-09-25,2026-08-15 16:18:00
7,-1,OLD,20257095,명탐정 코난: 17년 전의 진상,2025-09-19,26198700,1.1,-4787600,-15.5,638685600,2528,-1472,-36.8,60232,197,272,2025-09-25,2026-08-15 16:18:00
8,1,OLD,20241941,좀비딸,2025-07-30,17188000,0.7,9466400,122.6,52995919590,2520,1406,126.2,5620666,85,88,2025-09-25,2026-08-15 16:18:00
9,4,OLD,20256864,프랑켄슈타인 : 더 뮤지컬 라이브,2025-09-18,54783300,2.3,31188400,132.2,979098400,2223,1269,133.0,39707,118,152,2025-09-25,2026-08-15 16:18:00
10,12,OLD,20228988,보스,2025-10-03,13517000,0.6,6437000,90.9,20597000,1431,687,92.3,2175,8,8,2025-09-25,2026-08-15 16:18:00
1,0,OLD,20243561,어쩔수가없다,2025-09-24,1335516590,42.2,240023490,21.9,5347057450,127023,17297,15.8,591397,1872,7211,2025-09-26,2026-08-15 16:17:59
2,0,OLD,20256757,극장판 체인소 맨: 레제편,2025-09-24,962442200,30.4,382772140,66.0,2460970600,83236,29334,54.4,246002,881,2930,2025-09-26,2026-08-15 16:17:59
3,0,OLD,20253289,극장판 귀멸의 칼날: 무한성편,2025-08-22,268310190,8.5,105295490,64.6,53217954600,23967,8655,56.5,4903368,618,1224,2025-09-26,2026-08-15 16:17:59
4,0,OLD,20242964,얼굴,2025-09-11,207745950,6.6,59743250,40.4,8619181570,19889,5034,33.9,837274,766,1648,2025-09-26,2026-08-15 16:17:59
5,1,OLD,20030047,모노노케 히메,2003-04-25,45224200,1.4,14053640,45.1,1884096040,4338,1321,43.8,151456,304,359,2025-09-26,2026-08-15 16:17:59
6,-1,OLD,20254501,F1 더 무비,2025-06-25,29784700,0.9,5352700,21.9,54329182170,4164,719,20.9,5132227,224,258,2025-09-26,2026-08-15 16:17:59
7,0,OLD,20257095,명탐정 코난: 17년 전의 진상,2025-09-19,28864700,0.9,2666000,10.2,667550300,2676,148,5.9,62908,205,274,2025-09-26,2026-08-15 16:17:59
8,1,OLD,20256864,프랑켄슈타인 : 더 뮤지컬 라이브,2025-09-18,59322800,1.9,4539500,8.3,1038421200,2400,177,8.0,42107,115,150,2025-09-26,2026-08-15 16:17:59
9,-1,OLD,20241941,좀비딸,2025-07-30,8290000,0.3,-8898000,-51.8,53004209590,1271,-1249,-49.6,5621937,84,88,2025-09-26,2026-08-15 16:17:59
10,94,OLD,20256034,킹 오브 프리즘 -유어 엔드리스 콜- 모두 빛나라! 프리즘 투어즈 ,2025-07-18,9911140,0.3,9826640,11629.2,297835630,1093,1083,10830.0,31393,12,16,2025-09-26,2026-08-15 16:17:59
1,0,OLD,20243561,어쩔수가없다,2025-09-24,2587976610,45.3,1252460020,93.8,7935034060,242013,114990,90.5,833410,1806,7142,2025-09-27,2026-08-15 16:17:58
2,0,OLD,20256757,극장판 체인소 맨: 레제편,2025-09-24,1382279290,24.2,419837090,43.6,3843249890,122901,39665,47.7,368903,1059,3580,2025-09-27,2026-08-15 16:17:58
3,0,OLD,20253289,극장판 귀멸의 칼날: 무한성편,2025-08-22,524577740,9.2,256267550,95.5,53742532340,48069,24102,100.6,4951437,695,1276,2025-09-27,2026-08-15 16:17:58
4,0,OLD,20242964,얼굴,2025-09-11,381846820,6.7,174100870,83.8,9001028390,36092,16203,81.5,873366,804,1570,2025-09-27,2026-08-15 16:17:58
5,56,OLD,20256526,브레드이발소: 베이커리타운의 악당들,2025-09-27,240694800,4.2,240286800,58893.8,378154200,26349,26281,38648.5,40141,368,725,2025-09-27,2026-08-15 16:17:58
6,-1,OLD,20030047,모노노케 히메,2003-04-25,78874250,1.4,33650050,74.4,1962970290,7313,2975,68.6,158769,290,344,2025-09-27,2026-08-15 16:17:58
7,-1,OLD,20254501,F1 더 무비,2025-06-25,37020720,0.6,7236020,24.3,54366202890,5310,1146,27.5,5137537,219,245,2025-09-27,2026-08-15 16:17:58
8,109,OLD,20256962,바다 탐험대 옥토넛 어보브 앤 비욘드 : 콰지의 깜짝 어드벤처,2025-09-27,49156900,0.9,49140900,307130.6,67353600,4909,4907,245350.0,6837,269,401,2025-09-27,2026-08-15 16:17:58
9,-2,OLD,20257095,명탐정 코난: 17년 전의 진상,2025-09-19,47168300,0.8,18303600,63.4,714718600,4414,1738,64.9,67322,185,241,2025-09-27,2026-08-15 16:17:58
10,-2,OLD,20256864,프랑켄슈타인 : 더 뮤지컬 라이브,2025-09-18,93433700,1.6,34110900,57.5,1131854900,4015,1615,67.3,46122,124,157,2025-09-27,2026-08-15 16:17:58
1,0,OLD,20243561,어쩔수가없다,2025-09-24,2529634790,46.9,-58341820,-2.3,10464668850,240255,-1758,-0.7,1073665,1786,6738,2025-09-28,2026-08-15 16:17:58
2,0,OLD,20256757,극장판 체인소 맨: 레제편,2025-09-24,1184017810,21.9,-198261480,-14.3,5027267700,105568,-17333,-14.1,474471,1064,3500,2025-09-28,2026-08-15 16:17:58
3,0,OLD,20253289,극장판 귀멸의 칼날: 무한성편,2025-08-22,483033460,9.0,-41544280,-7.9,54225565800,44837,-3232,-6.7,4996274,688,1240,2025-09-28,2026-08-15 16:17:58
4,0,OLD,20242964,얼굴,2025-09-11,354648210,6.6,-27198610,-7.1,9355676600,34021,-2071,-5.7,907387,811,1515,2025-09-28,2026-08-15 16:17:58
5,0,OLD,20256526,브레드이발소: 베이커리타운의 악당들,2025-09-27,301861800,5.6,61167000,25.4,680016000,32432,6083,23.1,72573,369,734,2025-09-28,2026-08-15 16:17:58
6,2,OLD,20256962,바다 탐험대 옥토넛 어보브 앤 비욘드 : 콰지의 깜짝 어드벤처,2025-09-27,73007400,1.4,23850500,48.5,140361000,7266,2357,48.0,14103,279,400,2025-09-28,2026-08-15 16:17:58
7,-1,OLD,20030047,모노노케 히메,2003-04-25,64765040,1.2,-14109210,-17.9,2027735330,6028,-1285,-17.6,164797,274,317,2025-09-28,2026-08-15 16:17:58
8,-1,OLD,20254501,F1 더 무비,2025-06-25,37036880,0.7,16160,0.0,54403239770,5296,-14,-0.3,5142833,220,248,2025-09-28,2026-08-15 16:17:58
9,0,OLD,20257095,명탐정 코난: 17년 전의 진상,2025-09-19,45202300,0.8,-1966000,-4.2,759920900,4279,-135,-3.1,71601,185,241,2025-09-28,2026-08-15 16:17:58
10,0,OLD,20256864,프랑켄슈타인 : 더 뮤지컬 라이브,2025-09-18,78700500,1.5,-14733200,-15.8,1210555400,3181,-834,-20.8,49303,123,157,2025-09-28,2026-08-15 16:17:58
1,0,OLD,20243561,어쩔수가없다,2025-09-24,782555190,42.8,-1747079600,-69.1,11247224040,79230,-161025,-67.0,1152895,1589,5824,2025-09-29,2026-08-15 16:17:57
2,0,OLD,20256757,극장판 체인소 맨: 레제편,2025-09-24,521656450,28.5,-662361360,-55.9,5548924150,49160,-56408,-53.4,523631,892,3236,2025-09-29,2026-08-15 16:17:57
3,0,OLD,20253289,극장판 귀멸의 칼날: 무한성편,2025-08-22,144893500,7.9,-338139960,-70.0,54370459300,13813,-31024,-69.2,5010087,648,1222,2025-09-29,2026-08-15 16:17:57
4,0,OLD,20242964,얼굴,2025-09-11,113012530,6.2,-241635680,-68.1,9468689130,11510,-22511,-66.2,918897,694,1544,2025-09-29,2026-08-15 16:17:57
5,3,OLD,20254501,F1 더 무비,2025-06-25,20160200,1.1,-16876680,-45.6,54423399970,2892,-2404,-45.4,5145725,228,273,2025-09-29,2026-08-15 16:17:57
6,1,OLD,20030047,모노노케 히메,2003-04-25,26101300,1.4,-38663740,-59.7,2053836630,2683,-3345,-55.5,167480,267,311,2025-09-29,2026-08-15 16:17:57
7,0,NEW,20228988,보스,2025-10-03,21762000,1.2,21762000,100.0,42359000,2418,2418,100.0,4593,13,13,2025-09-29,2026-08-15 16:17:57
8,-3,OLD,20256526,브레드이발소: 베이커리타운의 악당들,2025-09-27,11777300,0.6,-290084500,-96.1,691793300,1393,-31039,-95.7,73966,176,212,2025-09-29,2026-08-15 16:17:57
9,1,OLD,20256864,프랑켄슈타인 : 더 뮤지컬 라이브,2025-09-18,33055900,1.8,-45644600,-58.0,1243611300,1337,-1844,-58.0,50640,122,160,2025-09-29,2026-08-15 16:17:57
10,-1,OLD,20257095,명탐정 코난: 17년 전의 진상,2025-09-19,13003500,0.7,-32198800,-71.2,772924400,1236,-3043,-71.1,72837,170,226,2025-09-29,2026-08-15 16:17:57
1,0,OLD,20243561,어쩔수가없다,2025-09-24,789192430,40.1,6637240,0.8,12036416470,81342,2112,2.7,1234237,1592,5815,2025-09-30,2026-08-15 16:17:57
2,0,OLD,20256757,극장판 체인소 맨: 레제편,2025-09-24,579159480,29.4,57503030,11.0,6128083630,55748,6588,13.4,579379,900,3266,2025-09-30,2026-08-15 16:17:57
3,0,OLD,20253289,극장판 귀멸의 칼날: 무한성편,2025-08-22,168816320,8.6,23922820,16.5,54539275620,16574,2761,20.0,5026661,659,1224,2025-09-30,2026-08-15 16:17:57
4,0,OLD,20242964,얼굴,2025-09-11,130242880,6.6,17230350,15.2,9598932010,13627,2117,18.4,932524,726,1579,2025-09-30,2026-08-15 16:17:57
5,0,OLD,20254501,F1 더 무비,2025-06-25,25341600,1.3,5181400,25.7,54448741570,3590,698,24.1,5149315,247,291,2025-09-30,2026-08-15 16:17:57
6,0,OLD,20030047,모노노케 히메,2003-04-25,28958440,1.5,2857140,10.9,2082795070,2821,138,5.1,170301,286,327,2025-09-30,2026-08-15 16:17:57
7,1,OLD,20256526,브레드이발소: 베이커리타운의 악당들,2025-09-27,14340600,0.7,2563300,21.8,706133900,1889,496,35.6,75855,173,204,2025-09-30,2026-08-15 16:17:57
8,9,OLD,20257229,파르테노페,2025-09-24,14081200,0.7,9863400,233.9,67474200,1542,1033,202.9,7534,51,60,2025-09-30,2026-08-15 16:17:57
9,1,OLD,20257095,명탐정 코난: 17년 전의 진상,2025-09-19,15650200,0.8,2646700,20.4,788574600,1531,295,23.9,74368,175,229,2025-09-30,2026-08-15 16:17:57
10,4,OLD,20241941,좀비딸,2025-07-30,10394000,0.5,4342000,71.7,53030646290,1515,679,81.2,5625731,64,66,2025-09-30,2026-08-15 16:17:57
1,0,OLD,20243561,어쩔수가없다,2025-09-24,729159070,31.4,-60033360,-7.6,12765575540,75260,-6082,-7.5,1309497,1353,4767,2025-10-01,2026-08-15 16:17:56
2,0,OLD,20256757,극장판 체인소 맨: 레제편,2025-09-24,658238160,28.3,79078680,13.7,6786321790,63086,7338,13.2,642465,886,3209,2025-10-01,2026-08-15 16:17:56
3,0,NEW,20256397,원 배틀 애프터 어나더,2025-10-01,226745070,9.8,226745070,100.0,260397570,21492,21492,100.0,23776,601,1195,2025-10-01,2026-08-15 16:17:56
4,30,OLD,20243864,연의 편지,2025-10-01,150122400,6.5,148652400,10112.4,229747200,16340,16130,7681.0,25139,595,1478,2025-10-01,2026-08-15 16:17:56
5,-2,OLD,20253289,극장판 귀멸의 칼날: 무한성편,2025-08-22,150083200,6.5,-18733120,-11.1,54689358820,14571,-2003,-12.1,5041232,585,993,2025-10-01,2026-08-15 16:17:56
6,-2,OLD,20242964,얼굴,2025-09-11,105323940,4.5,-24918940,-19.1,9704255950,10715,-2912,-21.4,943239,671,1220,2025-10-01,2026-08-15 16:17:56
7,0,NEW,20257670,워킹맨,2025-10-01,28952200,1.2,28952200,100.0,28952200,4459,4459,100.0,4459,173,408,2025-10-01,2026-08-15 16:17:56
8,0,NEW,20225061,아바타: 물의 길,2022-12-14,35545820,1.5,35545820,100.0,137683274719,2092,2092,100.0,10807161,123,162,2025-10-01,2026-08-15 16:17:56
9,0,NEW,20257321,그저 사고였을 뿐,2025-10-01,20154700,0.9,20154700,100.0,26597700,2061,2061,100.0,2729,102,112,2025-10-01,2026-08-15 16:17:56
10,-3,OLD,20256526,브레드이발소: 베이커리타운의 악당들,2025-09-27,15236900,0.7,896300,6.3,721370800,2046,157,8.3,77901,185,222,2025-10-01,2026-08-15 16:17:56
1,0,OLD,20243561,어쩔수가없다,2025-09-24,854286180,30.8,125127110,17.2,13619861720,89974,14714,19.6,1399471,1345,4934,2025-10-02,2026-08-15 16:17:55
2,0,OLD,20256757,극장판 체인소 맨: 레제편,2025-09-24,866911990,31.2,208673830,31.7,7653233780,83677,20591,32.6,726142,902,3419,2025-10-02,2026-08-15 16:17:55
3,2,OLD,20253289,극장판 귀멸의 칼날: 무한성편,2025-08-22,229185660,8.3,79102460,52.7,54918544480,22468,7897,54.2,5063700,595,1063,2025-10-02,2026-08-15 16:17:55
4,-1,OLD,20256397,원 배틀 애프터 어나더,2025-10-01,232840160,8.4,6095090,2.7,493237730,21949,457,2.1,45725,615,1208,2025-10-02,2026-08-15 16:17:55
5,1,OLD,20242964,얼굴,2025-09-11,152092740,5.5,46768800,44.4,9856348690,15790,5075,47.4,959029,708,1326,2025-10-02,2026-08-15 16:17:55
6,-2,OLD,20243864,연의 편지,2025-10-01,129050100,4.6,-21072300,-14.0,358797300,14376,-1964,-12.0,39515,597,1502,2025-10-02,2026-08-15 16:17:55
7,4,OLD,20254501,F1 더 무비,2025-06-25,27447620,1.0,13225620,93.0,54490411190,3986,1993,100.0,5155294,172,224,2025-10-02,2026-08-15 16:17:55
8,-1,OLD,20257670,워킹맨,2025-10-01,18996240,0.7,-9955960,-34.4,47948440,2751,-1708,-38.3,7210,171,373,2025-10-02,2026-08-15 16:17:55
9,-1,OLD,20225061,아바타: 물의 길,2022-12-14,37271700,1.3,1725880,4.9,137720546419,2359,267,12.8,10809520,121,164,2025-10-02,2026-08-15 16:17:55
10,0,OLD,20256526,브레드이발소: 베이커리타운의 악당들,2025-09-27,16676600,0.6,1439700,9.4,738047400,2261,215,10.5,80162,196,232,2025-10-02,2026-08-15 16:17:55
1,22,OLD,20228988,보스,2025-10-03,2295221690,29.9,2292074690,72833.6,2344094190,238887,238506,62600.0,244156,1163,5416,2025-10-03,2026-08-15 16:17:55
2,-1,OLD,20243561,어쩔수가없다,2025-09-24,1786258180,23.3,931972000,109.1,15406119900,178346,88372,98.2,1577817,1133,3849,2025-10-03,2026-08-15 16:17:55
3,-1,OLD,20256757,극장판 체인소 맨: 레제편,2025-09-24,1512793520,19.7,645881530,74.5,9166027300,138327,54650,65.3,864469,843,2861,2025-10-03,2026-08-15 16:17:55
4,-1,OLD,20253289,극장판 귀멸의 칼날: 무한성편,2025-08-22,431416410,5.6,202230750,88.2,55349960890,41473,19005,84.6,5105173,538,795,2025-10-03,2026-08-15 16:17:55
5,5,OLD,20256526,브레드이발소: 베이커리타운의 악당들,2025-09-27,270930200,3.5,254253600,1524.6,1008977600,32326,30065,1329.7,112488,387,762,2025-10-03,2026-08-15 16:17:55
6,-2,OLD,20256397,원 배틀 애프터 어나더,2025-10-01,308248350,4.0,75408190,32.4,801486080,27679,5730,26.1,73404,553,778,2025-10-03,2026-08-15 16:17:55
7,-1,OLD,20243864,연의 편지,2025-10-01,201178650,2.6,72128550,55.9,559975950,21227,6851,47.7,60742,541,968,2025-10-03,2026-08-15 16:17:55
8,0,NEW,20257208,개비의 매직하우스 극장판,2025-10-03,176089090,2.3,176089090,100.0,281103090,18734,18734,100.0,29260,409,527,2025-10-03,2026-08-15 16:17:55
9,-4,OLD,20242964,얼굴,2025-09-11,166074840,2.2,13982100,9.2,10022423530,16885,1095,6.9,975914,504,709,2025-10-03,2026-08-15 16:17:55
10,0,NEW,20257729,배달의 영웅 : 캐리와 슈퍼콜라2,2025-10-03,60542800,0.8,60542800,100.0,64590800,6864,6864,100.0,7214,385,463,2025-10-03,2026-08-15 16:17:55
1,0,OLD,20228988,보스,2025-10-03,2016991940,30.1,-278229750,-12.1,4361086130,208854,-30033,-12.6,453010,1167,5375,2025-10-04,2026-08-15 16:17:54
2,0,OLD,20243561,어쩔수가없다,2025-09-24,1465641670,21.9,-320616510,-17.9,16871761570,146996,-31350,-17.6,1724813,1149,3814,2025-10-04,2026-08-15 16:17:54
3,0,OLD,20256757,극장판 체인소 맨: 레제편,2025-09-24,1308095290,19.5,-204698230,-13.5,10474122590,119179,-19148,-13.8,983648,919,2994,2025-10-04,2026-08-15 16:17:54
4,0,OLD,20253289,극장판 귀멸의 칼날: 무한성편,2025-08-22,508407310,7.6,76990900,17.8,55858368200,47557,6084,14.7,5152730,624,887,2025-10-04,2026-08-15 16:17:54
5,1,OLD,20256397,원 배틀 애프터 어나더,2025-10-01,334054180,5.0,25805830,8.4,1135540260,30118,2439,8.8,103522,563,784,2025-10-04,2026-08-15 16:17:54
6,-1,OLD,20256526,브레드이발소: 베이커리타운의 악당들,2025-09-27,186228100,2.8,-84702100,-31.3,1195205700,22083,-10243,-31.7,134571,381,759,2025-10-04,2026-08-15 16:17:54
7,0,OLD,20243864,연의 편지,2025-10-01,170025670,2.5,-31152980,-15.5,730001620,17519,-3708,-17.5,78261,552,921,2025-10-04,2026-08-15 16:17:54
8,1,OLD,20242964,얼굴,2025-09-11,139855770,2.1,-26219070,-15.8,10162279300,14142,-2743,-16.2,990056,488,652,2025-10-04,2026-08-15 16:17:54
9,-1,OLD,20257208,개비의 매직하우스 극장판,2025-10-03,107027400,1.6,-69061690,-39.2,388130490,11641,-7093,-37.9,40901,434,556,2025-10-04,2026-08-15 16:17:54
10,1,OLD,20254501,F1 더 무비,2025-06-25,29508880,0.4,-2681990,-8.3,54552110940,4219,-352,-7.7,5164084,133,144,2025-10-04,2026-08-15 16:17:54
1,0,OLD,20228988,보스,2025-10-03,2141535970,35.0,124544030,6.2,6502622100,218913,10059,4.8,671923,1168,5358,2025-10-05,2026-08-15 16:17:54
2,0,OLD,20243561,어쩔수가없다,2025-09-24,1358216670,22.2,-107425000,-7.3,18229978240,133229,-13767,-9.4,1858042,1164,3817,2025-10-05,2026-08-15 16:17:54
3,0,OLD,20256757,극장판 체인소 맨: 레제편,2025-09-24,1050830340,17.2,-257264950,-19.7,11524952930,95148,-24031,-20.2,1078796,932,3064,2025-10-05,2026-08-15 16:17:54
4,0,OLD,20253289,극장판 귀멸의 칼날: 무한성편,2025-08-22,392893160,6.4,-115514150,-22.7,56251261360,36617,-10940,-23.0,5189347,635,928,2025-10-05,2026-08-15 16:17:54
5,0,OLD,20256397,원 배틀 애프터 어나더,2025-10-01,339299680,5.6,5245500,1.6,1474839940,30509,391,1.3,134031,576,802,2025-10-05,2026-08-15 16:17:54
6,0,OLD,20256526,브레드이발소: 베이커리타운의 악당들,2025-09-27,129609800,2.1,-56618300,-30.4,1324815500,14834,-7249,-32.8,149405,387,745,2025-10-05,2026-08-15 16:17:54
7,0,OLD,20243864,연의 편지,2025-10-01,126302220,2.1,-43723450,-25.7,856303840,13006,-4513,-25.8,91267,553,881,2025-10-05,2026-08-15 16:17:54
8,0,OLD,20242964,얼굴,2025-09-11,123026200,2.0,-16829570,-12.0,10285305500,12455,-1687,-11.9,1002511,454,609,2025-10-05,2026-08-15 16:17:54
9,0,OLD,20257208,개비의 매직하우스 극장판,2025-10-03,70740550,1.2,-36286850,-33.9,458871040,7629,-4012,-34.5,48530,418,546,2025-10-05,2026-08-15 16:17:54
10,0,OLD,20254501,F1 더 무비,2025-06-25,29530620,0.5,21740,0.1,54581641560,4213,-6,-0.1,5168297,126,136,2025-10-05,2026-08-15 16:17:54
1,0,OLD,20228988,보스,2025-10-03,3065563680,43.2,924027710,43.1,9568185780,313448,94535,43.2,985371,1176,5443,2025-10-06,2026-08-15 16:17:53
2,0,OLD,20243561,어쩔수가없다,2025-09-24,1673351300,23.6,315134630,23.2,19903329540,167675,34446,25.9,2025717,1152,3772,2025-10-06,2026-08-15 16:17:53
3,0,OLD,20256757,극장판 체인소 맨: 레제편,2025-09-24,841867190,11.9,-208963150,-19.9,12366820120,75973,-19175,-20.2,1154769,894,3045,2025-10-06,2026-08-15 16:17:53
4,1,OLD,20256397,원 배틀 애프터 어나더,2025-10-01,398993660,5.6,59693980,17.6,1873833600,36598,6089,20.0,170629,595,841,2025-10-06,2026-08-15 16:17:53
5,-1,OLD,20253289,극장판 귀멸의 칼날: 무한성편,2025-08-22,341439540,4.8,-51453620,-13.1,56592700900,32462,-4155,-11.3,5221809,615,902,2025-10-06,2026-08-15 16:17:53
6,2,OLD,20242964,얼굴,2025-09-11,156747060,2.2,33720860,27.4,10442052560,15620,3165,25.4,1018131,444,593,2025-10-06,2026-08-15 16:17:53
7,-1,OLD,20256526,브레드이발소: 베이커리타운의 악당들,2025-09-27,124026500,1.7,-5583300,-4.3,1448842000,13699,-1135,-7.7,163104,351,702,2025-10-06,2026-08-15 16:17:53
8,-1,OLD,20243864,연의 편지,2025-10-01,113694860,1.6,-12607360,-10.0,969998700,11667,-1339,-10.3,102934,532,803,2025-10-06,2026-08-15 16:17:53
9,0,OLD,20257208,개비의 매직하우스 극장판,2025-10-03,64885100,0.9,-5855450,-8.3,523756140,6911,-718,-9.4,55441,404,530,2025-10-06,2026-08-15 16:17:53
10,0,OLD,20254501,F1 더 무비,2025-06-25,39529300,0.6,9998680,33.9,54621170860,5517,1304,31.0,5173814,131,139,2025-10-06,2026-08-15 16:17:53
1,0,OLD,20228988,보스,2025-10-03,3108615360,37.8,43051680,1.4,12676801140,322754,9306,3.0,1308125,1257,5488,2025-10-07,2026-08-15 16:17:52
2,0,OLD,20243561,어쩔수가없다,2025-09-24,1761429190,21.4,88077890,5.3,21664758730,180798,13123,7.8,2206515,1142,3711,2025-10-07,2026-08-15 16:17:52
3,0,OLD,20256757,극장판 체인소 맨: 레제편,2025-09-24,1260287830,15.3,418420640,49.7,13627107950,114263,38290,50.4,1269032,859,2881,2025-10-07,2026-08-15 16:17:52
4,0,OLD,20256397,원 배틀 애프터 어나더,2025-10-01,506281820,6.2,107288160,26.9,2380115420,46230,9632,26.3,216859,618,867,2025-10-07,2026-08-15 16:17:52
5,0,OLD,20253289,극장판 귀멸의 칼날: 무한성편,2025-08-22,447797480,5.4,106357940,31.1,57040498380,43479,11017,33.9,5265288,601,916,2025-10-07,2026-08-15 16:17:52
6,1,OLD,20256526,브레드이발소: 베이커리타운의 악당들,2025-09-27,179499400,2.2,55472900,44.7,1628341400,20203,6504,47.5,183307,354,689,2025-10-07,2026-08-15 16:17:52
7,1,OLD,20243864,연의 편지,2025-10-01,172877940,2.1,59183080,52.1,1142876640,18172,6505,55.8,121106,530,754,2025-10-07,2026-08-15 16:17:52
8,-2,OLD,20242964,얼굴,2025-09-11,152199770,1.8,-4547290,-2.9,10594252330,15519,-101,-0.6,1033650,391,513,2025-10-07,2026-08-15 16:17:52
9,0,NEW,20249641,나쁜계집애: 달려라 하니,2025-10-07,129515000,1.6,129515000,100.0,142691000,14612,14612,100.0,16076,487,755,2025-10-07,2026-08-15 16:17:52
10,-1,OLD,20257208,개비의 매직하우스 극장판,2025-10-03,99407200,1.2,34522100,53.2,623163340,10771,3860,55.9,66212,394,504,2025-10-07,2026-08-15 16:17:52
1,0,OLD,20228988,보스,2025-10-03,2368619010,32.0,-739996350,-23.8,15045420150,247005,-75749,-23.5,1555130,1296,5393,2025-10-08,2026-08-15 16:17:52
2,0,OLD,20243561,어쩔수가없다,2025-09-24,1326457780,17.9,-434971410,-24.7,22991216510,136746,-44052,-24.4,2343261,1037,3248,2025-10-08,2026-08-15 16:17:52
3,0,OLD,20256757,극장판 체인소 맨: 레제편,2025-09-24,1388293830,18.8,128006000,10.2,15015401780,131316,17053,14.9,1400348,806,2545,2025-10-08,2026-08-15 16:17:52
4,0,NEW,20254021,트론: 아레스,2025-10-08,609043210,8.2,609043210,100.0,619362210,55680,55680,100.0,56304,779,2174,2025-10-08,2026-08-15 16:17:52
5,-1,OLD,20256397,원 배틀 애프터 어나더,2025-10-01,362747740,4.9,-143534080,-28.4,2742863160,36188,-10042,-21.7,253047,573,813,2025-10-08,2026-08-15 16:17:52
6,-1,OLD,20253289,극장판 귀멸의 칼날: 무한성편,2025-08-22,338381310,4.6,-109416170,-24.4,57378879690,33826,-9653,-22.2,5299114,530,743,2025-10-08,2026-08-15 16:17:52
7,-1,OLD,20256526,브레드이발소: 베이커리타운의 악당들,2025-09-27,155402200,2.1,-24097200,-13.4,1783743600,17425,-2778,-13.8,200732,314,606,2025-10-08,2026-08-15 16:17:52
8,-1,OLD,20243864,연의 편지,2025-10-01,134375770,1.8,-38502170,-22.3,1277252410,14244,-3928,-21.6,135350,401,468,2025-10-08,2026-08-15 16:17:52
9,2,OLD,20254501,F1 더 무비,2025-06-25,84851980,1.1,43210460,103.8,54747664360,10224,4265,71.6,5189997,162,187,2025-10-08,2026-08-15 16:17:52
10,-1,OLD,20249641,나쁜계집애: 달려라 하니,2025-10-07,88005910,1.2,-41509090,-32.0,230696910,9826,-4786,-32.8,25902,461,645,2025-10-08,2026-08-15 16:17:52
1,0,OLD,20228988,보스,2025-10-03,1658627530,29.1,-709991480,-30.0,16704047680,174267,-72738,-29.4,1729397,1286,5416,2025-10-09,2026-08-15 16:17:51
2,1,OLD,20256757,극장판 체인소 맨: 레제편,2025-09-24,1183386940,20.7,-204906890,-14.8,16198788720,112140,-19176,-14.6,1512488,816,2520,2025-10-09,2026-08-15 16:17:51
3,-1,OLD,20243561,어쩔수가없다,2025-09-24,980820120,17.2,-345637660,-26.1,23972036630,101120,-35626,-26.1,2444381,1041,3203,2025-10-09,2026-08-15 16:17:51
4,0,OLD,20254021,트론: 아레스,2025-10-08,342566750,6.0,-266476460,-43.8,961928960,31091,-24589,-44.2,87395,715,1825,2025-10-09,2026-08-15 16:17:51
5,0,OLD,20256397,원 배틀 애프터 어나더,2025-10-01,307622810,5.4,-55124930,-15.2,3050485970,30581,-5607,-15.5,283628,585,855,2025-10-09,2026-08-15 16:17:51
6,0,OLD,20253289,극장판 귀멸의 칼날: 무한성편,2025-08-22,287003390,5.0,-51377920,-15.2,57665883080,28952,-4874,-14.4,5328066,535,735,2025-10-09,2026-08-15 16:17:51
7,0,OLD,20256526,브레드이발소: 베이커리타운의 악당들,2025-09-27,148483200,2.6,-6919000,-4.5,1932226800,16612,-813,-4.7,217344,308,595,2025-10-09,2026-08-15 16:17:51
8,0,OLD,20243864,연의 편지,2025-10-01,132588040,2.3,-1787730,-1.3,1409840450,14062,-182,-1.3,149412,414,486,2025-10-09,2026-08-15 16:17:51
9,4,OLD,20257208,개비의 매직하우스 극장판,2025-10-03,78290180,1.4,3422160,4.6,776321540,8536,323,3.9,82961,350,419,2025-10-09,2026-08-15 16:17:51
10,0,OLD,20249641,나쁜계집애: 달려라 하니,2025-10-07,74620680,1.3,-13385230,-15.2,305317590,8380,-1446,-14.7,34282,454,621,2025-10-09,2026-08-15 16:17:51
1,0,OLD,20228988,보스,2025-10-03,868826090,24.2,-789801440,-47.6,17572873770,91069,-83198,-47.7,1820466,1194,5173,2025-10-10,2026-08-15 16:17:51
2,0,OLD,20256757,극장판 체인소 맨: 레제편,2025-09-24,959953180,26.7,-223433760,-18.9,17158741900,90439,-21701,-19.4,1602927,808,2593,2025-10-10,2026-08-15 16:17:51
3,0,OLD,20243561,어쩔수가없다,2025-09-24,548021450,15.2,-432798670,-44.1,24520058080,56344,-44776,-44.3,2500725,1003,3138,2025-10-10,2026-08-15 16:17:51
4,1,OLD,20256397,원 배틀 애프터 어나더,2025-10-01,210135490,5.8,-97487320,-31.7,3260621460,20781,-9800,-32.0,304409,588,914,2025-10-10,2026-08-15 16:17:51
5,1,OLD,20253289,극장판 귀멸의 칼날: 무한성편,2025-08-22,198403330,5.5,-88600060,-30.9,57864286410,19709,-9243,-31.9,5347775,543,762,2025-10-10,2026-08-15 16:17:51
6,-2,OLD,20254021,트론: 아레스,2025-10-08,185045220,5.1,-157521530,-46.0,1146974180,16334,-14757,-47.5,103729,689,1636,2025-10-10,2026-08-15 16:17:51
7,0,OLD,20256526,브레드이발소: 베이커리타운의 악당들,2025-09-27,88445200,2.5,-60038000,-40.4,2020672000,10083,-6529,-39.3,227427,280,469,2025-10-10,2026-08-15 16:17:51
8,0,OLD,20243864,연의 편지,2025-10-01,88182530,2.5,-44405510,-33.5,1498022980,9324,-4738,-33.7,158736,398,479,2025-10-10,2026-08-15 16:17:51
9,0,OLD,20257208,개비의 매직하우스 극장판,2025-10-03,56012250,1.6,-22277930,-28.5,832333790,6107,-2429,-28.5,89068,318,381,2025-10-10,2026-08-15 16:17:51
10,0,OLD,20249641,나쁜계집애: 달려라 하니,2025-10-07,42558620,1.2,-32062060,-43.0,347876210,4802,-3578,-42.7,39084,422,543,2025-10-10,2026-08-15 16:17:51
1,1,OLD,20256757,극장판 체인소 맨: 레제편,2025-09-24,1383056850,27.9,423103670,44.1,18541798750,129311,38872,43.0,1732238,995,3099,2025-10-11,2026-08-15 16:17:50
2,-1,OLD,20228988,보스,2025-10-03,1196019950,24.1,327193860,37.7,18768893720,122839,31770,34.9,1943305,1149,5135,2025-10-11,2026-08-15 16:17:50
3,0,OLD,20243561,어쩔수가없다,2025-09-24,740584690,14.9,192563240,35.1,25260642770,74990,18646,33.1,2575715,1004,3092,2025-10-11,2026-08-15 16:17:50
4,0,OLD,20256397,원 배틀 애프터 어나더,2025-10-01,363797370,7.3,153661880,73.1,3624418830,35895,15114,72.7,340304,646,1069,2025-10-11,2026-08-15 16:17:50
5,0,OLD,20253289,극장판 귀멸의 칼날: 무한성편,2025-08-22,272875410,5.5,74472080,37.5,58137161820,27035,7326,37.2,5374810,597,881,2025-10-11,2026-08-15 16:17:50
6,0,OLD,20254021,트론: 아레스,2025-10-08,240609400,4.9,55564180,30.0,1387583580,20567,4233,25.9,124296,725,1495,2025-10-11,2026-08-15 16:17:50
7,1,OLD,20243864,연의 편지,2025-10-01,109061570,2.2,20879040,23.7,1607084550,11363,2039,21.9,170099,426,523,2025-10-11,2026-08-15 16:17:50
8,-1,OLD,20256526,브레드이발소: 베이커리타운의 악당들,2025-09-27,101457600,2.0,13012400,14.7,2122129600,11224,1141,11.3,238651,302,535,2025-10-11,2026-08-15 16:17:50
9,2,OLD,20242964,얼굴,2025-09-11,64923700,1.3,23548640,56.9,10866141990,6539,2316,54.8,1061228,276,353,2025-10-11,2026-08-15 16:17:50
10,-1,OLD,20257208,개비의 매직하우스 극장판,2025-10-03,56921430,1.1,909180,1.6,889255220,6082,-25,-0.4,95150,291,334,2025-10-11,2026-08-15 16:17:50
1,0,OLD,20256757,극장판 체인소 맨: 레제편,2025-09-24,1106837640,28.2,-276219210,-20.0,19648636390,104389,-24922,-19.3,1836627,998,3005,2025-10-12,2026-08-15 16:17:49
2,0,OLD,20228988,보스,2025-10-03,910364380,23.2,-285655570,-23.9,19679258100,93257,-29582,-24.1,2036562,1130,4757,2025-10-12,2026-08-15 16:17:49
3,0,OLD,20243561,어쩔수가없다,2025-09-24,541121420,13.8,-199463270,-26.9,25801764190,54706,-20284,-27.0,2630421,982,2907,2025-10-12,2026-08-15 16:17:49
4,0,OLD,20256397,원 배틀 애프터 어나더,2025-10-01,272730090,6.9,-91067280,-25.0,3897148920,27053,-8842,-24.6,367357,657,1052,2025-10-12,2026-08-15 16:17:49
5,0,OLD,20253289,극장판 귀멸의 칼날: 무한성편,2025-08-22,243771230,6.2,-29104180,-10.7,58380933050,24287,-2748,-10.2,5399097,592,877,2025-10-12,2026-08-15 16:17:49
6,0,OLD,20254021,트론: 아레스,2025-10-08,180895600,4.6,-59713800,-24.8,1568479180,15717,-4850,-23.6,140013,722,1386,2025-10-12,2026-08-15 16:17:49
7,1,OLD,20256526,브레드이발소: 베이커리타운의 악당들,2025-09-27,105815800,2.7,4358200,4.3,2227945400,11752,528,4.7,250403,293,522,2025-10-12,2026-08-15 16:17:49
8,-1,OLD,20243864,연의 편지,2025-10-01,101378590,2.6,-7682980,-7.0,1708463140,10680,-683,-6.0,180779,423,521,2025-10-12,2026-08-15 16:17:49
9,1,OLD,20257208,개비의 매직하우스 극장판,2025-10-03,58039600,1.5,1118170,2.0,947294820,6263,181,3.0,101413,286,332,2025-10-12,2026-08-15 16:17:49
10,1,OLD,20249641,나쁜계집애: 달려라 하니,2025-10-07,45623680,1.2,-4708760,-9.4,443832330,4800,-508,-9.6,49192,414,470,2025-10-12,2026-08-15 16:17:49
1,0,OLD,20256757,극장판 체인소 맨: 레제편,2025-09-24,366407110,31.5,-740430530,-66.9,20015043500,35256,-69133,-66.2,1871883,833,2622,2025-10-13,2026-08-15 16:17:49
2,0,OLD,20228988,보스,2025-10-03,271515880,23.3,-638848500,-70.2,19950773980,28880,-64377,-69.0,2065442,921,3603,2025-10-13,2026-08-15 16:17:49
3,0,OLD,20243561,어쩔수가없다,2025-09-24,162153200,13.9,-378968220,-70.0,25963917390,17150,-37556,-68.7,2647571,823,2343,2025-10-13,2026-08-15 16:17:49
4,0,OLD,20256397,원 배틀 애프터 어나더,2025-10-01,82810540,7.1,-189919550,-69.6,3979959460,8514,-18539,-68.5,375871,552,997,2025-10-13,2026-08-15 16:17:49
5,0,OLD,20253289,극장판 귀멸의 칼날: 무한성편,2025-08-22,56802940,4.9,-186968290,-76.7,58437735990,5607,-18680,-76.9,5404704,485,740,2025-10-13,2026-08-15 16:17:49
6,0,OLD,20254021,트론: 아레스,2025-10-08,53295940,4.6,-127599660,-70.5,1621775120,4833,-10884,-69.2,144846,600,1119,2025-10-13,2026-08-15 16:17:49
7,1,OLD,20243864,연의 편지,2025-10-01,23846900,2.0,-77531690,-76.5,1732310040,2481,-8199,-76.8,183260,333,416,2025-10-13,2026-08-15 16:17:49
8,0,NEW,20257728,중간계,2025-10-15,12474000,1.1,12474000,100.0,14006000,1782,1782,100.0,1948,7,9,2025-10-13,2026-08-15 16:17:49
9,1,OLD,20249641,나쁜계집애: 달려라 하니,2025-10-07,13013400,1.1,-32610280,-71.5,456845730,1613,-3187,-66.4,50805,254,279,2025-10-13,2026-08-15 16:17:49
10,4,OLD,20244267,사람과 고기,2025-10-07,10150400,0.9,-8064100,-44.3,97794140,1181,-805,-40.5,10816,80,93,2025-10-13,2026-08-15 16:17:49
1,0,OLD,20256757,극장판 체인소 맨: 레제편,2025-09-24,335695120,30.6,-30711990,-8.4,20350738620,32531,-2725,-7.7,1904414,843,2609,2025-10-14,2026-08-15 16:17:48
2,0,OLD,20228988,보스,2025-10-03,242215340,22.1,-29300540,-10.8,20192989320,26458,-2422,-8.4,2091900,950,3510,2025-10-14,2026-08-15 16:17:48
3,0,OLD,20243561,어쩔수가없다,2025-09-24,166383690,15.2,4230490,2.6,26130301080,18030,880,5.1,2665601,865,2353,2025-10-14,2026-08-15 16:17:48
4,0,OLD,20256397,원 배틀 애프터 어나더,2025-10-01,71291070,6.5,-11519470,-13.9,4051250530,7428,-1086,-12.8,383299,558,982,2025-10-14,2026-08-15 16:17:48
5,0,OLD,20253289,극장판 귀멸의 칼날: 무한성편,2025-08-22,54307980,4.9,-2494960,-4.4,58492043970,5470,-137,-2.4,5410174,490,727,2025-10-14,2026-08-15 16:17:48
6,0,OLD,20254021,트론: 아레스,2025-10-08,55114780,5.0,1818840,3.4,1676889900,5220,387,8.0,150066,591,1075,2025-10-14,2026-08-15 16:17:48
7,0,OLD,20243864,연의 편지,2025-10-01,24255980,2.2,409080,1.7,1756566020,2719,238,9.6,185979,345,432,2025-10-14,2026-08-15 16:17:48
8,3,OLD,20242964,얼굴,2025-09-11,10829800,1.0,-211700,-1.9,10928461430,1135,-7,-0.6,1067555,219,270,2025-10-14,2026-08-15 16:17:48
9,3,OLD,20257321,그저 사고였을 뿐,2025-10-01,9404500,0.9,1439200,18.1,253185280,1022,171,20.1,25580,52,61,2025-10-14,2026-08-15 16:17:48
10,-1,OLD,20249641,나쁜계집애: 달려라 하니,2025-10-07,9259040,0.8,-3754360,-28.8,466104770,1002,-611,-37.9,51807,246,272,2025-10-14,2026-08-15 16:17:48
1,0,OLD,20256757,극장판 체인소 맨: 레제편,2025-09-24,377149830,28.3,41454710,12.3,20727888450,36619,4088,12.6,1941033,841,3006,2025-10-15,2026-08-15 16:17:48
2,0,OLD,20228988,보스,2025-10-03,228835670,17.2,-13379670,-5.5,20421824990,25127,-1331,-5.0,2117027,865,2984,2025-10-15,2026-08-15 16:17:48
3,0,OLD,20243561,어쩔수가없다,2025-09-24,154956070,11.6,-11427620,-6.9,26285257150,16965,-1065,-5.9,2682566,819,2121,2025-10-15,2026-08-15 16:17:48
4,0,NEW,20256684,웨폰,2025-10-15,113428620,8.5,113428620,100.0,116408620,12011,12011,100.0,12309,524,1283,2025-10-15,2026-08-15 16:17:48
5,0,OLD,20253289,극장판 귀멸의 칼날: 무한성편,2025-08-22,97624600,7.3,43316620,79.8,58589668570,10144,4674,85.4,5420318,494,734,2025-10-15,2026-08-15 16:17:48
6,-2,OLD,20256397,원 배틀 애프터 어나더,2025-10-01,103568320,7.8,32277250,45.3,4154818850,9209,1781,24.0,392508,588,1149,2025-10-15,2026-08-15 16:17:48
7,0,NEW,20257728,중간계,2025-10-15,27102800,2.0,27102800,100.0,41108800,4459,4459,100.0,6407,229,508,2025-10-15,2026-08-15 16:17:48
8,2,OLD,20249641,나쁜계집애: 달려라 하니,2025-10-07,24159300,1.8,14900260,160.9,490264070,3019,2017,201.3,54826,128,141,2025-10-15,2026-08-15 16:17:48
9,-3,OLD,20254021,트론: 아레스,2025-10-08,29149200,2.2,-25965580,-47.1,1706039100,3016,-2204,-42.2,153082,361,493,2025-10-15,2026-08-15 16:17:48
10,-3,OLD,20243864,연의 편지,2025-10-01,24611100,1.8,355120,1.5,1781177120,2745,26,1.0,188724,300,390,2025-10-15,2026-08-15 16:17:48
1,0,NEW,20257658,극장판 주술회전: 회옥·옥절,2025-10-16,315389280,22.7,315389280,100.0,450252510,32333,32333,100.0,44059,694,2206,2025-10-16,2026-08-15 16:17:47
2,-1,OLD,20256757,극장판 체인소 맨: 레제편,2025-09-24,292559460,21.1,-84590370,-22.4,21020447910,28390,-8229,-22.5,1969423,760,2505,2025-10-16,2026-08-15 16:17:47
3,-1,OLD,20228988,보스,2025-10-03,203409020,14.7,-25426650,-11.1,20625234010,22675,-2452,-9.8,2139702,811,2606,2025-10-16,2026-08-15 16:17:47
4,-1,OLD,20243561,어쩔수가없다,2025-09-24,144243800,10.4,-10712270,-6.9,26429500950,15898,-1067,-6.3,2698464,764,1863,2025-10-16,2026-08-15 16:17:47
5,1,OLD,20256397,원 배틀 애프터 어나더,2025-10-01,90148150,6.5,-13420170,-13.0,4244967000,7966,-1243,-13.5,400474,529,1008,2025-10-16,2026-08-15 16:17:47
6,-2,OLD,20256684,웨폰,2025-10-15,71864640,5.2,-41563980,-36.6,188273260,7514,-4497,-37.4,19823,534,1072,2025-10-16,2026-08-15 16:17:47
7,-2,OLD,20253289,극장판 귀멸의 칼날: 무한성편,2025-08-22,49221450,3.5,-48403150,-49.6,58638890020,5048,-5096,-50.2,5425366,411,568,2025-10-16,2026-08-15 16:17:47
8,-1,OLD,20257728,중간계,2025-10-15,17530100,1.3,-9572700,-35.3,58638900,3036,-1423,-31.9,9443,217,450,2025-10-16,2026-08-15 16:17:47
9,1,OLD,20243864,연의 편지,2025-10-01,20099060,1.4,-4512040,-18.3,1801276180,2277,-468,-17.0,191001,263,311,2025-10-16,2026-08-15 16:17:47
10,-1,OLD,20254021,트론: 아레스,2025-10-08,19840800,1.4,-9308400,-31.9,1725879900,2113,-903,-29.9,155195,321,407,2025-10-16,2026-08-15 16:17:47
1,1,OLD,20256757,극장판 체인소 맨: 레제편,2025-09-24,485139100,27.9,192579640,65.8,21505587010,44906,16516,58.2,2014329,812,2796,2025-10-17,2026-08-15 16:17:07
2,1,OLD,20228988,보스,2025-10-03,273686230,15.7,70277210,34.5,20898920240,29483,6808,30.0,2169185,864,2768,2025-10-17,2026-08-15 16:17:07
3,-2,OLD,20257658,극장판 주술회전: 회옥·옥절,2025-10-16,199647660,11.5,-115741620,-36.7,649900170,19390,-12943,-40.0,63449,722,2101,2025-10-17,2026-08-15 16:17:07
4,0,OLD,20243561,어쩔수가없다,2025-09-24,184050250,10.6,39806450,27.6,26613551200,19201,3303,20.8,2717665,799,1961,2025-10-17,2026-08-15 16:17:07
5,0,OLD,20256397,원 배틀 애프터 어나더,2025-10-01,125168570,7.2,35020420,38.8,4370135570,10555,2589,32.5,411029,542,1038,2025-10-17,2026-08-15 16:17:07
6,0,OLD,20256684,웨폰,2025-10-15,97901690,5.6,26037050,36.2,286174950,9677,2163,28.8,29500,551,1117,2025-10-17,2026-08-15 16:17:07
7,0,OLD,20253289,극장판 귀멸의 칼날: 무한성편,2025-08-22,74900660,4.3,25679210,52.2,58713790680,7320,2272,45.0,5432686,465,659,2025-10-17,2026-08-15 16:17:07
8,1,OLD,20243864,연의 편지,2025-10-01,42015760,2.4,21916700,109.0,1843291940,4693,2416,106.1,195694,306,355,2025-10-17,2026-08-15 16:17:07
9,1,OLD,20254021,트론: 아레스,2025-10-08,32807370,1.9,12966570,65.4,1758687270,3378,1265,59.9,158573,354,443,2025-10-17,2026-08-15 16:17:07
10,-2,OLD,20257728,중간계,2025-10-15,17253000,1.0,-277100,-1.6,75891900,2922,-114,-3.8,12365,217,426,2025-10-17,2026-08-15 16:17:07
1,0,OLD,20256757,극장판 체인소 맨: 레제편,2025-09-24,1256490720,34.4,771351620,159.0,22762077730,117489,72583,161.6,2131818,911,3386,2025-10-18,2026-08-15 16:17:07
2,0,OLD,20228988,보스,2025-10-03,483770760,13.2,210084530,76.8,21382691000,49307,19824,67.2,2218492,898,3140,2025-10-18,2026-08-15 16:17:07
3,0,OLD,20257658,극장판 주술회전: 회옥·옥절,2025-10-16,408778610,11.2,209130950,104.8,1058678780,39803,20413,105.3,103252,742,2272,2025-10-18,2026-08-15 16:17:07
4,0,OLD,20243561,어쩔수가없다,2025-09-24,351026270,9.6,166976020,90.7,26964577470,34685,15484,80.6,2752350,863,2141,2025-10-18,2026-08-15 16:17:07
5,0,OLD,20256397,원 배틀 애프터 어나더,2025-10-01,245241710,6.7,120073140,95.9,4615377280,21005,10450,99.0,432034,593,1128,2025-10-18,2026-08-15 16:17:07
6,1,OLD,20253289,극장판 귀멸의 칼날: 무한성편,2025-08-22,185407340,5.1,110506680,147.5,58899198020,18329,11009,150.4,5451015,509,773,2025-10-18,2026-08-15 16:17:07
7,-1,OLD,20256684,웨폰,2025-10-15,155525330,4.3,57623640,58.9,441700280,14902,5225,54.0,44402,568,984,2025-10-18,2026-08-15 16:17:07
8,10,OLD,20256526,브레드이발소: 베이커리타운의 악당들,2025-09-27,69910600,1.9,63989800,1080.8,2315334500,8979,8226,1092.4,261591,261,415,2025-10-18,2026-08-15 16:17:07
9,-1,OLD,20243864,연의 편지,2025-10-01,57736190,1.6,15720430,37.4,1901028130,5964,1271,27.1,201658,320,400,2025-10-18,2026-08-15 16:17:07
10,0,OLD,20257728,중간계,2025-10-15,36793800,1.0,19540800,113.3,112685700,5650,2728,93.4,18015,245,432,2025-10-18,2026-08-15 16:17:07
1,0,OLD,20256757,극장판 체인소 맨: 레제편,2025-09-24,882979450,31.3,-373511270,-29.7,23645057180,83714,-33775,-28.7,2215532,879,3249,2025-10-19,2026-08-15 16:17:06
2,0,OLD,20228988,보스,2025-10-03,389188700,13.8,-94582060,-19.6,21771879700,39677,-9630,-19.5,2258169,901,2984,2025-10-19,2026-08-15 16:17:06
3,0,OLD,20257658,극장판 주술회전: 회옥·옥절,2025-10-16,307944290,10.9,-100834320,-24.7,1366623070,30491,-9312,-23.4,133743,740,2154,2025-10-19,2026-08-15 16:17:06
4,0,OLD,20243561,어쩔수가없다,2025-09-24,255191570,9.1,-95834700,-27.3,27219769040,25582,-9103,-26.2,2777932,821,2003,2025-10-19,2026-08-15 16:17:06
5,1,OLD,20253289,극장판 귀멸의 칼날: 무한성편,2025-08-22,176273670,6.3,-9133670,-4.9,59075471690,17563,-766,-4.2,5468578,515,751,2025-10-19,2026-08-15 16:17:06
6,-1,OLD,20256397,원 배틀 애프터 어나더,2025-10-01,182302900,6.5,-62938810,-25.7,4797680180,15787,-5218,-24.8,447821,570,1020,2025-10-19,2026-08-15 16:17:06
7,0,OLD,20256684,웨폰,2025-10-15,105029910,3.7,-50495420,-32.5,546730190,10026,-4876,-32.7,54428,544,898,2025-10-19,2026-08-15 16:17:06
8,0,OLD,20256526,브레드이발소: 베이커리타운의 악당들,2025-09-27,62427600,2.2,-7483000,-10.7,2377762100,7548,-1431,-15.9,269139,252,410,2025-10-19,2026-08-15 16:17:06
9,0,NEW,20258628,이찬원 정규 2집 ‘찬란’ 청음회, ,23568000,0.8,23568000,100.0,23568000,5892,5892,100.0,5892,40,40,2025-10-19,2026-08-15 16:17:06
10,-1,OLD,20243864,연의 편지,2025-10-01,51706660,1.8,-6029530,-10.4,1952734790,5402,-562,-9.4,207060,320,404,2025-10-19,2026-08-15 16:17:06
1,0,OLD,20256757,극장판 체인소 맨: 레제편,2025-09-24,257324600,25.5,-625654850,-70.9,23902381780,25166,-58548,-69.9,2240698,787,2780,2025-10-20,2026-08-15 16:17:06
2,0,OLD,20228988,보스,2025-10-03,137742100,13.7,-251446600,-64.6,21909621800,14948,-24729,-62.3,2273117,763,2332,2025-10-20,2026-08-15 16:17:06
3,1,OLD,20243561,어쩔수가없다,2025-09-24,98882490,9.8,-156309080,-61.3,27318651530,10387,-15195,-59.4,2788319,718,1697,2025-10-20,2026-08-15 16:17:06
4,0,NEW,20258183,원 인 어 밀리언,2025-10-20,154150000,15.3,154150000,100.0,154150000,6166,6166,100.0,6166,35,74,2025-10-20,2026-08-15 16:17:06
5,-2,OLD,20257658,극장판 주술회전: 회옥·옥절,2025-10-16,57040970,5.7,-250903320,-81.5,1423664040,5742,-24749,-81.2,139485,589,1361,2025-10-20,2026-08-15 16:17:06
6,0,OLD,20256397,원 배틀 애프터 어나더,2025-10-01,51607750,5.1,-130695150,-71.7,4849287930,5006,-10781,-68.3,452827,503,892,2025-10-20,2026-08-15 16:17:06
7,20,OLD,20253852,퍼스트 라이드,2025-10-29,42102000,4.2,36130000,605.0,68932000,4678,4100,709.3,7218,30,30,2025-10-20,2026-08-15 16:17:06
8,-1,OLD,20256684,웨폰,2025-10-15,40383400,4.0,-64646510,-61.6,587113590,4071,-5955,-59.4,58499,482,757,2025-10-20,2026-08-15 16:17:06
9,-4,OLD,20253289,극장판 귀멸의 칼날: 무한성편,2025-08-22,39237500,3.9,-137036170,-77.7,59114709190,3921,-13642,-77.7,5472499,443,649,2025-10-20,2026-08-15 16:17:06
10,0,OLD,20243864,연의 편지,2025-10-01,15369440,1.5,-36337220,-70.3,1968104230,1722,-3680,-68.1,208782,260,312,2025-10-20,2026-08-15 16:17:06
1,0,OLD,20256757,극장판 체인소 맨: 레제편,2025-09-24,257842430,29.8,517830,0.2,24160224210,25047,-119,-0.5,2265745,785,2762,2025-10-21,2026-08-15 16:17:05
2,0,OLD,20228988,보스,2025-10-03,137729200,15.9,-12900,0.0,22047351000,15637,689,4.6,2288754,754,2259,2025-10-21,2026-08-15 16:17:05
3,0,OLD,20243561,어쩔수가없다,2025-09-24,97480020,11.3,-1402470,-1.4,27416131550,10287,-100,-1.0,2798606,723,1680,2025-10-21,2026-08-15 16:17:05
4,1,OLD,20257658,극장판 주술회전: 회옥·옥절,2025-10-16,50536720,5.8,-6504250,-11.4,1474200760,5073,-669,-11.7,144558,562,1235,2025-10-21,2026-08-15 16:17:05
5,4,OLD,20253289,극장판 귀멸의 칼날: 무한성편,2025-08-22,49804120,5.8,10566620,26.9,59164513310,4935,1014,25.9,5477434,450,674,2025-10-21,2026-08-15 16:17:05
6,0,OLD,20256397,원 배틀 애프터 어나더,2025-10-01,49572640,5.7,-2035110,-3.9,4898860570,4811,-195,-3.9,457638,520,887,2025-10-21,2026-08-15 16:17:05
7,1,OLD,20256684,웨폰,2025-10-15,37114700,4.3,-3268700,-8.1,624228290,3842,-229,-5.6,62341,474,764,2025-10-21,2026-08-15 16:17:05
8,2,OLD,20243864,연의 편지,2025-10-01,17678100,2.0,2308660,15.0,1985782330,1986,264,15.3,210768,275,328,2025-10-21,2026-08-15 16:17:05
9,3,OLD,20257728,중간계,2025-10-15,8562100,1.0,1551500,22.1,154238600,1493,469,45.8,24964,194,290,2025-10-21,2026-08-15 16:17:05
10,6,OLD,20236434,만남의 집,2025-10-15,9670800,1.1,5880200,155.1,88772200,1341,859,178.2,10894,78,99,2025-10-21,2026-08-15 16:17:05
1,0,OLD,20256757,극장판 체인소 맨: 레제편,2025-09-24,338626560,23.9,80784130,31.3,24498850770,40737,15690,62.6,2306482,784,2786,2025-10-22,2026-08-15 16:17:05
2,27,OLD,20257570,8번 출구,2025-10-22,256188210,18.1,251219210,5055.7,266914710,31965,31680,11115.8,32711,749,2639,2025-10-22,2026-08-15 16:17:05
3,0,NEW,20090284,코렐라인,2009-05-21,124155100,8.8,124155100,100.0,1568313100,16440,16440,100.0,236751,263,603,2025-10-22,2026-08-15 16:17:05
4,-2,OLD,20228988,보스,2025-10-03,131062400,9.3,-6666800,-4.8,22178413400,16431,794,5.1,2305185,734,1955,2025-10-22,2026-08-15 16:17:05
5,-2,OLD,20243561,어쩔수가없다,2025-09-24,106871840,7.6,9391820,9.6,27523003390,12982,2695,26.2,2811588,675,1444,2025-10-22,2026-08-15 16:17:05
6,-2,OLD,20257658,극장판 주술회전: 회옥·옥절,2025-10-16,77820700,5.5,27283980,54.0,1552021460,10042,4969,97.9,154600,546,1019,2025-10-22,2026-08-15 16:17:05
7,-1,OLD,20256397,원 배틀 애프터 어나더,2025-10-01,58600210,4.1,9027570,18.2,4957460780,6821,2010,41.8,464459,450,651,2025-10-22,2026-08-15 16:17:05
8,-3,OLD,20253289,극장판 귀멸의 칼날: 무한성편,2025-08-22,53348640,3.8,3544520,7.1,59217861950,6592,1657,33.6,5484026,438,572,2025-10-22,2026-08-15 16:17:05
9,17,OLD,20247429,세계의 주인,2025-10-22,31599250,2.2,27364150,646.1,48546350,4241,3926,1246.3,5936,358,501,2025-10-22,2026-08-15 16:17:05
10,10,OLD,20253852,퍼스트 라이드,2025-10-29,25874000,1.8,21564000,500.3,99116000,2856,2425,562.6,10505,13,15,2025-10-22,2026-08-15 16:17:05
1,0,OLD,20256757,극장판 체인소 맨: 레제편,2025-09-24,241330960,22.3,-97295600,-28.7,24740181730,24050,-16687,-41.0,2330532,755,2660,2025-10-23,2026-08-15 16:17:04
2,0,OLD,20257570,8번 출구,2025-10-22,159861580,14.8,-96326630,-37.6,426776290,16219,-15746,-49.3,48930,705,2386,2025-10-23,2026-08-15 16:17:04
3,1,OLD,20228988,보스,2025-10-03,126892300,11.7,-4170100,-3.2,22305305700,14419,-2012,-12.2,2319604,695,1884,2025-10-23,2026-08-15 16:17:04
4,1,OLD,20243561,어쩔수가없다,2025-09-24,90234690,8.3,-16637150,-15.6,27613238080,9783,-3199,-24.6,2821371,646,1427,2025-10-23,2026-08-15 16:17:04
5,-2,OLD,20090284,코렐라인,2009-05-21,72261600,6.7,-51893500,-41.8,1640574700,7459,-8981,-54.6,244210,272,642,2025-10-23,2026-08-15 16:17:04
6,1,OLD,20256397,원 배틀 애프터 어나더,2025-10-01,44460020,4.1,-14140190,-24.1,5001920800,4453,-2368,-34.7,468912,419,617,2025-10-23,2026-08-15 16:17:04
7,1,OLD,20253289,극장판 귀멸의 칼날: 무한성편,2025-08-22,42922440,4.0,-10426200,-19.5,59260784390,4340,-2252,-34.2,5488366,432,590,2025-10-23,2026-08-15 16:17:04
8,-2,OLD,20257658,극장판 주술회전: 회옥·옥절,2025-10-16,40296000,3.7,-37524700,-48.2,1592317460,4140,-5902,-58.8,158740,495,866,2025-10-23,2026-08-15 16:17:04
9,0,OLD,20247429,세계의 주인,2025-10-22,25751540,2.4,-5847710,-18.5,74297890,2912,-1329,-31.3,8848,335,469,2025-10-23,2026-08-15 16:17:04
10,0,NEW,20259028,에이티즈 에이 투 지 온 스크린,2025-10-23,19530000,1.8,19530000,100.0,19530000,1953,1953,100.0,1953,12,24,2025-10-23,2026-08-15 16:17:04
1,0,OLD,20256757,극장판 체인소 맨: 레제편,2025-09-24,438226560,26.0,196895600,81.6,25178408290,40585,16535,68.8,2371117,831,3105,2025-10-24,2026-08-15 16:17:04
2,0,OLD,20257570,8번 출구,2025-10-22,267570660,15.9,107709080,67.4,694346950,26285,10066,62.1,75215,740,2511,2025-10-24,2026-08-15 16:17:04
3,0,OLD,20228988,보스,2025-10-03,157524540,9.3,30632240,24.1,22462830240,16861,2442,16.9,2336465,716,1931,2025-10-24,2026-08-15 16:17:04
4,0,OLD,20243561,어쩔수가없다,2025-09-24,120635900,7.2,30401210,33.7,27733873980,12310,2527,25.8,2833681,680,1504,2025-10-24,2026-08-15 16:17:04
5,0,OLD,20090284,코렐라인,2009-05-21,104236000,6.2,31974400,44.2,1744810700,10167,2708,36.3,254377,288,736,2025-10-24,2026-08-15 16:17:04
6,2,OLD,20257658,극장판 주술회전: 회옥·옥절,2025-10-16,63281640,3.8,22985640,57.0,1655599100,6314,2174,52.5,165054,534,981,2025-10-24,2026-08-15 16:17:04
7,0,OLD,20253289,극장판 귀멸의 칼날: 무한성편,2025-08-22,64672760,3.8,21750320,50.7,59325457150,6273,1933,44.5,5494639,446,609,2025-10-24,2026-08-15 16:17:04
8,-2,OLD,20256397,원 배틀 애프터 어나더,2025-10-01,65933420,3.9,21473400,48.3,5067854220,5932,1479,33.2,474844,444,648,2025-10-24,2026-08-15 16:17:04
9,0,OLD,20247429,세계의 주인,2025-10-22,50533340,3.0,24781800,96.2,124831230,5459,2547,87.5,14307,351,494,2025-10-24,2026-08-15 16:17:04
10,0,NEW,20258681,후지모토 타츠키 17-26 파트 1,2025-10-24,28484300,1.7,28484300,100.0,28484300,2596,2596,100.0,2596,20,36,2025-10-24,2026-08-15 16:17:04
1,0,OLD,20256757,극장판 체인소 맨: 레제편,2025-09-24,1177289660,34.4,739063100,168.6,26355697950,108873,68288,168.3,2479990,932,3687,2025-10-25,2026-08-15 16:17:03
2,0,OLD,20257570,8번 출구,2025-10-22,589221670,17.2,321651010,120.2,1283568620,57533,31248,118.9,132748,781,2794,2025-10-25,2026-08-15 16:17:03
3,2,OLD,20090284,코렐라인,2009-05-21,245522500,7.2,141286500,135.5,1990333200,24217,14050,138.2,278594,318,962,2025-10-25,2026-08-15 16:17:03
4,-1,OLD,20228988,보스,2025-10-03,222988900,6.5,65464360,41.6,22685819140,22632,5771,34.2,2359097,760,2092,2025-10-25,2026-08-15 16:17:03
5,-1,OLD,20243561,어쩔수가없다,2025-09-24,191258600,5.6,70622700,58.5,27925132580,19102,6792,55.2,2852783,752,1645,2025-10-25,2026-08-15 16:17:03
6,1,OLD,20253289,극장판 귀멸의 칼날: 무한성편,2025-08-22,203946020,6.0,139273260,215.4,59529403170,18511,12238,195.1,5513150,500,759,2025-10-25,2026-08-15 16:17:03
7,-1,OLD,20257658,극장판 주술회전: 회옥·옥절,2025-10-16,146406120,4.3,83124480,131.4,1802005220,14661,8347,132.2,179715,598,1215,2025-10-25,2026-08-15 16:17:03
8,0,OLD,20256397,원 배틀 애프터 어나더,2025-10-01,116560000,3.4,50626580,76.8,5184414220,10487,4555,76.8,485331,477,705,2025-10-25,2026-08-15 16:17:03
9,0,OLD,20247429,세계의 주인,2025-10-22,80621700,2.4,30088360,59.5,205452930,8143,2684,49.2,22450,352,454,2025-10-25,2026-08-15 16:17:03
10,1,OLD,20256684,웨폰,2025-10-15,41323460,1.2,15306060,58.8,730302350,3962,1479,59.6,73110,295,362,2025-10-25,2026-08-15 16:17:03
1,0,OLD,20256757,극장판 체인소 맨: 레제편,2025-09-24,753238870,27.4,-424050790,-36.0,27108936820,70211,-38662,-35.5,2550201,899,3477,2025-10-26,2026-08-15 16:17:02
2,0,OLD,20257570,8번 출구,2025-10-22,542884630,19.7,-46337040,-7.9,1826453250,53355,-4178,-7.3,186103,764,2691,2025-10-26,2026-08-15 16:17:02
3,0,OLD,20090284,코렐라인,2009-05-21,241483800,8.8,-4038700,-1.6,2231817000,23744,-473,-2.0,302338,316,948,2025-10-26,2026-08-15 16:17:02
4,0,OLD,20228988,보스,2025-10-03,190446860,6.9,-32542040,-14.6,22876266000,19345,-3287,-14.5,2378442,736,1959,2025-10-26,2026-08-15 16:17:02
5,1,OLD,20253289,극장판 귀멸의 칼날: 무한성편,2025-08-22,184720270,6.7,-19225750,-9.4,59714123440,17071,-1440,-7.8,5530221,499,739,2025-10-26,2026-08-15 16:17:02
6,-1,OLD,20243561,어쩔수가없다,2025-09-24,157223190,5.7,-34035410,-17.8,28082355770,16190,-2912,-15.2,2868973,714,1544,2025-10-26,2026-08-15 16:17:02
7,0,OLD,20257658,극장판 주술회전: 회옥·옥절,2025-10-16,126841160,4.6,-19564960,-13.4,1928846380,12767,-1894,-12.9,192482,617,1186,2025-10-26,2026-08-15 16:17:02
8,0,OLD,20256397,원 배틀 애프터 어나더,2025-10-01,91406320,3.3,-25153680,-21.6,5275820540,8517,-1970,-18.8,493848,447,638,2025-10-26,2026-08-15 16:17:02
9,0,OLD,20247429,세계의 주인,2025-10-22,82074150,3.0,1452450,1.8,287527080,8274,131,1.6,30724,357,457,2025-10-26,2026-08-15 16:17:02
10,1,OLD,20256526,브레드이발소: 베이커리타운의 악당들,2025-09-27,30060200,1.1,4844200,19.2,2442418700,3192,508,18.9,276229,181,263,2025-10-26,2026-08-15 16:17:02
1,0,OLD,20256757,극장판 체인소 맨: 레제편,2025-09-24,219162430,24.7,-534076440,-70.9,27328099250,21108,-49103,-69.9,2571309,773,2776,2025-10-27,2026-08-15 16:17:02
2,0,OLD,20257570,8번 출구,2025-10-22,134281250,15.1,-408603380,-75.3,1960734500,13532,-39823,-74.6,199635,663,2071,2025-10-27,2026-08-15 16:17:02
3,1,OLD,20228988,보스,2025-10-03,77397720,8.7,-113049140,-59.4,22953663720,8434,-10911,-56.4,2386876,606,1520,2025-10-27,2026-08-15 16:17:02
4,2,OLD,20243561,어쩔수가없다,2025-09-24,71851310,8.1,-85371880,-54.3,28154207080,7749,-8441,-52.1,2876722,635,1351,2025-10-27,2026-08-15 16:17:02
5,-2,OLD,20090284,코렐라인,2009-05-21,56780100,6.4,-184703700,-76.5,2288597100,5718,-18026,-75.9,308056,243,728,2025-10-27,2026-08-15 16:17:02
6,0,NEW,20253852,퍼스트 라이드,2025-10-29,36972000,4.2,36972000,100.0,154859900,4108,4108,100.0,16005,17,17,2025-10-27,2026-08-15 16:17:02
7,2,OLD,20247429,세계의 주인,2025-10-22,37595360,4.2,-44478790,-54.2,325122440,3990,-4284,-51.8,34714,342,491,2025-10-27,2026-08-15 16:17:02
8,-3,OLD,20253289,극장판 귀멸의 칼날: 무한성편,2025-08-22,33119500,3.7,-151600770,-82.1,59747242940,3343,-13728,-80.4,5533564,412,587,2025-10-27,2026-08-15 16:17:02
9,-1,OLD,20256397,원 배틀 애프터 어나더,2025-10-01,32523400,3.7,-58882920,-64.4,5308343940,3154,-5363,-63.0,497002,410,562,2025-10-27,2026-08-15 16:17:02
10,-3,OLD,20257658,극장판 주술회전: 회옥·옥절,2025-10-16,25801350,2.9,-101039810,-79.7,1954647730,2627,-10140,-79.4,195109,412,676,2025-10-27,2026-08-15 16:17:02
1,0,OLD,20256757,극장판 체인소 맨: 레제편,2025-09-24,215131520,23.7,-4030910,-1.8,27543230770,20366,-742,-3.5,2591675,791,2775,2025-10-28,2026-08-15 16:17:01
2,0,OLD,20257570,8번 출구,2025-10-22,126446920,13.9,-7834330,-5.8,2087181420,12818,-714,-5.3,212453,673,2031,2025-10-28,2026-08-15 16:17:01
3,1,OLD,20243561,어쩔수가없다,2025-09-24,77865760,8.6,6014450,8.4,28232072840,8555,806,10.4,2885277,651,1354,2025-10-28,2026-08-15 16:17:01
4,-1,OLD,20228988,보스,2025-10-03,70759300,7.8,-6638420,-8.6,23024423020,8020,-414,-4.9,2394896,623,1464,2025-10-28,2026-08-15 16:17:01
5,0,OLD,20090284,코렐라인,2009-05-21,54874600,6.0,-1905500,-3.4,2343471700,5588,-130,-2.3,313644,251,729,2025-10-28,2026-08-15 16:17:01
6,0,OLD,20253852,퍼스트 라이드,2025-10-29,52040000,5.7,15068000,40.8,206899900,5214,1106,26.9,21219,27,27,2025-10-28,2026-08-15 16:17:01
7,0,OLD,20247429,세계의 주인,2025-10-22,46645940,5.1,9050580,24.1,371768380,4944,954,23.9,39658,358,521,2025-10-28,2026-08-15 16:17:01
8,1,OLD,20256397,원 배틀 애프터 어나더,2025-10-01,36704800,4.0,4181400,12.9,5345048740,3544,390,12.4,500546,420,576,2025-10-28,2026-08-15 16:17:01
9,-1,OLD,20253289,극장판 귀멸의 칼날: 무한성편,2025-08-22,33717100,3.7,597600,1.8,59780960040,3410,67,2.0,5536974,416,593,2025-10-28,2026-08-15 16:17:01
10,0,OLD,20257658,극장판 주술회전: 회옥·옥절,2025-10-16,25280970,2.8,-520380,-2.0,1979928700,2575,-52,-2.0,197684,421,654,2025-10-28,2026-08-15 16:17:01
1,5,OLD,20253852,퍼스트 라이드,2025-10-29,633628240,36.1,581588240,1117.6,840528140,82690,77476,1485.9,103909,1227,4530,2025-10-29,2026-08-15 16:17:00
2,-1,OLD,20256757,극장판 체인소 맨: 레제편,2025-09-24,297225150,16.9,82093630,38.2,27840455920,37025,16659,81.8,2628700,709,2369,2025-10-29,2026-08-15 16:17:00
3,-1,OLD,20257570,8번 출구,2025-10-22,129864900,7.4,3417980,2.7,2217046320,16968,4150,32.4,229421,617,1231,2025-10-29,2026-08-15 16:17:00
4,1,OLD,20090284,코렐라인,2009-05-21,82426700,4.7,27552100,50.2,2425898400,10984,5396,96.6,324628,231,543,2025-10-29,2026-08-15 16:17:00
5,-2,OLD,20243561,어쩔수가없다,2025-09-24,60252900,3.4,-17612860,-22.6,28292325740,7589,-966,-11.3,2892866,486,721,2025-10-29,2026-08-15 16:17:00
6,-2,OLD,20228988,보스,2025-10-03,51150270,2.9,-19609030,-27.7,23075573290,6833,-1187,-14.8,2401729,476,737,2025-10-29,2026-08-15 16:17:00
7,36,OLD,20257795,베이비걸,2025-10-29,38626190,2.2,37190190,2589.8,43968190,5865,5745,4787.5,6419,157,450,2025-10-29,2026-08-15 16:17:00
8,1,OLD,20253289,극장판 귀멸의 칼날: 무한성편,2025-08-22,47616000,2.7,13898900,41.2,59828576040,5833,2423,71.1,5542807,345,416,2025-10-29,2026-08-15 16:17:00
9,-2,OLD,20247429,세계의 주인,2025-10-22,40234100,2.3,-6411840,-13.7,412002480,5129,185,3.7,44787,209,249,2025-10-29,2026-08-15 16:17:00
10,0,NEW,20258001,지드래곤 인 시네마 [위버맨쉬],2025-10-29,130040000,7.4,130040000,100.0,135040000,4859,4859,100.0,5059,86,305,2025-10-29,2026-08-15 16:17:00
1,0,OLD,20253852,퍼스트 라이드,2025-10-29,310048940,28.4,-323579300,-51.1,1150577080,34118,-48572,-58.7,138027,1151,4095,2025-10-30,2026-08-15 16:17:00
2,0,OLD,20256757,극장판 체인소 맨: 레제편,2025-09-24,178564760,16.4,-118660390,-39.9,28019020680,17962,-19063,-51.5,2646662,651,2296,2025-10-30,2026-08-15 16:17:00
3,0,OLD,20257570,8번 출구,2025-10-22,87169090,8.0,-42695810,-32.9,2304215410,8861,-8107,-47.8,238282,582,1154,2025-10-30,2026-08-15 16:17:00
4,2,OLD,20228988,보스,2025-10-03,51443700,4.7,293430,0.6,23127016990,6382,-451,-6.6,2408111,452,671,2025-10-30,2026-08-15 16:17:00
5,0,OLD,20243561,어쩔수가없다,2025-09-24,46091300,4.2,-14161600,-23.5,28338417040,5147,-2442,-32.2,2898013,483,695,2025-10-30,2026-08-15 16:17:00
6,-2,OLD,20090284,코렐라인,2009-05-21,46256200,4.2,-36170500,-43.9,2472154600,4661,-6323,-57.6,329289,207,474,2025-10-30,2026-08-15 16:17:00
7,117,OLD,20257456,말할 수 없는 비밀: 마지막 챕터,2025-10-30,20361800,1.9,20355800,339263.3,22509800,3606,3605,360500.0,3845,158,310,2025-10-30,2026-08-15 16:17:00
8,1,OLD,20247429,세계의 주인,2025-10-22,30729440,2.8,-9504660,-23.6,442731920,3114,-2015,-39.3,47901,212,256,2025-10-30,2026-08-15 16:17:00
9,-1,OLD,20253289,극장판 귀멸의 칼날: 무한성편,2025-08-22,25616400,2.3,-21999600,-46.2,59854192440,2636,-3197,-54.8,5545443,316,378,2025-10-30,2026-08-15 16:17:00
10,2,OLD,20257658,극장판 주술회전: 회옥·옥절,2025-10-16,22682950,2.1,-5411550,-19.3,2030706150,2342,-1238,-34.6,203606,250,315,2025-10-30,2026-08-15 16:17:00
1,0,OLD,20253852,퍼스트 라이드,2025-10-29,456737480,27.4,146688540,47.3,1607314560,48470,14352,42.1,186497,1142,4217,2025-10-31,2026-08-15 16:16:59
2,0,OLD,20256757,극장판 체인소 맨: 레제편,2025-09-24,298580890,17.9,120016130,67.2,28317601570,28392,10430,58.1,2675054,712,2449,2025-10-31,2026-08-15 16:16:59
3,0,OLD,20257570,8번 출구,2025-10-22,158951570,9.5,71782480,82.3,2463166980,15494,6633,74.9,253776,599,1317,2025-10-31,2026-08-15 16:16:59
4,2,OLD,20090284,코렐라인,2009-05-21,87658100,5.3,41401900,89.5,2559812700,8013,3352,71.9,337302,230,480,2025-10-31,2026-08-15 16:16:59
5,0,NEW,20259058,신세기 에반게리온 극장판 사도신생,2025-10-31,76226700,4.6,76226700,100.0,76226700,7066,7066,100.0,7066,180,349,2025-10-31,2026-08-15 16:16:59
6,-1,OLD,20243561,어쩔수가없다,2025-09-24,65343050,3.9,19251750,41.8,28403760090,7062,1915,37.2,2905075,467,696,2025-10-31,2026-08-15 16:16:59
7,0,NEW,20259147,케이팝 데몬 헌터스,2025-10-31,82401300,4.9,82401300,100.0,82401300,7013,7013,100.0,7013,123,498,2025-10-31,2026-08-15 16:16:59
8,-4,OLD,20228988,보스,2025-10-03,40382000,2.4,-11061700,-21.5,23167398990,4495,-1887,-29.6,2412606,445,651,2025-10-31,2026-08-15 16:16:59
9,0,OLD,20253289,극장판 귀멸의 칼날: 무한성편,2025-08-22,43912570,2.6,18296170,71.4,59898105010,4306,1670,63.4,5549749,341,420,2025-10-31,2026-08-15 16:16:59
10,-2,OLD,20247429,세계의 주인,2025-10-22,42808200,2.6,12078760,39.3,485540120,4020,906,29.1,51921,225,292,2025-10-31,2026-08-15 16:16:59
1,0,OLD,20253852,퍼스트 라이드,2025-10-29,936309230,28.3,479571750,105.0,2543623790,96313,47843,98.7,282810,1166,4674,2025-11-01,2026-08-15 16:16:58
2,0,OLD,20256757,극장판 체인소 맨: 레제편,2025-09-24,728896500,22.0,430315610,144.1,29046498070,69058,40666,143.2,2744112,817,2896,2025-11-01,2026-08-15 16:16:58
3,0,OLD,20257570,8번 출구,2025-10-22,377109140,11.4,218157570,137.2,2840276120,37319,21825,140.9,291095,707,1738,2025-11-01,2026-08-15 16:16:58
4,3,OLD,20259147,케이팝 데몬 헌터스,2025-10-31,201263900,6.1,118862600,144.2,283665200,17578,10565,150.6,24591,143,519,2025-11-01,2026-08-15 16:16:58
5,-1,OLD,20090284,코렐라인,2009-05-21,163411100,4.9,75753000,86.4,2723223800,16020,8007,99.9,353322,257,594,2025-11-01,2026-08-15 16:16:58
6,3,OLD,20253289,극장판 귀멸의 칼날: 무한성편,2025-08-22,138077050,4.2,94164480,214.4,60036182060,12536,8230,191.1,5562285,429,546,2025-11-01,2026-08-15 16:16:58
7,-1,OLD,20243561,어쩔수가없다,2025-09-24,74310310,2.2,8967260,13.7,28478070400,7549,487,6.9,2912624,474,699,2025-11-01,2026-08-15 16:16:58
8,2,OLD,20247429,세계의 주인,2025-10-22,72902600,2.2,30094400,70.3,558442720,7102,3082,76.7,59023,274,368,2025-11-01,2026-08-15 16:16:58
9,3,OLD,20257658,극장판 주술회전: 회옥·옥절,2025-10-16,56422370,1.7,30853060,120.7,2112697830,5811,3205,123.0,212023,310,411,2025-11-01,2026-08-15 16:16:58
10,1,OLD,20256397,원 배틀 애프터 어나더,2025-10-01,47356760,1.4,18141160,62.1,5474800500,4727,1606,51.5,514639,234,303,2025-11-01,2026-08-15 16:16:58
1,0,OLD,20253852,퍼스트 라이드,2025-10-29,838264300,30.1,-98044930,-10.5,3381888090,85993,-10320,-10.7,368803,1125,4399,2025-11-02,2026-08-15 16:16:58
2,0,OLD,20256757,극장판 체인소 맨: 레제편,2025-09-24,520588830,18.7,-208307670,-28.6,29567086900,50009,-19049,-27.6,2794121,773,2804,2025-11-02,2026-08-15 16:16:58
3,0,OLD,20257570,8번 출구,2025-10-22,322913450,11.6,-54195690,-14.4,3163189570,31903,-5416,-14.5,322998,710,1656,2025-11-02,2026-08-15 16:16:58
4,1,OLD,20090284,코렐라인,2009-05-21,153603100,5.5,-9808000,-6.0,2876826900,15188,-832,-5.2,368510,250,590,2025-11-02,2026-08-15 16:16:58
5,-1,OLD,20259147,케이팝 데몬 헌터스,2025-10-31,174947700,6.3,-26316200,-13.1,458612900,14584,-2994,-17.0,39175,137,498,2025-11-02,2026-08-15 16:16:58
6,0,OLD,20253289,극장판 귀멸의 칼날: 무한성편,2025-08-22,126075270,4.5,-12001780,-8.7,60162257330,11991,-545,-4.3,5574276,427,531,2025-11-02,2026-08-15 16:16:58
7,0,OLD,20243561,어쩔수가없다,2025-09-24,70681670,2.5,-3628640,-4.9,28548752070,7272,-277,-3.7,2919896,472,683,2025-11-02,2026-08-15 16:16:58
8,0,OLD,20247429,세계의 주인,2025-10-22,67228050,2.4,-5674550,-7.8,625670770,6604,-498,-7.0,65627,276,368,2025-11-02,2026-08-15 16:16:58
9,0,OLD,20257658,극장판 주술회전: 회옥·옥절,2025-10-16,58683630,2.1,2261260,4.0,2171381460,5876,65,1.1,217899,329,424,2025-11-02,2026-08-15 16:16:58
10,2,OLD,20228988,보스,2025-10-03,38183460,1.4,-2326440,-5.7,23246092350,3896,-244,-5.9,2420642,423,601,2025-11-02,2026-08-15 16:16:58
1,0,OLD,20253852,퍼스트 라이드,2025-10-29,230382360,29.2,-607881940,-72.5,3612270450,25178,-60815,-70.7,393981,1006,3450,2025-11-03,2026-08-15 16:16:57
2,0,OLD,20256757,극장판 체인소 맨: 레제편,2025-09-24,160946980,20.4,-359641850,-69.1,29728033880,16125,-33884,-67.8,2810246,644,2284,2025-11-03,2026-08-15 16:16:57
3,0,OLD,20257570,8번 출구,2025-10-22,75332400,9.5,-247581050,-76.7,3238521970,7662,-24241,-76.0,330660,587,1240,2025-11-03,2026-08-15 16:16:57
4,0,OLD,20090284,코렐라인,2009-05-21,36373000,4.6,-117230100,-76.3,2913199900,3699,-11489,-75.6,372209,208,472,2025-11-03,2026-08-15 16:16:57
5,3,OLD,20247429,세계의 주인,2025-10-22,33111460,4.2,-34116590,-50.7,658782230,3454,-3150,-47.7,69081,286,413,2025-11-03,2026-08-15 16:16:57
6,1,OLD,20243561,어쩔수가없다,2025-09-24,26929720,3.4,-43751950,-61.9,28575681790,2866,-4406,-60.6,2922762,412,576,2025-11-03,2026-08-15 16:16:57
7,-1,OLD,20253289,극장판 귀멸의 칼날: 무한성편,2025-08-22,24136000,3.1,-101939270,-80.9,60186393330,2470,-9521,-79.4,5576746,359,455,2025-11-03,2026-08-15 16:16:57
8,2,OLD,20228988,보스,2025-10-03,19420000,2.5,-18763460,-49.1,23265512350,2158,-1738,-44.6,2422800,351,484,2025-11-03,2026-08-15 16:16:57
9,2,OLD,20256397,원 배틀 애프터 어나더,2025-10-01,14138500,1.8,-21801800,-60.7,5524879300,1478,-2116,-58.9,519711,201,261,2025-11-03,2026-08-15 16:16:57
10,4,OLD,20225855,하얀 차를 탄 여자,2025-10-29,12384200,1.6,-17181400,-58.1,145309580,1329,-1723,-56.5,15816,306,395,2025-11-03,2026-08-15 16:16:57
1,0,OLD,20253852,퍼스트 라이드,2025-10-29,215344100,28.4,-15038260,-6.5,3827614550,23992,-1186,-4.7,417973,1017,3438,2025-11-04,2026-08-15 16:16:56
2,0,OLD,20256757,극장판 체인소 맨: 레제편,2025-09-24,145836700,19.2,-15110280,-9.4,29873870580,14654,-1471,-9.1,2824900,630,2218,2025-11-04,2026-08-15 16:16:56
3,0,OLD,20257570,8번 출구,2025-10-22,73732100,9.7,-1600300,-2.1,3312254070,7718,56,0.7,338378,571,1218,2025-11-04,2026-08-15 16:16:56
4,1,OLD,20247429,세계의 주인,2025-10-22,33095100,4.4,-16360,0.0,691877330,3507,53,1.5,72588,287,413,2025-11-04,2026-08-15 16:16:56
5,-1,OLD,20090284,코렐라인,2009-05-21,34029000,4.5,-2344000,-6.4,2947228900,3485,-214,-5.8,375694,208,463,2025-11-04,2026-08-15 16:16:56
6,0,OLD,20243561,어쩔수가없다,2025-09-24,25282360,3.3,-1647360,-6.1,28600964150,2639,-227,-7.9,2925401,397,554,2025-11-04,2026-08-15 16:16:56
7,0,OLD,20253289,극장판 귀멸의 칼날: 무한성편,2025-08-22,24007300,3.2,-128700,-0.5,60210400630,2438,-32,-1.3,5579184,341,440,2025-11-04,2026-08-15 16:16:56
8,0,OLD,20228988,보스,2025-10-03,17947700,2.4,-1472300,-7.6,23283460050,2003,-155,-7.2,2424803,344,463,2025-11-04,2026-08-15 16:16:56
9,1,OLD,20225855,하얀 차를 탄 여자,2025-10-29,17127900,2.3,4743700,38.3,162437480,1747,418,31.5,17563,304,400,2025-11-04,2026-08-15 16:16:56
10,-1,OLD,20256397,원 배틀 애프터 어나더,2025-10-01,15017500,2.0,879000,6.2,5539896800,1551,73,4.9,521262,189,246,2025-11-04,2026-08-15 16:16:56
1,0,NEW,20254375,프레데터: 죽음의 땅,2025-11-05,342976290,24.0,342976290,100.0,368377290,34746,34746,100.0,36427,952,3456,2025-11-05,2026-08-15 16:16:56
2,0,OLD,20256757,극장판 체인소 맨: 레제편,2025-09-24,254710540,17.8,108873840,74.7,30128581120,24605,9951,67.9,2849505,642,1738,2025-11-05,2026-08-15 16:16:56
3,-2,OLD,20253852,퍼스트 라이드,2025-10-29,207468280,14.5,-7875820,-3.7,4035082830,22418,-1574,-6.6,440391,772,2137,2025-11-05,2026-08-15 16:16:56
4,0,NEW,20256320,부고니아,2025-11-05,85688870,6.0,85688870,100.0,104779870,9092,9092,100.0,11191,518,1143,2025-11-05,2026-08-15 16:16:56
5,-2,OLD,20257570,8번 출구,2025-10-22,66406100,4.6,-7326000,-9.9,3378660170,7033,-685,-8.9,345411,483,748,2025-11-05,2026-08-15 16:16:56
6,20,OLD,20253340,구원자,2025-11-05,51397100,3.6,48796100,1876.1,61939100,5939,5650,1955.0,7051,498,982,2025-11-05,2026-08-15 16:16:56
7,0,NEW,20257361,난징사진관,2025-11-05,41456800,2.9,41456800,100.0,52778600,4585,4585,100.0,5765,272,358,2025-11-05,2026-08-15 16:16:56
8,0,NEW,20010083,반지의 제왕 : 반지원정대,2001-12-31,56491460,4.0,56491460,100.0,488751500,3845,3845,100.0,39470,11,49,2025-11-05,2026-08-15 16:16:56
9,0,NEW,20258311,엄마를 버리러 갑니다,2025-11-05,29553800,2.1,29553800,100.0,34684800,3401,3401,100.0,4134,155,308,2025-11-05,2026-08-15 16:16:56
10,0,NEW,20247693,위키드,2024-11-20,28532900,2.0,28532900,100.0,22216605450,3121,3121,100.0,2249769,151,350,2025-11-05,2026-08-15 16:16:56
1,0,OLD,20254375,프레데터: 죽음의 땅,2025-11-05,246301070,24.8,-96675220,-28.2,614678360,24592,-10154,-29.2,61019,933,3396,2025-11-06,2026-08-15 16:16:55
2,1,OLD,20253852,퍼스트 라이드,2025-10-29,158633430,16.0,-48834850,-23.5,4193716260,17487,-4931,-22.0,457878,766,2100,2025-11-06,2026-08-15 16:16:55
3,-1,OLD,20256757,극장판 체인소 맨: 레제편,2025-09-24,150868610,15.2,-103841930,-40.8,30279449730,14755,-9850,-40.0,2864260,625,1707,2025-11-06,2026-08-15 16:16:55
4,1,OLD,20257570,8번 출구,2025-10-22,56502600,5.7,-9903500,-14.9,3435162770,5908,-1125,-16.0,351319,500,787,2025-11-06,2026-08-15 16:16:55
5,-1,OLD,20256320,부고니아,2025-11-05,56319600,5.7,-29369270,-34.3,161099470,5895,-3197,-35.2,17086,498,1001,2025-11-06,2026-08-15 16:16:55
6,0,OLD,20253340,구원자,2025-11-05,32889800,3.3,-18507300,-36.0,94828900,3755,-2184,-36.8,10806,453,840,2025-11-06,2026-08-15 16:16:55
7,0,OLD,20257361,난징사진관,2025-11-05,27471300,2.8,-13985500,-33.7,80249900,3023,-1562,-34.1,8788,268,352,2025-11-06,2026-08-15 16:16:55
8,2,OLD,20247693,위키드,2024-11-20,21343900,2.1,-7189000,-25.2,22237949350,2356,-765,-24.5,2252125,147,310,2025-11-06,2026-08-15 16:16:55
9,0,OLD,20258311,엄마를 버리러 갑니다,2025-11-05,19356800,1.9,-10197000,-34.5,54041600,2282,-1119,-32.9,6416,156,318,2025-11-06,2026-08-15 16:16:55
10,2,OLD,20247429,세계의 주인,2025-10-22,20996660,2.1,-2440490,-10.4,736311140,2215,-270,-10.9,77288,202,249,2025-11-06,2026-08-15 16:16:55
1,0,OLD,20254375,프레데터: 죽음의 땅,2025-11-05,358590340,25.8,112289270,45.6,973268700,34221,9629,39.2,95240,953,3501,2025-11-07,2026-08-15 16:16:54
2,0,OLD,20253852,퍼스트 라이드,2025-10-29,238580850,17.1,79947420,50.4,4432297110,25884,8397,48.0,483762,862,2445,2025-11-07,2026-08-15 16:16:54
3,0,OLD,20256757,극장판 체인소 맨: 레제편,2025-09-24,220769540,15.9,69900930,46.3,30500219270,20812,6057,41.1,2885072,709,1984,2025-11-07,2026-08-15 16:16:54
4,0,OLD,20257570,8번 출구,2025-10-22,86167700,6.2,29665100,52.5,3521330470,8576,2668,45.2,359895,550,944,2025-11-07,2026-08-15 16:16:54
5,0,OLD,20256320,부고니아,2025-11-05,63640500,4.6,7320900,13.0,224739970,6381,486,8.2,23467,510,996,2025-11-07,2026-08-15 16:16:54
6,0,OLD,20253340,구원자,2025-11-05,34410650,2.5,1520850,4.6,129239550,3831,76,2.0,14637,448,857,2025-11-07,2026-08-15 16:16:54
7,3,OLD,20247429,세계의 주인,2025-10-22,34715500,2.5,13718840,65.3,771026640,3396,1181,53.3,80684,218,276,2025-11-07,2026-08-15 16:16:54
8,3,OLD,20090284,코렐라인,2009-05-21,31394500,2.3,12394400,65.2,3023430600,3072,1141,59.1,383305,197,308,2025-11-07,2026-08-15 16:16:54
9,-1,OLD,20247693,위키드,2024-11-20,27085200,1.9,5741300,26.9,22265034550,2959,603,25.6,2255084,153,336,2025-11-07,2026-08-15 16:16:54
10,-3,OLD,20257361,난징사진관,2025-11-05,26222300,1.9,-1249000,-4.5,106472200,2881,-142,-4.7,11669,260,333,2025-11-07,2026-08-15 16:16:54
1,0,OLD,20254375,프레데터: 죽음의 땅,2025-11-05,754608500,25.5,396018160,110.4,1727877200,70867,36646,107.1,166107,949,3692,2025-11-08,2026-08-15 16:16:53
2,1,OLD,20256757,극장판 체인소 맨: 레제편,2025-09-24,587890990,19.9,367121450,166.3,31088110260,55338,34526,165.9,2940410,790,2448,2025-11-08,2026-08-15 16:16:53
3,-1,OLD,20253852,퍼스트 라이드,2025-10-29,510257050,17.3,271676200,113.9,4942554160,52135,26251,101.4,535897,900,2863,2025-11-08,2026-08-15 16:16:53
4,0,OLD,20257570,8번 출구,2025-10-22,207855230,7.0,121687530,141.2,3729185700,20451,11875,138.5,380346,659,1271,2025-11-08,2026-08-15 16:16:53
5,0,OLD,20256320,부고니아,2025-11-05,89058770,3.0,25418270,39.9,313798740,8583,2202,34.5,32050,527,953,2025-11-08,2026-08-15 16:16:53
6,2,OLD,20090284,코렐라인,2009-05-21,82631600,2.8,51237100,163.2,3106062200,8170,5098,166.0,391475,215,422,2025-11-08,2026-08-15 16:16:53
7,4,OLD,20253289,극장판 귀멸의 칼날: 무한성편,2025-08-22,81353010,2.8,55064810,209.5,60355069590,8157,5511,208.3,5593847,354,415,2025-11-08,2026-08-15 16:16:53
8,7,OLD,20258570,극장판 똘똘이: 아기공룡의 비밀,2025-11-07,75576700,2.6,63925500,548.7,90971900,8053,6830,558.5,9692,222,405,2025-11-08,2026-08-15 16:16:53
9,0,OLD,20247693,위키드,2024-11-20,51132320,1.7,24047120,88.8,22316166870,5558,2599,87.8,2260642,162,376,2025-11-08,2026-08-15 16:16:53
10,-3,OLD,20247429,세계의 주인,2025-10-22,47883600,1.6,13168100,37.9,818910240,4750,1354,39.9,85434,214,286,2025-11-08,2026-08-15 16:16:53
1,0,OLD,20254375,프레데터: 죽음의 땅,2025-11-05,581646590,25.1,-172961910,-22.9,2309523790,54996,-15871,-22.4,221103,943,3428,2025-11-09,2026-08-15 16:16:53
2,1,OLD,20253852,퍼스트 라이드,2025-10-29,414592670,17.9,-95664380,-18.7,5357146830,42315,-9820,-18.8,578212,889,2698,2025-11-09,2026-08-15 16:16:53
3,-1,OLD,20256757,극장판 체인소 맨: 레제편,2025-09-24,392002410,16.9,-195888580,-33.3,31480112670,36994,-18344,-33.1,2977404,762,2305,2025-11-09,2026-08-15 16:16:53
4,0,OLD,20257570,8번 출구,2025-10-22,161871450,7.0,-45983780,-22.1,3891057150,16015,-4436,-21.7,396361,634,1174,2025-11-09,2026-08-15 16:16:53
5,3,OLD,20258570,극장판 똘똘이: 아기공룡의 비밀,2025-11-07,81560700,3.5,5984000,7.9,172532600,8704,651,8.1,18396,240,407,2025-11-09,2026-08-15 16:16:53
6,1,OLD,20253289,극장판 귀멸의 칼날: 무한성편,2025-08-22,74445670,3.2,-6907340,-8.5,60429515260,7601,-556,-6.8,5601448,331,391,2025-11-09,2026-08-15 16:16:53
7,-1,OLD,20090284,코렐라인,2009-05-21,73871800,3.2,-8759800,-10.6,3179934000,7346,-824,-10.1,398821,219,398,2025-11-09,2026-08-15 16:16:53
8,-3,OLD,20256320,부고니아,2025-11-05,71051750,3.1,-18007020,-20.2,384850490,6658,-1925,-22.4,38708,508,840,2025-11-09,2026-08-15 16:16:53
9,0,OLD,20247693,위키드,2024-11-20,42752700,1.8,-8379620,-16.4,22358919570,4665,-893,-16.1,2265307,175,356,2025-11-09,2026-08-15 16:16:53
10,0,OLD,20247429,세계의 주인,2025-10-22,45776540,2.0,-2107060,-4.4,864686780,4570,-180,-3.8,90004,215,285,2025-11-09,2026-08-15 16:16:53
1,0,OLD,20254375,프레데터: 죽음의 땅,2025-11-05,180241700,25.1,-401404890,-69.0,2489765490,17628,-37368,-67.9,238731,846,2930,2025-11-10,2026-08-15 16:16:52
2,0,OLD,20253852,퍼스트 라이드,2025-10-29,110506000,15.4,-304086670,-73.3,5467652830,12074,-30241,-71.5,590286,698,1922,2025-11-10,2026-08-15 16:16:52
3,0,OLD,20256757,극장판 체인소 맨: 레제편,2025-09-24,117370830,16.3,-274631580,-70.1,31597483500,11479,-25515,-69.0,2988883,657,1834,2025-11-10,2026-08-15 16:16:52
4,0,OLD,20257570,8번 출구,2025-10-22,44624800,6.2,-117246650,-72.4,3935681950,4616,-11399,-71.2,400977,486,822,2025-11-10,2026-08-15 16:16:52
5,3,OLD,20256320,부고니아,2025-11-05,28619620,4.0,-42432130,-59.7,413470110,2885,-3773,-56.7,41593,453,723,2025-11-10,2026-08-15 16:16:52
6,4,OLD,20247429,세계의 주인,2025-10-22,20683100,2.9,-25093440,-54.8,885369880,2103,-2467,-54.0,92107,211,278,2025-11-10,2026-08-15 16:16:52
7,-1,OLD,20253289,극장판 귀멸의 칼날: 무한성편,2025-08-22,18187800,2.5,-56257870,-75.6,60447703060,1836,-5765,-75.8,5603284,275,319,2025-11-10,2026-08-15 16:16:52
8,3,OLD,20253340,구원자,2025-11-05,15667000,2.2,-20410960,-56.6,224025610,1820,-2092,-53.5,25085,364,546,2025-11-10,2026-08-15 16:16:52
9,-2,OLD,20090284,코렐라인,2009-05-21,15338500,2.1,-58533300,-79.2,3195272500,1554,-5792,-78.8,400375,176,274,2025-11-10,2026-08-15 16:16:52
10,-1,OLD,20247693,위키드,2024-11-20,13524900,1.9,-29227800,-68.4,22372444470,1470,-3195,-68.5,2266777,144,283,2025-11-10,2026-08-15 16:16:52
1,0,OLD,20254375,프레데터: 죽음의 땅,2025-11-05,174744020,23.0,-5497680,-3.1,2664509510,17068,-560,-3.2,255799,867,2890,2025-11-11,2026-08-15 16:16:51
2,0,OLD,20253852,퍼스트 라이드,2025-10-29,121505000,16.0,10999000,10.0,5589157830,13358,1284,10.6,603644,717,1962,2025-11-11,2026-08-15 16:16:51
3,0,OLD,20256757,극장판 체인소 맨: 레제편,2025-09-24,113205100,14.9,-4165730,-3.5,31710688600,11108,-371,-3.2,2999991,664,1829,2025-11-11,2026-08-15 16:16:51
4,1,OLD,20256320,부고니아,2025-11-05,35657000,4.7,7037380,24.6,449127110,3731,846,29.3,45324,427,703,2025-11-11,2026-08-15 16:16:51
5,-1,OLD,20257570,8번 출구,2025-10-22,37817820,5.0,-6806980,-15.3,3973499770,3695,-921,-20.0,404672,463,763,2025-11-11,2026-08-15 16:16:51
6,2,OLD,20253340,구원자,2025-11-05,23522800,3.1,7855800,50.1,247548410,2769,949,52.1,27854,390,592,2025-11-11,2026-08-15 16:16:51
7,4,OLD,20258311,엄마를 버리러 갑니다,2025-11-05,17854300,2.4,4118100,30.0,157968700,2373,1004,73.3,17612,142,257,2025-11-11,2026-08-15 16:16:51
8,4,OLD,20257361,난징사진관,2025-11-05,18700600,2.5,9874200,111.9,183057420,2345,1346,134.7,20091,229,286,2025-11-11,2026-08-15 16:16:51
9,-2,OLD,20253289,극장판 귀멸의 칼날: 무한성편,2025-08-22,20485380,2.7,2297580,12.6,60468188440,2070,234,12.7,5605354,284,330,2025-11-11,2026-08-15 16:16:51
10,-4,OLD,20247429,세계의 주인,2025-10-22,19595700,2.6,-1087400,-5.3,904965580,2062,-41,-1.9,94169,206,283,2025-11-11,2026-08-15 16:16:51
1,0,NEW,20258383,나우 유 씨 미 3,2025-11-12,762366540,48.2,762366540,100.0,768225540,82300,82300,100.0,82951,1261,5132,2025-11-12,2026-08-15 16:16:51
2,1,OLD,20256757,극장판 체인소 맨: 레제편,2025-09-24,193784860,12.3,80579760,71.2,31904473460,19512,8404,75.7,3019503,633,1681,2025-11-12,2026-08-15 16:16:51
3,-1,OLD,20253852,퍼스트 라이드,2025-10-29,119141890,7.5,-2363110,-1.9,5708299720,12949,-409,-3.1,616593,610,1567,2025-11-12,2026-08-15 16:16:51
4,-3,OLD,20254375,프레데터: 죽음의 땅,2025-11-05,116667860,7.4,-58076160,-33.2,2781177370,12177,-4891,-28.7,267976,671,1863,2025-11-12,2026-08-15 16:16:51
5,0,OLD,20257570,8번 출구,2025-10-22,40230100,2.5,2412280,6.4,4013729870,4092,397,10.7,408764,404,619,2025-11-12,2026-08-15 16:16:51
6,0,NEW,20254824,명탐정 코난: 척안의 잔상,2025-07-16,27873500,1.8,27873500,100.0,7300464240,2517,2517,100.0,741430,62,218,2025-11-12,2026-08-15 16:16:51
7,3,OLD,20247429,세계의 주인,2025-10-22,24307300,1.5,4711600,24.0,929272880,2500,438,21.2,96669,186,242,2025-11-12,2026-08-15 16:16:51
8,-4,OLD,20256320,부고니아,2025-11-05,22318900,1.4,-13338100,-37.4,471446010,2376,-1355,-36.3,47700,270,335,2025-11-12,2026-08-15 16:16:51
9,-3,OLD,20253340,구원자,2025-11-05,17289700,1.1,-6233100,-26.5,264838110,1952,-817,-29.5,29806,111,139,2025-11-12,2026-08-15 16:16:51
10,-1,OLD,20253289,극장판 귀멸의 칼날: 무한성편,2025-08-22,18628980,1.2,-1856400,-9.1,60486817420,1896,-174,-8.4,5607250,238,271,2025-11-12,2026-08-15 16:16:51
1,0,OLD,20258383,나우 유 씨 미 3,2025-11-12,629849950,41.7,-132516590,-17.4,1398075490,68497,-13803,-16.8,151448,1251,4993,2025-11-13,2026-08-15 16:16:50
2,0,OLD,20256757,극장판 체인소 맨: 레제편,2025-09-24,210524310,13.9,16739450,8.6,32114997770,21558,2046,10.5,3041061,656,1770,2025-11-13,2026-08-15 16:16:50
3,0,OLD,20253852,퍼스트 라이드,2025-10-29,169110510,11.2,49968620,41.9,5877410230,19091,6142,47.4,635684,662,1661,2025-11-13,2026-08-15 16:16:50
4,0,OLD,20254375,프레데터: 죽음의 땅,2025-11-05,113694000,7.5,-2973860,-2.5,2894871370,11990,-187,-1.5,279966,673,1825,2025-11-13,2026-08-15 16:16:50
5,0,OLD,20257570,8번 출구,2025-10-22,46615620,3.1,6385520,15.9,4060345490,4815,723,17.7,413579,412,633,2025-11-13,2026-08-15 16:16:50
6,5,OLD,20090284,코렐라인,2009-05-21,24832000,1.6,7048500,39.6,3256258800,2629,860,48.6,406649,149,216,2025-11-13,2026-08-15 16:16:50
7,0,OLD,20247429,세계의 주인,2025-10-22,23011960,1.5,-1295340,-5.3,952284840,2324,-176,-7.0,98993,201,257,2025-11-13,2026-08-15 16:16:50
8,2,OLD,20253289,극장판 귀멸의 칼날: 무한성편,2025-08-22,21891300,1.4,3262320,17.5,60508708720,2266,370,19.5,5609516,244,279,2025-11-13,2026-08-15 16:16:50
9,-1,OLD,20256320,부고니아,2025-11-05,20780400,1.4,-1538500,-6.9,492226410,2113,-263,-11.1,49813,268,325,2025-11-13,2026-08-15 16:16:50
10,-4,OLD,20254824,명탐정 코난: 척안의 잔상,2025-07-16,17700000,1.2,-10173500,-36.5,7318164240,1604,-913,-36.3,743034,62,208,2025-11-13,2026-08-15 16:16:50
1,0,OLD,20258383,나우 유 씨 미 3,2025-11-12,888641590,48.9,258791640,41.1,2286717080,92708,24211,35.3,244156,1325,5330,2025-11-14,2026-08-15 16:16:49
2,0,OLD,20256757,극장판 체인소 맨: 레제편,2025-09-24,236024880,13.0,25500570,12.1,32351022650,22915,1357,6.3,3063976,697,1896,2025-11-14,2026-08-15 16:16:49
3,1,OLD,20254375,프레데터: 죽음의 땅,2025-11-05,160174770,8.8,46480770,40.9,3055046140,16357,4367,36.4,296323,687,1956,2025-11-14,2026-08-15 16:16:49
4,-1,OLD,20253852,퍼스트 라이드,2025-10-29,133302400,7.3,-35808110,-21.2,6010712630,15216,-3875,-20.3,650900,658,1645,2025-11-14,2026-08-15 16:16:49
5,0,OLD,20257570,8번 출구,2025-10-22,44358870,2.4,-2256750,-4.8,4104704360,4417,-398,-8.3,417996,409,640,2025-11-14,2026-08-15 16:16:49
6,3,OLD,20256320,부고니아,2025-11-05,30911500,1.7,10131100,48.8,523137910,3099,986,46.7,52912,286,359,2025-11-14,2026-08-15 16:16:49
7,1,OLD,20253289,극장판 귀멸의 칼날: 무한성편,2025-08-22,28721250,1.6,6829950,31.2,60537429970,2863,597,26.3,5612379,247,297,2025-11-14,2026-08-15 16:16:49
8,-2,OLD,20090284,코렐라인,2009-05-21,23483000,1.3,-1349000,-5.4,3279741800,2462,-167,-6.4,409111,155,226,2025-11-14,2026-08-15 16:16:49
9,-2,OLD,20247429,세계의 주인,2025-10-22,23323750,1.3,311790,1.4,975608590,2335,11,0.5,101328,200,256,2025-11-14,2026-08-15 16:16:49
10,3,OLD,20257361,난징사진관,2025-11-05,16435300,0.9,5992900,57.4,217718720,1877,607,47.8,24213,120,132,2025-11-14,2026-08-15 16:16:49
1,0,OLD,20258383,나우 유 씨 미 3,2025-11-12,1773221610,48.2,884580020,99.5,4059938690,183741,91033,98.2,427897,1339,5973,2025-11-15,2026-08-15 16:16:48
2,0,OLD,20256757,극장판 체인소 맨: 레제편,2025-09-24,624379080,17.0,388354200,164.5,32975401730,59580,36665,160.0,3123556,795,2273,2025-11-15,2026-08-15 16:16:48
3,0,OLD,20254375,프레데터: 죽음의 땅,2025-11-05,341334060,9.3,181159290,113.1,3396380200,34582,18225,111.4,330905,700,2115,2025-11-15,2026-08-15 16:16:48
4,0,OLD,20253852,퍼스트 라이드,2025-10-29,213540120,5.8,80237720,60.2,6224252750,21818,6602,43.4,672718,724,1826,2025-11-15,2026-08-15 16:16:48
5,0,OLD,20257570,8번 출구,2025-10-22,86977880,2.4,42619010,96.1,4191682240,8545,4128,93.5,426541,468,715,2025-11-15,2026-08-15 16:16:48
6,1,OLD,20253289,극장판 귀멸의 칼날: 무한성편,2025-08-22,78420900,2.1,49699650,173.0,60615850870,7828,4965,173.4,5620207,309,375,2025-11-15,2026-08-15 16:16:48
7,5,OLD,20258385,꼬마돼지 베이브와 타피티,2025-11-13,46266550,1.3,34244050,284.8,80548550,5307,3742,239.1,9957,349,406,2025-11-15,2026-08-15 16:16:48
8,-2,OLD,20256320,부고니아,2025-11-05,48557680,1.3,17646180,57.1,571695590,4502,1403,45.3,57414,257,319,2025-11-15,2026-08-15 16:16:48
9,19,OLD,20258570,극장판 똘똘이: 아기공룡의 비밀,2025-11-07,41443800,1.1,37329800,907.4,236515400,4300,3870,900.0,25249,222,357,2025-11-15,2026-08-15 16:16:48
10,-2,OLD,20090284,코렐라인,2009-05-21,39714900,1.1,16231900,69.1,3319456700,3975,1513,61.5,413086,164,253,2025-11-15,2026-08-15 16:16:48
1,0,OLD,20258383,나우 유 씨 미 3,2025-11-12,1532628810,50.9,-240592800,-13.6,5592567500,158846,-24895,-13.5,586743,1352,5777,2025-11-16,2026-08-15 16:16:48
2,0,OLD,20256757,극장판 체인소 맨: 레제편,2025-09-24,363036100,12.1,-261342980,-41.9,33338437830,35093,-24487,-41.1,3158649,765,2153,2025-11-16,2026-08-15 16:16:48
3,0,OLD,20254375,프레데터: 죽음의 땅,2025-11-05,275493460,9.1,-65840600,-19.3,3671873660,27984,-6598,-19.1,358889,715,2015,2025-11-16,2026-08-15 16:16:48
4,0,OLD,20253852,퍼스트 라이드,2025-10-29,172459570,5.7,-41080550,-19.2,6396712320,18199,-3619,-16.6,690917,715,1726,2025-11-16,2026-08-15 16:16:48
5,1,OLD,20253289,극장판 귀멸의 칼날: 무한성편,2025-08-22,73323700,2.4,-5097200,-6.5,60689174570,7373,-455,-5.8,5627580,293,355,2025-11-16,2026-08-15 16:16:48
6,-1,OLD,20257570,8번 출구,2025-10-22,73693250,2.4,-13284630,-15.3,4265375490,7263,-1282,-15.0,433804,452,672,2025-11-16,2026-08-15 16:16:48
7,0,OLD,20258385,꼬마돼지 베이브와 타피티,2025-11-13,46923800,1.6,657250,1.4,127472350,5352,45,0.8,15309,359,416,2025-11-16,2026-08-15 16:16:48
8,1,OLD,20258570,극장판 똘똘이: 아기공룡의 비밀,2025-11-07,42499900,1.4,1056100,2.5,279015300,4417,117,2.7,29666,209,340,2025-11-16,2026-08-15 16:16:48
9,1,OLD,20090284,코렐라인,2009-05-21,41332400,1.4,1617500,4.1,3360789100,4225,250,6.3,417311,173,261,2025-11-16,2026-08-15 16:16:48
10,-2,OLD,20256320,부고니아,2025-11-05,39157660,1.3,-9400020,-19.4,610853250,3787,-715,-15.9,61201,248,308,2025-11-16,2026-08-15 16:16:48
1,0,OLD,20258383,나우 유 씨 미 3,2025-11-12,499772220,49.4,-1032856590,-67.4,6092339720,53445,-105401,-66.4,640188,1196,4755,2025-11-17,2026-08-15 16:16:47
2,0,OLD,20256757,극장판 체인소 맨: 레제편,2025-09-24,138025220,13.6,-225010880,-62.0,33476463050,14123,-20970,-59.8,3172772,640,1803,2025-11-17,2026-08-15 16:16:47
3,0,OLD,20254375,프레데터: 죽음의 땅,2025-11-05,87204340,8.6,-188289120,-68.3,3759078000,9207,-18777,-67.1,368096,577,1650,2025-11-17,2026-08-15 16:16:47
4,0,OLD,20253852,퍼스트 라이드,2025-10-29,62583220,6.2,-109876350,-63.7,6459295540,7122,-11077,-60.9,698039,555,1271,2025-11-17,2026-08-15 16:16:47
5,1,OLD,20257570,8번 출구,2025-10-22,22036700,2.2,-51656550,-70.1,4287412190,2606,-4657,-64.1,436410,368,519,2025-11-17,2026-08-15 16:16:47
6,4,OLD,20256320,부고니아,2025-11-05,20273600,2.0,-18884060,-48.2,631126850,2074,-1713,-45.2,63275,241,304,2025-11-17,2026-08-15 16:16:47
7,4,OLD,20247429,세계의 주인,2025-10-22,19155700,1.9,-17788450,-48.1,1067440350,2071,-1628,-44.0,110631,184,246,2025-11-17,2026-08-15 16:16:47
8,-3,OLD,20253289,극장판 귀멸의 칼날: 무한성편,2025-08-22,19098240,1.9,-54225460,-74.0,60708272810,1988,-5385,-73.0,5629568,268,311,2025-11-17,2026-08-15 16:16:47
9,3,OLD,20247693,위키드,2024-11-20,11454500,1.1,-14451200,-55.8,22487565570,1273,-1571,-55.2,2279391,105,131,2025-11-17,2026-08-15 16:16:47
10,-1,OLD,20090284,코렐라인,2009-05-21,10574700,1.0,-30757700,-74.4,3371363800,1122,-3103,-73.4,418433,139,200,2025-11-17,2026-08-15 16:16:47
1,0,OLD,20258383,나우 유 씨 미 3,2025-11-12,449898070,45.7,-49874150,-10.0,6542237790,48871,-4574,-8.6,689059,1234,4688,2025-11-18,2026-08-15 16:16:47
2,0,OLD,20256757,극장판 체인소 맨: 레제편,2025-09-24,128001300,13.0,-10023920,-7.3,33604464350,13006,-1117,-7.9,3185778,661,1787,2025-11-18,2026-08-15 16:16:47
3,0,OLD,20254375,프레데터: 죽음의 땅,2025-11-05,78238200,7.9,-8966140,-10.3,3837316200,8289,-918,-10.0,376385,597,1603,2025-11-18,2026-08-15 16:16:47
4,0,OLD,20253852,퍼스트 라이드,2025-10-29,69687300,7.1,7104080,11.4,6528982840,8103,981,13.8,706142,568,1223,2025-11-18,2026-08-15 16:16:47
5,3,OLD,20253289,극장판 귀멸의 칼날: 무한성편,2025-08-22,23961320,2.4,4863080,25.5,60732234130,2578,590,29.7,5632146,278,327,2025-11-18,2026-08-15 16:16:47
6,-1,OLD,20257570,8번 출구,2025-10-22,19660820,2.0,-2375880,-10.8,4307073010,2324,-282,-10.8,438734,371,515,2025-11-18,2026-08-15 16:16:47
7,-1,OLD,20256320,부고니아,2025-11-05,22551400,2.3,2277800,11.2,653678250,2251,177,8.5,65526,250,317,2025-11-18,2026-08-15 16:16:47
8,-1,OLD,20247429,세계의 주인,2025-10-22,15826400,1.6,-3329300,-17.4,1083266750,1621,-450,-21.7,112252,187,245,2025-11-18,2026-08-15 16:16:47
9,0,OLD,20247693,위키드,2024-11-20,14566900,1.5,3112400,27.2,22502132470,1606,333,26.2,2280997,108,132,2025-11-18,2026-08-15 16:16:47
10,3,OLD,20257361,난징사진관,2025-11-05,12396600,1.3,5585220,82.0,260204680,1358,650,91.8,28800,86,90,2025-11-18,2026-08-15 16:16:47
1,0,NEW,20255381,위키드: 포 굿,2025-11-19,1103970760,53.6,1103970760,100.0,1115418760,108146,108146,100.0,108830,1699,5740,2025-11-19,2026-08-15 16:16:46
2,-1,OLD,20258383,나우 유 씨 미 3,2025-11-12,379762160,18.4,-70135910,-15.6,6921999950,40741,-8130,-16.6,729800,825,2317,2025-11-19,2026-08-15 16:16:46
3,-1,OLD,20256757,극장판 체인소 맨: 레제편,2025-09-24,166740440,8.1,38739140,30.3,33771204790,17431,4425,34.0,3203209,574,1021,2025-11-19,2026-08-15 16:16:46
4,0,NEW,20257161,국보,2025-11-19,86754260,4.2,86754260,100.0,141162440,9569,9569,100.0,14184,484,802,2025-11-19,2026-08-15 16:16:46
5,0,NEW,20243405,나혼자 프린스,2025-11-19,51809500,2.5,51809500,100.0,61674500,6090,6090,100.0,7223,535,1099,2025-11-19,2026-08-15 16:16:46
6,-3,OLD,20254375,프레데터: 죽음의 땅,2025-11-05,40556700,2.0,-37681500,-48.2,3877872900,4413,-3876,-46.8,380798,432,642,2025-11-19,2026-08-15 16:16:46
7,-3,OLD,20253852,퍼스트 라이드,2025-10-29,33735500,1.6,-35951800,-51.6,6562718340,4201,-3902,-48.2,710343,350,474,2025-11-19,2026-08-15 16:16:46
8,0,NEW,20259225,포레스텔라 : 더 웨이브 인 시네마,2025-11-19,50625000,2.5,50625000,100.0,50625000,2025,2025,100.0,2025,23,33,2025-11-19,2026-08-15 16:16:46
9,2,OLD,20090284,코렐라인,2009-05-21,11370600,0.6,1431800,14.4,3392673200,1678,599,55.5,421190,102,116,2025-11-19,2026-08-15 16:16:46
10,-4,OLD,20257570,8번 출구,2025-10-22,13494000,0.7,-6166820,-31.4,4320567010,1668,-656,-28.2,440402,182,204,2025-11-19,2026-08-15 16:16:46
1,0,OLD,20255381,위키드: 포 굿,2025-11-19,539994820,40.1,-563975940,-51.1,1655413580,52475,-55671,-51.5,161305,1589,5176,2025-11-20,2026-08-15 16:16:45
2,0,OLD,20258383,나우 유 씨 미 3,2025-11-12,347114010,25.8,-32648150,-8.6,7269113960,37010,-3731,-9.2,766810,815,2354,2025-11-20,2026-08-15 16:16:45
3,0,OLD,20256757,극장판 체인소 맨: 레제편,2025-09-24,97196580,7.2,-69543860,-41.7,33868401370,10092,-7339,-42.1,3213301,578,1034,2025-11-20,2026-08-15 16:16:45
4,0,OLD,20257161,국보,2025-11-19,60792500,4.5,-25961760,-29.9,201954940,6746,-2823,-29.5,20930,458,752,2025-11-20,2026-08-15 16:16:45
5,0,OLD,20243405,나혼자 프린스,2025-11-19,43700900,3.2,-8108600,-15.7,105375400,5126,-964,-15.8,12349,519,1047,2025-11-20,2026-08-15 16:16:45
6,0,OLD,20254375,프레데터: 죽음의 땅,2025-11-05,37601210,2.8,-2955490,-7.3,3915474110,3928,-485,-11.0,384726,424,635,2025-11-20,2026-08-15 16:16:45
7,0,OLD,20253852,퍼스트 라이드,2025-10-29,32441000,2.4,-1294500,-3.8,6595159340,3900,-301,-7.2,714243,345,472,2025-11-20,2026-08-15 16:16:45
8,43,OLD,19980126,가타카,1998-05-02,13581760,1.0,12721760,1479.3,14441760,1388,1302,1514.0,1474,71,126,2025-11-20,2026-08-15 16:16:45
9,4,OLD,20247429,세계의 주인,2025-10-22,12761300,0.9,2450100,23.8,1106339250,1373,283,26.0,114715,109,140,2025-11-20,2026-08-15 16:16:45
10,0,OLD,20257570,8번 출구,2025-10-22,11146400,0.8,-2347600,-17.4,4331713410,1340,-328,-19.7,441742,183,211,2025-11-20,2026-08-15 16:16:45
1,0,OLD,20255381,위키드: 포 굿,2025-11-19,837495440,42.3,297500620,55.1,2492909020,77314,24839,47.3,238619,1653,5642,2025-11-21,2026-08-15 16:16:44
2,0,OLD,20258383,나우 유 씨 미 3,2025-11-12,508239070,25.7,161125060,46.4,7777353030,53165,16155,43.7,819975,887,2619,2025-11-21,2026-08-15 16:16:44
3,0,OLD,20256757,극장판 체인소 맨: 레제편,2025-09-24,133466540,6.7,36269960,37.3,34001867910,13136,3044,30.2,3226437,628,1119,2025-11-21,2026-08-15 16:16:44
4,0,OLD,20257161,국보,2025-11-19,91689980,4.6,30897480,50.8,293644920,9700,2954,43.8,30630,483,799,2025-11-21,2026-08-15 16:16:44
5,0,OLD,20243405,나혼자 프린스,2025-11-19,61057850,3.1,17356950,39.7,166433250,6816,1690,33.0,19165,536,1062,2025-11-21,2026-08-15 16:16:44
6,0,NEW,20124315,엔드 오브 에반게리온,2024-01-17,61467500,3.1,61467500,100.0,395511836,5696,5696,100.0,38428,116,200,2025-11-21,2026-08-15 16:16:44
7,-1,OLD,20254375,프레데터: 죽음의 땅,2025-11-05,55371250,2.8,17770040,47.3,3970845360,5672,1744,44.4,390398,437,661,2025-11-21,2026-08-15 16:16:44
8,-1,OLD,20253852,퍼스트 라이드,2025-10-29,42624600,2.2,10183600,31.4,6637783940,4810,910,23.3,719053,336,471,2025-11-21,2026-08-15 16:16:44
9,3,OLD,20253289,극장판 귀멸의 칼날: 무한성편,2025-08-22,17600500,0.9,6658590,60.9,60773665440,1737,603,53.2,5636347,136,153,2025-11-21,2026-08-15 16:16:44
10,-1,OLD,20247429,세계의 주인,2025-10-22,15000640,0.8,2239340,17.5,1121339890,1463,90,6.6,116178,105,136,2025-11-21,2026-08-15 16:16:44
1,0,OLD,20255381,위키드: 포 굿,2025-11-19,1721143370,45.1,883647930,105.5,4214052390,164791,87477,113.1,403410,1700,6554,2025-11-22,2026-08-15 16:16:43
2,0,OLD,20258383,나우 유 씨 미 3,2025-11-12,1005065790,26.3,496826720,97.8,8782418820,103015,49850,93.8,922990,948,3142,2025-11-22,2026-08-15 16:16:43
3,0,OLD,20256757,극장판 체인소 맨: 레제편,2025-09-24,279317470,7.3,145850930,109.3,34281185380,27583,14447,110.0,3254020,694,1308,2025-11-22,2026-08-15 16:16:43
4,0,OLD,20257161,국보,2025-11-19,145137410,3.8,53447430,58.3,438782330,14908,5208,53.7,45538,517,810,2025-11-22,2026-08-15 16:16:43
5,2,OLD,20254375,프레데터: 죽음의 땅,2025-11-05,103061090,2.7,47689840,86.1,4073906450,10646,4974,87.7,401044,412,594,2025-11-22,2026-08-15 16:16:43
6,-1,OLD,20243405,나혼자 프린스,2025-11-19,84739600,2.2,23681750,38.8,251172850,8982,2166,31.8,28147,533,990,2025-11-22,2026-08-15 16:16:43
7,1,OLD,20253852,퍼스트 라이드,2025-10-29,50479650,1.3,7855050,18.4,6688263590,5451,641,13.3,724504,318,444,2025-11-22,2026-08-15 16:16:43
8,2,OLD,20247429,세계의 주인,2025-10-22,53961560,1.4,38960920,259.7,1175301450,5329,3866,264.3,121507,112,145,2025-11-22,2026-08-15 16:16:43
9,0,OLD,20253289,극장판 귀멸의 칼날: 무한성편,2025-08-22,50567250,1.3,32966750,187.3,60824232690,5185,3448,198.5,5641532,183,205,2025-11-22,2026-08-15 16:16:43
10,37,OLD,20258570,극장판 똘똘이: 아기공룡의 비밀,2025-11-07,25150300,0.7,23955600,2005.2,313143000,2631,2509,2056.6,33313,163,245,2025-11-22,2026-08-15 16:16:43
1,0,OLD,20255381,위키드: 포 굿,2025-11-19,1382849190,43.1,-338294180,-19.7,5596901580,133952,-30839,-18.7,537362,1674,6081,2025-11-23,2026-08-15 16:16:43
2,0,OLD,20258383,나우 유 씨 미 3,2025-11-12,879385410,27.4,-125680380,-12.5,9661804230,90295,-12720,-12.3,1013285,974,3115,2025-11-23,2026-08-15 16:16:43
3,0,OLD,20256757,극장판 체인소 맨: 레제편,2025-09-24,225631570,7.0,-53685900,-19.2,34506816950,22256,-5327,-19.3,3276276,678,1262,2025-11-23,2026-08-15 16:16:43
4,0,OLD,20257161,국보,2025-11-19,124703920,3.9,-20433490,-14.1,563486250,12792,-2116,-14.2,58330,521,804,2025-11-23,2026-08-15 16:16:43
5,0,OLD,20254375,프레데터: 죽음의 땅,2025-11-05,82641000,2.6,-20420090,-19.8,4156547450,8584,-2062,-19.4,409628,395,578,2025-11-23,2026-08-15 16:16:43
6,0,OLD,20243405,나혼자 프린스,2025-11-19,73436100,2.3,-11303500,-13.3,324608950,7725,-1257,-14.0,35872,530,927,2025-11-23,2026-08-15 16:16:43
7,1,OLD,20247429,세계의 주인,2025-10-22,68370460,2.1,14408900,26.7,1243671910,6600,1271,23.9,128107,112,146,2025-11-23,2026-08-15 16:16:43
8,1,OLD,20253289,극장판 귀멸의 칼날: 무한성편,2025-08-22,51019400,1.6,452150,0.9,60875252090,5249,64,1.2,5646781,179,206,2025-11-23,2026-08-15 16:16:43
9,-2,OLD,20253852,퍼스트 라이드,2025-10-29,43667000,1.4,-6812650,-13.5,6731930590,4603,-848,-15.6,729107,284,391,2025-11-23,2026-08-15 16:16:43
10,0,OLD,20258570,극장판 똘똘이: 아기공룡의 비밀,2025-11-07,27513400,0.9,2363100,9.4,340656400,2881,250,9.5,36194,166,243,2025-11-23,2026-08-15 16:16:43
1,0,OLD,20255381,위키드: 포 굿,2025-11-19,306957480,32.2,-1075891710,-77.8,5903859060,30179,-103773,-77.5,567541,1405,4391,2025-11-24,2026-08-15 16:16:42
2,0,OLD,20258383,나우 유 씨 미 3,2025-11-12,273025210,28.6,-606360200,-69.0,9934829440,29408,-60887,-67.4,1042693,830,2638,2025-11-24,2026-08-15 16:16:42
3,0,OLD,20256757,극장판 체인소 맨: 레제편,2025-09-24,79798520,8.4,-145833050,-64.6,34586615470,8300,-13956,-62.7,3284576,609,1125,2025-11-24,2026-08-15 16:16:42
4,0,OLD,20257161,국보,2025-11-19,61321850,6.4,-63382070,-50.8,624808100,6639,-6153,-48.1,64969,505,791,2025-11-24,2026-08-15 16:16:42
5,2,OLD,20247429,세계의 주인,2025-10-22,38236190,4.0,-30134270,-44.1,1281908100,3905,-2695,-40.8,132012,125,184,2025-11-24,2026-08-15 16:16:42
6,0,OLD,20243405,나혼자 프린스,2025-11-19,29384360,3.1,-44051740,-60.0,353993310,3283,-4442,-57.5,39155,422,781,2025-11-24,2026-08-15 16:16:42
7,-2,OLD,20254375,프레데터: 죽음의 땅,2025-11-05,29122860,3.1,-53518140,-64.8,4185670310,3148,-5436,-63.3,412776,360,517,2025-11-24,2026-08-15 16:16:42
8,1,OLD,20253852,퍼스트 라이드,2025-10-29,19517500,2.0,-24149500,-55.3,6751448090,2278,-2325,-50.5,731385,264,360,2025-11-24,2026-08-15 16:16:42
9,-1,OLD,20253289,극장판 귀멸의 칼날: 무한성편,2025-08-22,14539600,1.5,-36479800,-71.5,60889791690,1501,-3748,-71.4,5648282,150,168,2025-11-24,2026-08-15 16:16:42
10,1,OLD,19980126,가타카,1998-05-02,8837240,0.9,-21038960,-70.4,91241020,926,-1598,-63.3,8158,72,113,2025-11-24,2026-08-15 16:16:42
1,1,OLD,20258383,나우 유 씨 미 3,2025-11-12,275166980,27.4,2141770,0.8,10209996420,29804,396,1.3,1072497,895,2698,2025-11-25,2026-08-15 16:16:41
2,-1,OLD,20255381,위키드: 포 굿,2025-11-19,288963260,28.8,-17994220,-5.9,6192822320,28697,-1482,-4.9,596238,1419,4222,2025-11-25,2026-08-15 16:16:41
3,0,OLD,20256757,극장판 체인소 맨: 레제편,2025-09-24,81341420,8.1,1542900,1.9,34667956890,8438,138,1.7,3293014,593,1107,2025-11-25,2026-08-15 16:16:41
4,0,OLD,20257161,국보,2025-11-19,64282510,6.4,2960660,4.8,689090610,7047,408,6.1,72016,509,813,2025-11-25,2026-08-15 16:16:41
5,1,OLD,20243405,나혼자 프린스,2025-11-19,36333400,3.6,6949040,23.6,390326710,4365,1082,33.0,43520,443,786,2025-11-25,2026-08-15 16:16:41
6,-1,OLD,20247429,세계의 주인,2025-10-22,38965050,3.9,728860,1.9,1320873150,3971,66,1.7,135983,136,201,2025-11-25,2026-08-15 16:16:41
7,0,OLD,20254375,프레데터: 죽음의 땅,2025-11-05,27211800,2.7,-1911060,-6.6,4212882110,2914,-234,-7.4,415690,365,528,2025-11-25,2026-08-15 16:16:41
8,0,NEW,20249326,윗집 사람들,2025-12-03,30069000,3.0,30069000,100.0,30069000,2837,2837,100.0,2837,11,12,2025-11-25,2026-08-15 16:16:41
9,0,NEW,20259536,힘,2025-11-26,18298000,1.8,18298000,100.0,18298000,2614,2614,100.0,2614,16,16,2025-11-25,2026-08-15 16:16:41
10,-2,OLD,20253852,퍼스트 라이드,2025-10-29,23342100,2.3,3824600,19.6,6774790190,2606,328,14.4,733991,260,353,2025-11-25,2026-08-15 16:16:41
1,0,NEW,20252432,주토피아 2,2025-11-26,2491089050,72.0,2491089050,100.0,2512128050,309168,309168,100.0,310951,2084,8027,2025-11-26,2026-08-15 16:16:41
2,-1,OLD,20258383,나우 유 씨 미 3,2025-11-12,271747320,7.9,-3419660,-1.2,10481743740,35043,5239,17.6,1107540,844,1985,2025-11-26,2026-08-15 16:16:41
3,-1,OLD,20255381,위키드: 포 굿,2025-11-19,281603140,8.1,-7360120,-2.5,6474425460,34125,5428,18.9,630363,1023,2260,2025-11-26,2026-08-15 16:16:41
4,-1,OLD,20256757,극장판 체인소 맨: 레제편,2025-09-24,84833480,2.5,3492060,4.3,34752790370,9899,1461,17.3,3302913,494,668,2025-11-26,2026-08-15 16:16:41
5,-1,OLD,20257161,국보,2025-11-19,71316300,2.1,7033790,10.9,760406910,9251,2204,31.3,81267,372,483,2025-11-26,2026-08-15 16:16:41
6,0,NEW,20242374,한란,2025-11-26,24466200,0.7,24466200,100.0,34633800,3458,3458,100.0,4561,262,345,2025-11-26,2026-08-15 16:16:41
7,-1,OLD,20247429,세계의 주인,2025-10-22,26529600,0.8,-12435450,-31.9,1347402750,3327,-644,-16.2,139310,106,146,2025-11-26,2026-08-15 16:16:41
8,0,NEW,20125316,석류의 빛깔 ,2025-11-26,26474500,0.8,26474500,100.0,32421500,2983,2983,100.0,3874,55,68,2025-11-26,2026-08-15 16:16:41
9,-4,OLD,20243405,나혼자 프린스,2025-11-19,18711300,0.5,-17622100,-48.5,409038010,2397,-1968,-45.1,45917,232,298,2025-11-26,2026-08-15 16:16:41
10,0,OLD,20253852,퍼스트 라이드,2025-10-29,12546300,0.4,-10795800,-46.3,6787336490,1885,-721,-27.7,735876,52,55,2025-11-26,2026-08-15 16:16:41
1,0,OLD,20252432,주토피아 2,2025-11-26,1647740230,68.6,-843348820,-33.9,4159868280,172048,-137120,-44.4,482999,1943,7769,2025-11-27,2026-08-15 16:16:40
2,0,OLD,20258383,나우 유 씨 미 3,2025-11-12,208031130,8.7,-63716190,-23.4,10689774870,22414,-12629,-36.0,1129954,775,1991,2025-11-27,2026-08-15 16:16:40
3,0,OLD,20255381,위키드: 포 굿,2025-11-19,180130720,7.5,-101472420,-36.0,6654556180,18213,-15912,-46.6,648576,936,2140,2025-11-27,2026-08-15 16:16:40
4,1,OLD,20257161,국보,2025-11-19,59007400,2.5,-12308900,-17.3,819414310,6596,-2655,-28.7,87863,364,498,2025-11-27,2026-08-15 16:16:40
5,-1,OLD,20256757,극장판 체인소 맨: 레제편,2025-09-24,56325320,2.3,-28508160,-33.6,34809115690,5847,-4052,-40.9,3308760,449,642,2025-11-27,2026-08-15 16:16:40
6,0,OLD,20242374,한란,2025-11-26,20885900,0.9,-3580300,-14.6,55519700,3042,-416,-12.0,7603,255,340,2025-11-27,2026-08-15 16:16:40
7,0,OLD,20247429,세계의 주인,2025-10-22,23661540,1.0,-2868060,-10.8,1371064290,2417,-910,-27.4,141727,120,172,2025-11-27,2026-08-15 16:16:40
8,26,OLD,20249326,윗집 사람들,2025-12-03,20817000,0.9,18810000,937.2,52893000,2313,2090,937.2,5373,11,11,2025-11-27,2026-08-15 16:16:40
9,0,OLD,20243405,나혼자 프린스,2025-11-19,18768600,0.8,57300,0.3,427806610,2070,-327,-13.6,47987,217,293,2025-11-27,2026-08-15 16:16:40
10,0,OLD,20253852,퍼스트 라이드,2025-10-29,19067400,0.8,6521100,52.0,6806403890,1959,74,3.9,737835,58,68,2025-11-27,2026-08-15 16:16:40
1,0,OLD,20252432,주토피아 2,2025-11-26,2587554610,72.2,939814380,57.0,6747422890,258740,86692,50.4,741739,2047,8490,2025-11-28,2026-08-15 16:16:39
2,0,OLD,20258383,나우 유 씨 미 3,2025-11-12,277288910,7.7,69257780,33.3,10967063780,29151,6737,30.1,1159105,804,2055,2025-11-28,2026-08-15 16:16:39
3,0,OLD,20255381,위키드: 포 굿,2025-11-19,291539770,8.1,111409050,61.8,6946095950,27537,9324,51.2,676113,949,2222,2025-11-28,2026-08-15 16:16:39
4,0,OLD,20257161,국보,2025-11-19,77057700,2.2,18050300,30.6,896472010,8171,1575,23.9,96034,376,527,2025-11-28,2026-08-15 16:16:39
5,0,OLD,20256757,극장판 체인소 맨: 레제편,2025-09-24,80006310,2.2,23680990,42.0,34889122000,7827,1980,33.9,3316587,471,686,2025-11-28,2026-08-15 16:16:39
6,1,OLD,20247429,세계의 주인,2025-10-22,30545550,0.9,6884010,29.1,1401609840,3124,707,29.3,144851,123,187,2025-11-28,2026-08-15 16:16:39
7,-1,OLD,20242374,한란,2025-11-26,21028600,0.6,142700,0.7,76548300,2519,-523,-17.2,10122,248,317,2025-11-28,2026-08-15 16:16:39
8,0,NEW,20233259,정보원,2025-12-03,23218000,0.6,23218000,100.0,27745000,2095,2095,100.0,2598,8,8,2025-11-28,2026-08-15 16:16:39
9,0,OLD,20243405,나혼자 프린스,2025-11-19,13658300,0.4,-5110300,-27.2,441464910,1418,-652,-31.5,49405,224,294,2025-11-28,2026-08-15 16:16:39
10,-2,OLD,20249326,윗집 사람들,2025-12-03,14553000,0.4,-6264000,-30.1,67446000,1323,-990,-42.8,6696,8,8,2025-11-28,2026-08-15 16:16:39
1,0,OLD,20252432,주토피아 2,2025-11-26,6897143360,79.4,4309588750,166.6,13644566250,700790,442050,170.8,1442529,2383,10719,2025-11-29,2026-08-15 16:16:38
2,1,OLD,20255381,위키드: 포 굿,2025-11-19,616043760,7.1,324503990,111.3,7562139710,57798,30261,109.9,733911,969,2028,2025-11-29,2026-08-15 16:16:38
3,-1,OLD,20258383,나우 유 씨 미 3,2025-11-12,470960480,5.4,193671570,69.8,11438024260,48537,19386,66.5,1207642,836,1928,2025-11-29,2026-08-15 16:16:38
4,1,OLD,20256757,극장판 체인소 맨: 레제편,2025-09-24,212411390,2.4,132405080,165.5,35101533390,20589,12762,163.1,3337176,433,588,2025-11-29,2026-08-15 16:16:38
5,-1,OLD,20257161,국보,2025-11-19,99041300,1.1,21983600,28.5,995513310,9963,1792,21.9,105997,313,404,2025-11-29,2026-08-15 16:16:38
6,9,OLD,20253289,극장판 귀멸의 칼날: 무한성편,2025-08-22,52552690,0.6,42426790,419.0,60980590980,5012,4009,399.7,5657327,118,126,2025-11-29,2026-08-15 16:16:38
7,-1,OLD,20247429,세계의 주인,2025-10-22,45334720,0.5,14789170,48.4,1446944560,4657,1533,49.1,149508,123,175,2025-11-29,2026-08-15 16:16:38
8,0,OLD,20233259,정보원,2025-12-03,40076050,0.5,16858050,72.6,67821050,3275,1180,56.3,5873,35,35,2025-11-29,2026-08-15 16:16:38
9,-2,OLD,20242374,한란,2025-11-26,23042650,0.3,2014050,9.6,99590950,2633,114,4.5,12755,228,277,2025-11-29,2026-08-15 16:16:38
10,1,OLD,20125316,석류의 빛깔 ,2025-11-26,23958200,0.3,10739900,81.3,85578100,1914,695,57.0,8571,59,66,2025-11-29,2026-08-15 16:16:38
1,0,OLD,20252432,주토피아 2,2025-11-26,6508786460,81.6,-388356900,-5.6,20153352710,664337,-36453,-5.2,2106866,2369,10422,2025-11-30,2026-08-15 16:16:38
2,0,OLD,20255381,위키드: 포 굿,2025-11-19,493145190,6.2,-122898570,-19.9,8055284900,48017,-9781,-16.9,781928,967,1945,2025-11-30,2026-08-15 16:16:38
3,0,OLD,20258383,나우 유 씨 미 3,2025-11-12,424554150,5.3,-46406330,-9.9,11862578410,44450,-4087,-8.4,1252092,805,1852,2025-11-30,2026-08-15 16:16:38
4,0,OLD,20256757,극장판 체인소 맨: 레제편,2025-09-24,124784300,1.6,-87627090,-41.3,35226317690,12507,-8082,-39.3,3349683,429,564,2025-11-30,2026-08-15 16:16:38
5,0,OLD,20257161,국보,2025-11-19,90041680,1.1,-8999620,-9.1,1085554990,9329,-634,-6.4,115326,315,398,2025-11-30,2026-08-15 16:16:38
6,0,OLD,20253289,극장판 귀멸의 칼날: 무한성편,2025-08-22,56062940,0.7,3510250,6.7,61036653920,5370,358,7.1,5662697,117,126,2025-11-30,2026-08-15 16:16:38
7,0,OLD,20247429,세계의 주인,2025-10-22,37827350,0.5,-7507370,-16.6,1484771910,3856,-801,-17.2,153364,114,166,2025-11-30,2026-08-15 16:16:38
8,0,OLD,20233259,정보원,2025-12-03,41025300,0.5,949250,2.4,108846350,3368,93,2.8,9241,36,36,2025-11-30,2026-08-15 16:16:38
9,0,OLD,20242374,한란,2025-11-26,23016160,0.3,-26490,-0.1,122607110,2570,-63,-2.4,15325,229,276,2025-11-30,2026-08-15 16:16:38
10,1,OLD,20243405,나혼자 프린스,2025-11-19,16309500,0.2,-1004400,-5.8,475088310,1585,-61,-3.7,52636,188,237,2025-11-30,2026-08-15 16:16:38
1,0,OLD,20252432,주토피아 2,2025-11-26,1464831980,74.5,-5043954480,-77.5,21618184690,152584,-511753,-77.0,2259450,1872,7839,2025-12-01,2026-08-15 16:16:38
2,1,OLD,20258383,나우 유 씨 미 3,2025-11-12,149432070,7.6,-275122080,-64.8,12012010480,16221,-28229,-63.5,1268313,721,1857,2025-12-01,2026-08-15 16:16:38
3,-1,OLD,20255381,위키드: 포 굿,2025-11-19,116259930,5.9,-376885260,-76.4,8171544830,11878,-36139,-75.3,793806,815,1741,2025-12-01,2026-08-15 16:16:38
4,0,OLD,20256757,극장판 체인소 맨: 레제편,2025-09-24,54198050,2.8,-70586250,-56.6,35280515740,5423,-7084,-56.6,3355106,454,646,2025-12-01,2026-08-15 16:16:38
5,0,OLD,20257161,국보,2025-11-19,47791820,2.4,-42249860,-46.9,1133346810,5250,-4079,-43.7,120576,374,531,2025-12-01,2026-08-15 16:16:38
6,1,OLD,20247429,세계의 주인,2025-10-22,16048500,0.8,-21778850,-57.6,1500820410,1734,-2122,-55.0,155098,114,192,2025-12-01,2026-08-15 16:16:38
7,2,OLD,20242374,한란,2025-11-26,10612300,0.5,-12403860,-53.9,133219410,1278,-1292,-50.3,16603,213,266,2025-12-01,2026-08-15 16:16:38
8,0,NEW,20259618,콘크리트 마켓,2025-12-03,9399000,0.5,9399000,100.0,12463000,1233,1233,100.0,1616,4,7,2025-12-01,2026-08-15 16:16:38
9,2,OLD,20125316,석류의 빛깔 ,2025-11-26,8837600,0.4,-8252800,-48.3,111506100,930,-614,-39.8,11045,50,65,2025-12-01,2026-08-15 16:16:38
10,-4,OLD,20253289,극장판 귀멸의 칼날: 무한성편,2025-08-22,8926700,0.5,-47136240,-84.1,61045580620,924,-4446,-82.8,5663621,81,91,2025-12-01,2026-08-15 16:16:38
1,0,OLD,20252432,주토피아 2,2025-11-26,1338676570,72.4,-126155410,-8.6,22956861260,141447,-11137,-7.3,2400897,1919,7842,2025-12-02,2026-08-15 16:16:37
2,0,OLD,20258383,나우 유 씨 미 3,2025-11-12,132195700,7.2,-17236370,-11.5,12144206180,14702,-1519,-9.4,1283015,728,1798,2025-12-02,2026-08-15 16:16:37
3,0,OLD,20255381,위키드: 포 굿,2025-11-19,115043700,6.2,-1216230,-1.0,8286588530,11803,-75,-0.6,805609,826,1708,2025-12-02,2026-08-15 16:16:37
4,0,OLD,20256757,극장판 체인소 맨: 레제편,2025-09-24,52289750,2.8,-1908300,-3.5,35332805490,5247,-176,-3.2,3360353,450,631,2025-12-02,2026-08-15 16:16:37
5,0,OLD,20257161,국보,2025-11-19,46754660,2.5,-1037160,-2.2,1180101470,5142,-108,-2.1,125718,373,526,2025-12-02,2026-08-15 16:16:37
6,0,OLD,20247429,세계의 주인,2025-10-22,16807760,0.9,759260,4.7,1517628170,1850,116,6.7,156948,126,201,2025-12-02,2026-08-15 16:16:37
7,0,OLD,20242374,한란,2025-11-26,12720200,0.7,2107900,19.9,145939610,1702,424,33.2,18305,226,288,2025-12-02,2026-08-15 16:16:37
8,0,NEW,20258739,극장판 주술회전: 시부야사변 X 사멸회유,2025-12-03,15773800,0.9,15773800,100.0,35871940,1286,1286,100.0,2945,26,26,2025-12-02,2026-08-15 16:16:37
9,0,OLD,20125316,석류의 빛깔 ,2025-11-26,8596600,0.5,-241000,-2.7,120102700,937,7,0.8,11982,54,69,2025-12-02,2026-08-15 16:16:37
10,0,OLD,20253289,극장판 귀멸의 칼날: 무한성편,2025-08-22,8775750,0.5,-150950,-1.7,61054356370,909,-15,-1.6,5664530,80,90,2025-12-02,2026-08-15 16:16:37
1,0,OLD,20252432,주토피아 2,2025-11-26,1406321030,47.6,67644460,5.1,24363182290,149236,7789,5.5,2550133,1626,6352,2025-12-03,2026-08-15 16:16:36
2,6,OLD,20258739,극장판 주술회전: 시부야사변 X 사멸회유,2025-12-03,528175730,17.9,512401930,3248.4,564047670,52366,51080,3972.0,55311,733,1970,2025-12-03,2026-08-15 16:16:36
3,0,NEW,20249326,윗집 사람들,2025-12-03,227143070,7.7,227143070,100.0,323591510,25425,25425,100.0,34505,752,1765,2025-12-03,2026-08-15 16:16:36
4,0,NEW,20233259,정보원,2025-12-03,181033500,6.1,181033500,100.0,289879850,20726,20726,100.0,29967,766,1567,2025-12-03,2026-08-15 16:16:36
5,0,NEW,20253906,프레디의 피자가게 2,2025-12-03,126838010,4.3,126838010,100.0,128116010,13096,13096,100.0,13238,571,1288,2025-12-03,2026-08-15 16:16:36
6,-3,OLD,20255381,위키드: 포 굿,2025-11-19,77788870,2.6,-37254830,-32.4,8364377400,7835,-3968,-33.6,813444,547,775,2025-12-03,2026-08-15 16:16:36
7,-5,OLD,20258383,나우 유 씨 미 3,2025-11-12,67344770,2.3,-64850930,-49.1,12211550950,7360,-7342,-49.9,1290375,494,718,2025-12-03,2026-08-15 16:16:36
8,-4,OLD,20256757,극장판 체인소 맨: 레제편,2025-09-24,62258890,2.1,9969140,19.1,35395064380,6192,945,18.0,3366545,215,234,2025-12-03,2026-08-15 16:16:36
9,0,NEW,20020234,반지의 제왕 : 두 개의 탑,2002-12-19,64339930,2.2,64339930,100.0,529080900,4360,4360,100.0,42495,12,46,2025-12-03,2026-08-15 16:16:36
10,0,NEW,20259618,콘크리트 마켓,2025-12-03,27775600,0.9,27775600,100.0,40238600,3887,3887,100.0,5503,188,344,2025-12-03,2026-08-15 16:16:36
1,0,OLD,20252432,주토피아 2,2025-11-26,1207486370,54.8,-198834660,-14.1,25570668660,128427,-20809,-13.9,2678560,1675,6399,2025-12-04,2026-08-15 16:16:36
2,0,OLD,20258739,극장판 주술회전: 시부야사변 X 사멸회유,2025-12-03,224413160,10.2,-303762570,-57.5,788460830,22473,-29893,-57.1,77784,733,1830,2025-12-04,2026-08-15 16:16:36
3,0,OLD,20249326,윗집 사람들,2025-12-03,194658610,8.8,-32484460,-14.3,518250120,21533,-3892,-15.3,56038,753,1749,2025-12-04,2026-08-15 16:16:36
4,0,OLD,20233259,정보원,2025-12-03,153184560,7.0,-27848940,-15.4,443064410,17561,-3165,-15.3,47528,741,1508,2025-12-04,2026-08-15 16:16:36
5,1,OLD,20255381,위키드: 포 굿,2025-11-19,80151630,3.6,2362760,3.0,8444529030,8210,375,4.8,821654,543,785,2025-12-04,2026-08-15 16:16:36
6,1,OLD,20258383,나우 유 씨 미 3,2025-11-12,71962600,3.3,4617830,6.9,12283513550,7998,638,8.7,1298373,509,742,2025-12-04,2026-08-15 16:16:36
7,-2,OLD,20253906,프레디의 피자가게 2,2025-12-03,72398550,3.3,-54439460,-42.9,200514560,7409,-5687,-43.4,20647,542,1076,2025-12-04,2026-08-15 16:16:36
8,0,OLD,20256757,극장판 체인소 맨: 레제편,2025-09-24,32045420,1.5,-30213470,-48.5,35427109800,3178,-3014,-48.7,3369723,212,237,2025-12-04,2026-08-15 16:16:36
9,2,OLD,20257161,국보,2025-11-19,25981700,1.2,-1993100,-7.1,1234057970,2758,-238,-7.9,131472,228,247,2025-12-04,2026-08-15 16:16:36
10,0,OLD,20259618,콘크리트 마켓,2025-12-03,16842100,0.8,-10933500,-39.4,57080700,2388,-1499,-38.6,7891,172,319,2025-12-04,2026-08-15 16:16:36
1,0,OLD,20252432,주토피아 2,2025-11-26,1868754350,60.2,661267980,54.8,27439423010,189916,61489,47.9,2868476,1771,7335,2025-12-05,2026-08-15 16:15:34
2,1,OLD,20249326,윗집 사람들,2025-12-03,268576600,8.6,73917990,38.0,786826720,28539,7006,32.5,84577,762,1777,2025-12-05,2026-08-15 16:15:34
3,-1,OLD,20258739,극장판 주술회전: 시부야사변 X 사멸회유,2025-12-03,269690490,8.7,45277330,20.2,1058151320,25747,3274,14.6,103531,728,1869,2025-12-05,2026-08-15 16:15:34
4,0,OLD,20233259,정보원,2025-12-03,156158960,5.0,2974400,1.9,599223370,17237,-324,-1.8,64765,746,1555,2025-12-05,2026-08-15 16:15:34
5,2,OLD,20253906,프레디의 피자가게 2,2025-12-03,123358300,4.0,50959750,70.4,323872860,12096,4687,63.3,32743,566,1122,2025-12-05,2026-08-15 16:15:34
6,-1,OLD,20255381,위키드: 포 굿,2025-11-19,96049670,3.1,15898040,19.8,8540578700,9518,1308,15.9,831172,524,762,2025-12-05,2026-08-15 16:15:34
7,-1,OLD,20258383,나우 유 씨 미 3,2025-11-12,69884900,2.2,-2077700,-2.9,12353398450,7281,-717,-9.0,1305654,494,726,2025-12-05,2026-08-15 16:15:34
8,1,OLD,20257161,국보,2025-11-19,34165300,1.1,8183600,31.5,1268223270,3390,632,22.9,134862,246,261,2025-12-05,2026-08-15 16:15:34
9,-1,OLD,20256757,극장판 체인소 맨: 레제편,2025-09-24,32725420,1.1,680000,2.1,35459835220,3068,-110,-3.5,3372791,214,241,2025-12-05,2026-08-15 16:15:34
10,0,OLD,20259618,콘크리트 마켓,2025-12-03,18716100,0.6,1874000,11.1,75796800,2581,193,8.1,10472,167,306,2025-12-05,2026-08-15 16:15:34
1,0,OLD,20252432,주토피아 2,2025-11-26,5529134680,70.2,3660380330,195.9,32968557690,563535,373619,196.7,3432011,2282,10308,2025-12-06,2026-08-15 16:15:31
2,1,OLD,20258739,극장판 주술회전: 시부야사변 X 사멸회유,2025-12-03,556027790,7.1,286337300,106.2,1614179110,53205,27458,106.6,156736,756,1781,2025-12-06,2026-08-15 16:15:31
3,-1,OLD,20249326,윗집 사람들,2025-12-03,493171810,6.3,224595210,83.6,1279998530,50178,21639,75.8,134755,732,1520,2025-12-06,2026-08-15 16:15:31
4,1,OLD,20253906,프레디의 피자가게 2,2025-12-03,286855820,3.6,163497520,132.5,610728680,28847,16751,138.5,61590,541,900,2025-12-06,2026-08-15 16:15:31
5,1,OLD,20255381,위키드: 포 굿,2025-11-19,217697010,2.8,121647340,126.7,8758275710,21419,11901,125.0,852591,472,678,2025-12-06,2026-08-15 16:15:31
6,-2,OLD,20233259,정보원,2025-12-03,187324010,2.4,31165050,20.0,786547380,19780,2543,14.8,84545,670,1229,2025-12-06,2026-08-15 16:15:31
7,2,OLD,20256757,극장판 체인소 맨: 레제편,2025-09-24,150783120,1.9,118057700,360.8,35610618340,14485,11417,372.1,3387276,234,272,2025-12-06,2026-08-15 16:15:31
8,-1,OLD,20258383,나우 유 씨 미 3,2025-11-12,115510820,1.5,45625920,65.3,12468909270,11481,4200,57.7,1317135,405,554,2025-12-06,2026-08-15 16:15:31
9,1,OLD,20259618,콘크리트 마켓,2025-12-03,53761300,0.7,35045200,187.2,129558100,5097,2516,97.5,15569,208,277,2025-12-06,2026-08-15 16:15:31
10,-2,OLD,20257161,국보,2025-11-19,45853020,0.6,11687720,34.2,1314076290,4515,1125,33.2,139377,171,186,2025-12-06,2026-08-15 16:15:31
1,0,OLD,20252432,주토피아 2,2025-11-26,4857541390,71.2,-671593290,-12.1,37826099080,499205,-64330,-11.4,3931216,2240,9920,2025-12-07,2026-08-15 16:15:31
2,1,OLD,20249326,윗집 사람들,2025-12-03,500959900,7.3,7788090,1.6,1780958430,50746,568,1.1,185501,730,1527,2025-12-07,2026-08-15 16:15:31
3,-1,OLD,20258739,극장판 주술회전: 시부야사변 X 사멸회유,2025-12-03,451306400,6.6,-104721390,-18.8,2065485510,42744,-10461,-19.7,199480,728,1705,2025-12-07,2026-08-15 16:15:31
4,0,OLD,20253906,프레디의 피자가게 2,2025-12-03,241684230,3.5,-45171590,-15.7,852412910,24544,-4303,-14.9,86134,523,857,2025-12-07,2026-08-15 16:15:31
5,0,OLD,20255381,위키드: 포 굿,2025-11-19,185034110,2.7,-32662900,-15.0,8943309820,18501,-2918,-13.6,871092,458,645,2025-12-07,2026-08-15 16:15:31
6,0,OLD,20233259,정보원,2025-12-03,157540630,2.3,-29783380,-15.9,944088010,16719,-3061,-15.5,101264,651,1164,2025-12-07,2026-08-15 16:15:31
7,1,OLD,20258383,나우 유 씨 미 3,2025-11-12,94955400,1.4,-20555420,-17.8,12563864670,9576,-1905,-16.6,1326711,387,521,2025-12-07,2026-08-15 16:15:31
8,-1,OLD,20256757,극장판 체인소 맨: 레제편,2025-09-24,62890520,0.9,-87892600,-58.3,35673508860,6144,-8341,-57.6,3393420,221,251,2025-12-07,2026-08-15 16:15:31
9,1,OLD,20257161,국보,2025-11-19,45777560,0.7,-75460,-0.2,1359853850,4577,62,1.4,143954,164,178,2025-12-07,2026-08-15 16:15:31
10,-1,OLD,20259618,콘크리트 마켓,2025-12-03,37594500,0.6,-16166800,-30.1,167152600,3470,-1627,-31.9,19039,191,253,2025-12-07,2026-08-15 16:15:31
1,0,OLD,20252432,주토피아 2,2025-11-26,918744700,58.2,-3938796690,-81.1,38744843780,96969,-402236,-80.6,4028185,1699,6705,2025-12-08,2026-08-15 16:15:30
2,0,OLD,20249326,윗집 사람들,2025-12-03,192842250,12.2,-308117650,-61.5,1973800680,20548,-30198,-59.5,206049,681,1745,2025-12-08,2026-08-15 16:15:30
3,0,OLD,20258739,극장판 주술회전: 시부야사변 X 사멸회유,2025-12-03,108400700,6.9,-342905700,-76.0,2173886210,10661,-32083,-75.1,210141,644,1510,2025-12-08,2026-08-15 16:15:30
4,2,OLD,20233259,정보원,2025-12-03,61518500,3.9,-96022130,-61.0,1005606510,7046,-9673,-57.9,108310,627,1195,2025-12-08,2026-08-15 16:15:30
5,0,OLD,20255381,위키드: 포 굿,2025-11-19,57957700,3.7,-127076410,-68.7,9001267520,6131,-12370,-66.9,877223,485,692,2025-12-08,2026-08-15 16:15:30
6,-2,OLD,20253906,프레디의 피자가게 2,2025-12-03,55570900,3.5,-186113330,-77.0,907983810,5633,-18911,-77.0,91767,481,792,2025-12-08,2026-08-15 16:15:30
7,0,OLD,20258383,나우 유 씨 미 3,2025-11-12,39095800,2.5,-55859600,-58.8,12602960470,4224,-5352,-55.9,1330935,417,585,2025-12-08,2026-08-15 16:15:30
8,1,OLD,20257161,국보,2025-11-19,26153400,1.7,-19624160,-42.9,1386007250,2763,-1814,-39.6,146717,234,262,2025-12-08,2026-08-15 16:15:30
9,-1,OLD,20256757,극장판 체인소 맨: 레제편,2025-09-24,26231680,1.7,-36658840,-58.3,35699740540,2601,-3543,-57.7,3396021,207,241,2025-12-08,2026-08-15 16:15:30
10,2,OLD,20247429,세계의 주인,2025-10-22,11187470,0.7,-6468630,-36.6,1605859740,1269,-507,-28.5,166061,109,135,2025-12-08,2026-08-15 16:15:30
1,0,OLD,20252432,주토피아 2,2025-11-26,903016940,54.8,-15727760,-1.7,39647860720,96276,-693,-0.7,4124461,1709,6645,2025-12-09,2026-08-15 16:15:29
2,0,OLD,20249326,윗집 사람들,2025-12-03,191527950,11.6,-1314300,-0.7,2165328630,20555,7,0.0,226604,717,1793,2025-12-09,2026-08-15 16:15:29
3,1,OLD,20233259,정보원,2025-12-03,85444000,5.2,23925500,38.9,1091050510,9874,2828,40.1,118184,651,1206,2025-12-09,2026-08-15 16:15:29
4,-1,OLD,20258739,극장판 주술회전: 시부야사변 X 사멸회유,2025-12-03,96606760,5.9,-11793940,-10.9,2270492970,9635,-1026,-9.6,219776,657,1486,2025-12-09,2026-08-15 16:15:29
5,1,OLD,20253906,프레디의 피자가게 2,2025-12-03,61731600,3.7,6160700,11.1,969715410,6368,735,13.0,98135,483,792,2025-12-09,2026-08-15 16:15:29
6,-1,OLD,20255381,위키드: 포 굿,2025-11-19,53048380,3.2,-4909320,-8.5,9054315900,5525,-606,-9.9,882748,462,659,2025-12-09,2026-08-15 16:15:29
7,0,OLD,20258383,나우 유 씨 미 3,2025-11-12,45248300,2.7,6152500,15.7,12648208770,5106,882,20.9,1336041,411,567,2025-12-09,2026-08-15 16:15:29
8,0,OLD,20257161,국보,2025-11-19,32962400,2.0,6809000,26.0,1418969650,3623,860,31.1,150340,245,268,2025-12-09,2026-08-15 16:15:29
9,0,OLD,20256757,극장판 체인소 맨: 레제편,2025-09-24,27491880,1.7,1260200,4.8,35727232420,2770,169,6.5,3398791,216,250,2025-12-09,2026-08-15 16:15:29
10,2,OLD,20259618,콘크리트 마켓,2025-12-03,13554800,0.8,7220400,114.0,187041800,2008,1271,172.5,21784,169,238,2025-12-09,2026-08-15 16:15:29
1,0,OLD,20252432,주토피아 2,2025-11-26,1245770740,58.0,342753800,38.0,40893631460,131348,35072,36.4,4255809,1748,6888,2025-12-10,2026-08-15 16:15:28
2,0,OLD,20249326,윗집 사람들,2025-12-03,194315070,9.1,2787120,1.5,2359643700,20869,314,1.5,247473,688,1840,2025-12-10,2026-08-15 16:15:28
3,1,OLD,20258739,극장판 주술회전: 시부야사변 X 사멸회유,2025-12-03,114068290,5.3,17461530,18.1,2384561260,11782,2147,22.3,231558,629,1337,2025-12-10,2026-08-15 16:15:28
4,1,OLD,20253906,프레디의 피자가게 2,2025-12-03,73938600,3.4,12207000,19.8,1043654010,7665,1297,20.4,105800,383,562,2025-12-10,2026-08-15 16:15:28
5,-2,OLD,20233259,정보원,2025-12-03,68542500,3.2,-16901500,-19.8,1159593010,7480,-2394,-24.2,125664,495,747,2025-12-10,2026-08-15 16:15:28
6,47,OLD,20256025,더 러닝 맨,2025-12-10,69483860,3.2,68740860,9251.8,81614860,7260,7214,15682.6,8463,557,1224,2025-12-10,2026-08-15 16:15:28
7,-1,OLD,20255381,위키드: 포 굿,2025-11-19,51573440,2.4,-1474940,-2.8,9105889340,5710,185,3.3,888458,367,494,2025-12-10,2026-08-15 16:15:28
8,-1,OLD,20258383,나우 유 씨 미 3,2025-11-12,48424500,2.3,3176200,7.0,12696633270,5428,322,6.3,1341469,308,380,2025-12-10,2026-08-15 16:15:28
9,0,NEW,20242541,룩백,2024-09-05,39938860,1.9,39938860,100.0,3017664474,4093,4093,100.0,313985,43,74,2025-12-10,2026-08-15 16:15:28
10,0,NEW,20254054,여행과 나날,2025-12-10,34455600,1.6,34455600,100.0,54170100,3786,3786,100.0,5525,136,163,2025-12-10,2026-08-15 16:15:28
1,0,OLD,20252432,주토피아 2,2025-11-26,1036476210,55.5,-209294530,-16.8,41930107670,108697,-22651,-17.2,4364506,1691,6686,2025-12-11,2026-08-15 16:15:27
2,0,OLD,20249326,윗집 사람들,2025-12-03,198925560,10.7,4610490,2.4,2558569260,21230,361,1.7,268703,709,1836,2025-12-11,2026-08-15 16:15:27
3,0,OLD,20258739,극장판 주술회전: 시부야사변 X 사멸회유,2025-12-03,88672270,4.8,-25396020,-22.3,2473233530,9226,-2556,-21.7,240784,599,1223,2025-12-11,2026-08-15 16:15:27
4,1,OLD,20233259,정보원,2025-12-03,60227700,3.2,-8314800,-12.1,1219820710,6659,-821,-11.0,132323,470,640,2025-12-11,2026-08-15 16:15:27
5,-1,OLD,20253906,프레디의 피자가게 2,2025-12-03,63617000,3.4,-10321600,-14.0,1107271010,6574,-1091,-14.2,112374,396,560,2025-12-11,2026-08-15 16:15:27
6,102,OLD,20258808,뽀로로 극장판 스위트캐슬 대모험,2025-12-11,49708500,2.7,49687500,236607.1,58673500,6510,6507,216900.0,7565,439,631,2025-12-11,2026-08-15 16:15:27
7,0,OLD,20255381,위키드: 포 굿,2025-11-19,53945400,2.9,2371960,4.6,9159834740,5759,49,0.9,894217,359,470,2025-12-11,2026-08-15 16:15:27
8,-2,OLD,20256025,더 러닝 맨,2025-12-10,52789180,2.8,-16694680,-24.0,134404040,5590,-1670,-23.0,14053,547,1064,2025-12-11,2026-08-15 16:15:27
9,-1,OLD,20258383,나우 유 씨 미 3,2025-11-12,33205450,1.8,-15219050,-31.4,12729838720,3659,-1769,-32.6,1345128,281,346,2025-12-11,2026-08-15 16:15:27
10,1,OLD,20257161,국보,2025-11-19,28542200,1.5,-1566500,-5.2,1477620550,3150,-180,-5.4,156820,194,213,2025-12-11,2026-08-15 16:15:27
1,0,OLD,20252432,주토피아 2,2025-11-26,1782957350,60.0,746481140,72.0,43713065020,180122,71425,65.7,4544628,1800,7357,2025-12-12,2026-08-15 16:15:19
2,0,OLD,20249326,윗집 사람들,2025-12-03,283096270,9.5,84170710,42.3,2841665530,28952,7722,36.4,297655,737,1999,2025-12-12,2026-08-15 16:15:19
3,0,OLD,20258739,극장판 주술회전: 시부야사변 X 사멸회유,2025-12-03,142460500,4.8,53788230,60.7,2615694030,14080,4854,52.6,254864,622,1306,2025-12-12,2026-08-15 16:15:19
4,1,OLD,20253906,프레디의 피자가게 2,2025-12-03,115425500,3.9,51808500,81.4,1222696510,11451,4877,74.2,123825,430,647,2025-12-12,2026-08-15 16:15:19
5,2,OLD,20255381,위키드: 포 굿,2025-11-19,83578140,2.8,29632740,54.9,9243412880,8616,2857,49.6,902833,378,509,2025-12-12,2026-08-15 16:15:19
6,0,OLD,20258808,뽀로로 극장판 스위트캐슬 대모험,2025-12-11,45741650,1.5,-3966850,-8.0,104415150,5870,-640,-9.8,13435,465,637,2025-12-12,2026-08-15 16:15:19
7,-3,OLD,20233259,정보원,2025-12-03,49420720,1.7,-10806980,-17.9,1269241430,5800,-859,-12.9,138123,441,607,2025-12-12,2026-08-15 16:15:19
8,0,OLD,20256025,더 러닝 맨,2025-12-10,51151770,1.7,-1637410,-3.1,185555810,5242,-348,-6.2,19295,536,1015,2025-12-12,2026-08-15 16:15:19
9,0,OLD,20258383,나우 유 씨 미 3,2025-11-12,41508600,1.4,8303150,25.0,12771347320,4436,777,21.2,1349564,291,343,2025-12-12,2026-08-15 16:15:19
10,0,NEW,20250024,블루 아카이브 : 디 오케스트라 인 시네마,2025-12-12,75399000,2.5,75399000,100.0,76499000,3774,3774,100.0,3924,47,62,2025-12-12,2026-08-15 16:15:19
1,0,OLD,20252432,주토피아 2,2025-11-26,4212118870,66.9,2429161520,136.2,47925183890,427384,247262,137.3,4972012,2114,9545,2025-12-13,2026-08-15 16:15:18
2,0,OLD,20249326,윗집 사람들,2025-12-03,574004200,9.1,290907930,102.8,3415669730,57753,28801,99.5,355408,768,2018,2025-12-13,2026-08-15 16:15:18
3,3,OLD,20258808,뽀로로 극장판 스위트캐슬 대모험,2025-12-11,292888040,4.7,247146390,540.3,397303190,32811,26941,459.0,46246,660,1368,2025-12-13,2026-08-15 16:15:18
4,0,OLD,20253906,프레디의 피자가게 2,2025-12-03,282477750,4.5,167052250,144.7,1505174260,28416,16965,148.2,152241,463,765,2025-12-13,2026-08-15 16:15:18
5,-2,OLD,20258739,극장판 주술회전: 시부야사변 X 사멸회유,2025-12-03,242000450,3.8,99539950,69.9,2857694480,24141,10061,71.5,279005,635,1194,2025-12-13,2026-08-15 16:15:18
6,-1,OLD,20255381,위키드: 포 굿,2025-11-19,129961440,2.1,46383300,55.5,9373374320,12899,4283,49.7,915732,335,440,2025-12-13,2026-08-15 16:15:18
7,1,OLD,20256025,더 러닝 맨,2025-12-10,66269240,1.1,15117470,29.6,251825050,6490,1248,23.8,25785,544,785,2025-12-13,2026-08-15 16:15:18
8,5,OLD,20254054,여행과 나날,2025-12-10,45803600,0.7,12739750,38.5,161126450,4671,1388,42.3,16605,154,185,2025-12-13,2026-08-15 16:15:18
9,5,OLD,20256757,극장판 체인소 맨: 레제편,2025-09-24,46910880,0.7,20065510,74.7,35843508690,4347,1847,73.9,3409895,180,205,2025-12-13,2026-08-15 16:15:18
10,-1,OLD,20258383,나우 유 씨 미 3,2025-11-12,42388000,0.7,879400,2.1,12813735320,4104,-332,-7.5,1353668,210,234,2025-12-13,2026-08-15 16:15:18
1,0,OLD,20252432,주토피아 2,2025-11-26,3900726940,66.9,-311391930,-7.4,51825910830,398897,-28487,-6.7,5370909,2108,9102,2025-12-14,2026-08-15 16:15:14
2,0,OLD,20249326,윗집 사람들,2025-12-03,535872190,9.2,-38132010,-6.6,3951541920,53649,-4104,-7.1,409057,763,1934,2025-12-14,2026-08-15 16:15:14
3,0,OLD,20258808,뽀로로 극장판 스위트캐슬 대모험,2025-12-11,322194890,5.5,29306850,10.0,719498080,35748,2937,9.0,81994,653,1350,2025-12-14,2026-08-15 16:15:14
4,0,OLD,20253906,프레디의 피자가게 2,2025-12-03,261858770,4.5,-20618980,-7.3,1767033030,26412,-2004,-7.1,178653,472,751,2025-12-14,2026-08-15 16:15:14
5,0,OLD,20258739,극장판 주술회전: 시부야사변 X 사멸회유,2025-12-03,211902430,3.6,-30098020,-12.4,3069596910,21033,-3108,-12.9,300038,628,1141,2025-12-14,2026-08-15 16:15:14
6,0,OLD,20255381,위키드: 포 굿,2025-11-19,114333110,2.0,-15628330,-12.0,9487707430,11490,-1409,-10.9,927222,332,426,2025-12-14,2026-08-15 16:15:14
7,0,OLD,20256025,더 러닝 맨,2025-12-10,52703550,0.9,-13565690,-20.5,304528600,5213,-1277,-19.7,30998,518,725,2025-12-14,2026-08-15 16:15:14
8,3,OLD,20257161,국보,2025-11-19,42472900,0.7,2436100,6.1,1594472700,4278,218,5.4,168773,136,149,2025-12-14,2026-08-15 16:15:14
9,3,OLD,20233259,정보원,2025-12-03,39129400,0.7,890830,2.3,1346609400,4146,94,2.3,146321,310,398,2025-12-14,2026-08-15 16:15:14
10,-2,OLD,20254054,여행과 나날,2025-12-10,39321100,0.7,-6482500,-14.2,200447550,4014,-657,-14.1,20619,148,179,2025-12-14,2026-08-15 16:15:14
1,0,OLD,20252432,주토피아 2,2025-11-26,786570990,55.4,-3114155950,-79.8,52612481820,81923,-316974,-79.5,5452832,1679,6576,2025-12-15,2026-08-15 16:15:09
2,0,OLD,20249326,윗집 사람들,2025-12-03,182337420,12.8,-353534770,-66.0,4133879340,19175,-34474,-64.3,428232,687,1948,2025-12-15,2026-08-15 16:15:09
3,2,OLD,20258739,극장판 주술회전: 시부야사변 X 사멸회유,2025-12-03,62597500,4.4,-149304930,-70.5,3132194410,6528,-14505,-69.0,306566,541,998,2025-12-15,2026-08-15 16:15:09
4,0,OLD,20253906,프레디의 피자가게 2,2025-12-03,57837800,4.1,-204020970,-77.9,1824870830,6159,-20253,-76.7,184812,389,637,2025-12-15,2026-08-15 16:15:09
5,1,OLD,20255381,위키드: 포 굿,2025-11-19,47554640,3.3,-66778470,-58.4,9535262070,5252,-6238,-54.3,932474,355,461,2025-12-15,2026-08-15 16:15:09
6,3,OLD,20233259,정보원,2025-12-03,28342700,2.0,-10786700,-27.6,1374952100,3333,-813,-19.6,149654,339,453,2025-12-15,2026-08-15 16:15:09
7,5,OLD,20258383,나우 유 씨 미 3,2025-11-12,28996380,2.0,-6930480,-19.3,12878658560,3161,-297,-8.6,1360287,249,283,2025-12-15,2026-08-15 16:15:09
8,-1,OLD,20256025,더 러닝 맨,2025-12-10,27694160,1.9,-25009390,-47.5,332222760,3002,-2211,-42.4,34000,454,690,2025-12-15,2026-08-15 16:15:09
9,-6,OLD,20258808,뽀로로 극장판 스위트캐슬 대모험,2025-12-11,24409620,1.7,-297785270,-92.4,743907700,2996,-32752,-91.6,84990,355,442,2025-12-15,2026-08-15 16:15:09
10,-2,OLD,20257161,국보,2025-11-19,24531260,1.7,-17941640,-42.2,1619003960,2734,-1544,-36.1,171507,186,217,2025-12-15,2026-08-15 16:15:09
1,0,OLD,20252432,주토피아 2,2025-11-26,888508140,56.4,101937150,13.0,53500989960,93113,11190,13.7,5545945,1735,6653,2025-12-16,2026-08-15 16:15:06
2,0,OLD,20249326,윗집 사람들,2025-12-03,166439320,10.6,-15898100,-8.7,4300318660,17583,-1592,-8.3,445815,713,1964,2025-12-16,2026-08-15 16:15:06
3,0,OLD,20258739,극장판 주술회전: 시부야사변 X 사멸회유,2025-12-03,69087600,4.4,6490100,10.4,3201282010,7166,638,9.8,313732,549,1001,2025-12-16,2026-08-15 16:15:06
4,0,OLD,20253906,프레디의 피자가게 2,2025-12-03,63094530,4.0,5256730,9.1,1887965360,6541,382,6.2,191353,409,639,2025-12-16,2026-08-15 16:15:06
5,0,OLD,20255381,위키드: 포 굿,2025-11-19,47546770,3.0,-7870,0.0,9582808840,4968,-284,-5.4,937442,361,480,2025-12-16,2026-08-15 16:15:06
6,0,OLD,20233259,정보원,2025-12-03,36591400,2.3,8248700,29.1,1411543500,4157,824,24.7,153811,352,438,2025-12-16,2026-08-15 16:15:06
7,2,OLD,20258808,뽀로로 극장판 스위트캐슬 대모험,2025-12-11,28565300,1.8,4155680,17.0,772473000,3633,637,21.3,88623,365,463,2025-12-16,2026-08-15 16:15:06
8,0,NEW,20249255,만약에 우리,2025-12-31,26562000,1.7,26562000,100.0,37673000,2907,2907,100.0,3990,19,19,2025-12-16,2026-08-15 16:15:06
9,-2,OLD,20258383,나우 유 씨 미 3,2025-11-12,25156230,1.6,-3840150,-13.2,12903814790,2667,-494,-15.6,1362954,246,291,2025-12-16,2026-08-15 16:15:06
10,1,OLD,20254054,여행과 나날,2025-12-10,23192800,1.5,2895700,14.3,243937450,2508,309,14.1,25326,141,181,2025-12-16,2026-08-15 16:15:06
1,0,NEW,20256396,아바타: 불과 재,2025-12-17,2950290960,71.7,2950290960,100.0,2979384960,265031,265031,100.0,266411,2582,8143,2025-12-17,2026-08-15 16:15:05
2,-1,OLD,20252432,주토피아 2,2025-11-26,794541870,19.3,-93966270,-10.6,54295531830,85554,-7559,-8.1,5631499,1084,2909,2025-12-17,2026-08-15 16:15:05
3,-1,OLD,20249326,윗집 사람들,2025-12-03,86976520,2.1,-79462800,-47.7,4387295180,9154,-8429,-47.9,454969,501,834,2025-12-17,2026-08-15 16:15:05
4,-1,OLD,20258739,극장판 주술회전: 시부야사변 X 사멸회유,2025-12-03,37667300,0.9,-31420300,-45.5,3238949310,4044,-3122,-43.6,317776,244,275,2025-12-17,2026-08-15 16:15:05
5,2,OLD,20258808,뽀로로 극장판 스위트캐슬 대모험,2025-12-11,24589500,0.6,-3975800,-13.9,797062500,3303,-330,-9.1,91926,260,277,2025-12-17,2026-08-15 16:15:05
6,12,OLD,20242541,룩백,2024-09-05,24237060,0.6,18547560,326.0,3100659814,2518,1928,326.8,322586,25,28,2025-12-17,2026-08-15 16:15:05
7,3,OLD,20254054,여행과 나날,2025-12-10,21761760,0.5,-1431040,-6.2,265699210,2462,-46,-1.8,27788,74,89,2025-12-17,2026-08-15 16:15:05
8,-2,OLD,20233259,정보원,2025-12-03,19953600,0.5,-16637800,-45.5,1431497100,2448,-1709,-41.1,156259,56,66,2025-12-17,2026-08-15 16:15:05
9,-5,OLD,20253906,프레디의 피자가게 2,2025-12-03,23500800,0.6,-39593730,-62.8,1911466160,2414,-4127,-63.1,193767,121,149,2025-12-17,2026-08-15 16:15:05
10,-5,OLD,20255381,위키드: 포 굿,2025-11-19,13460700,0.3,-34086070,-71.7,9596269540,1507,-3461,-69.7,938949,69,73,2025-12-17,2026-08-15 16:15:05
1,0,OLD,20256396,아바타: 불과 재,2025-12-17,2048696550,64.0,-901594410,-30.6,5028081510,179034,-85997,-32.4,445445,2535,7819,2025-12-18,2026-08-15 16:14:47
2,0,OLD,20252432,주토피아 2,2025-11-26,760728140,23.8,-33813730,-4.3,55056259970,82280,-3274,-3.8,5713779,1124,3063,2025-12-18,2026-08-15 16:14:47
3,0,OLD,20249326,윗집 사람들,2025-12-03,93956000,2.9,6979480,8.0,4481251180,10016,862,9.4,464985,527,857,2025-12-18,2026-08-15 16:14:47
4,0,NEW,20249255,만약에 우리,2025-12-31,30942000,1.0,30942000,100.0,68615000,3438,3438,100.0,7428,14,17,2025-12-18,2026-08-15 16:14:47
5,-1,OLD,20258739,극장판 주술회전: 시부야사변 X 사멸회유,2025-12-03,31429900,1.0,-6237400,-16.6,3270379210,3224,-820,-20.3,321000,241,287,2025-12-18,2026-08-15 16:14:47
6,-1,OLD,20258808,뽀로로 극장판 스위트캐슬 대모험,2025-12-11,24456800,0.8,-132700,-0.5,821519300,3034,-269,-8.1,94960,260,270,2025-12-18,2026-08-15 16:14:47
7,1,OLD,20233259,정보원,2025-12-03,24853500,0.8,4899900,24.6,1456350600,2723,275,11.2,158982,59,64,2025-12-18,2026-08-15 16:14:47
8,1,OLD,20253906,프레디의 피자가게 2,2025-12-03,23416600,0.7,-84200,-0.4,1934882760,2511,97,4.0,196278,127,157,2025-12-18,2026-08-15 16:14:47
9,-2,OLD,20254054,여행과 나날,2025-12-10,19327750,0.6,-2434010,-11.2,285026960,2207,-255,-10.4,29995,79,93,2025-12-18,2026-08-15 16:14:47
10,0,OLD,20255381,위키드: 포 굿,2025-11-19,15520100,0.5,2059400,15.3,9611789640,1656,149,9.9,940605,71,78,2025-12-18,2026-08-15 16:14:47
1,0,OLD,20256396,아바타: 불과 재,2025-12-17,2938863440,65.1,890166890,43.5,7966944950,246179,67145,37.5,691624,2514,8034,2025-12-19,2026-08-15 16:14:46
2,0,OLD,20252432,주토피아 2,2025-11-26,1123036410,24.9,362308270,47.6,56179296380,115388,33108,40.2,5829167,1181,3411,2025-12-19,2026-08-15 16:14:46
3,0,OLD,20249326,윗집 사람들,2025-12-03,116608170,2.6,22652170,24.1,4597859350,11902,1886,18.8,476887,548,905,2025-12-19,2026-08-15 16:14:46
4,1,OLD,20258739,극장판 주술회전: 시부야사변 X 사멸회유,2025-12-03,42725800,0.9,11295900,35.9,3313105010,4206,982,30.5,325206,248,288,2025-12-19,2026-08-15 16:14:46
5,3,OLD,20253906,프레디의 피자가게 2,2025-12-03,36071300,0.8,12654700,54.0,1970954060,3598,1087,43.3,199876,143,188,2025-12-19,2026-08-15 16:14:46
6,0,OLD,20258808,뽀로로 극장판 스위트캐슬 대모험,2025-12-11,25636100,0.6,1179300,4.8,847155400,3366,332,10.9,98326,272,290,2025-12-19,2026-08-15 16:14:46
7,3,OLD,20255381,위키드: 포 굿,2025-11-19,24845450,0.6,9325350,60.1,9636635090,2547,891,53.8,943152,77,91,2025-12-19,2026-08-15 16:14:46
8,1,OLD,20254054,여행과 나날,2025-12-10,18510100,0.4,-817650,-4.2,303537060,1994,-213,-9.7,31989,78,93,2025-12-19,2026-08-15 16:14:46
9,-2,OLD,20233259,정보원,2025-12-03,18092200,0.4,-6761300,-27.2,1474442800,1830,-893,-32.8,160812,61,67,2025-12-19,2026-08-15 16:14:46
10,1,OLD,20258383,나우 유 씨 미 3,2025-11-12,17076800,0.4,4790200,39.0,12940100890,1807,320,21.5,1367031,35,39,2025-12-19,2026-08-15 16:14:46
1,0,OLD,20256396,아바타: 불과 재,2025-12-17,6394115180,66.3,3455251740,117.6,14361060130,548560,302381,122.8,1240184,2385,8029,2025-12-20,2026-08-15 16:14:46
2,0,OLD,20252432,주토피아 2,2025-11-26,2507849770,26.0,1384813360,123.3,58687146150,258091,142703,123.7,6087258,1332,4597,2025-12-20,2026-08-15 16:14:46
3,3,OLD,20258808,뽀로로 극장판 스위트캐슬 대모험,2025-12-11,172142780,1.8,146506680,571.5,1019298180,19257,15891,472.1,117583,598,820,2025-12-20,2026-08-15 16:14:46
4,-1,OLD,20249326,윗집 사람들,2025-12-03,148719760,1.5,32111590,27.5,4746579110,14902,3000,25.2,491789,454,677,2025-12-20,2026-08-15 16:14:46
5,0,OLD,20253906,프레디의 피자가게 2,2025-12-03,75211380,0.8,39140080,108.5,2046165440,7812,4214,117.1,207688,158,203,2025-12-20,2026-08-15 16:14:46
6,-2,OLD,20258739,극장판 주술회전: 시부야사변 X 사멸회유,2025-12-03,66245120,0.7,23519320,55.0,3379350130,6910,2704,64.3,332116,202,233,2025-12-20,2026-08-15 16:14:46
7,0,NEW,20259383,극장판 짱구는 못말려: 초화려! 작열하는 떡잎마을 댄서즈,2025-12-24,58470630,0.6,58470630,100.0,58470630,5360,5360,100.0,5360,76,76,2025-12-20,2026-08-15 16:14:46
8,0,OLD,20254054,여행과 나날,2025-12-10,28680200,0.3,10170100,54.9,332217260,2884,890,44.6,34873,76,90,2025-12-20,2026-08-15 16:14:46
9,-2,OLD,20255381,위키드: 포 굿,2025-11-19,26148100,0.3,1302650,5.2,9662783190,2600,53,2.1,945752,57,69,2025-12-20,2026-08-15 16:14:46
10,1,OLD,20257161,국보,2025-11-19,15991140,0.2,2535690,18.8,1689930050,1590,190,13.6,178881,42,44,2025-12-20,2026-08-15 16:14:46
1,0,OLD,20256396,아바타: 불과 재,2025-12-17,5835272470,65.4,-558842710,-8.7,20196332600,505234,-43326,-7.9,1745418,2369,7723,2025-12-21,2026-08-15 16:14:45
2,0,OLD,20252432,주토피아 2,2025-11-26,2385829700,26.7,-122020070,-4.9,61072975850,246819,-11272,-4.4,6334077,1304,4481,2025-12-21,2026-08-15 16:14:45
3,0,OLD,20258808,뽀로로 극장판 스위트캐슬 대모험,2025-12-11,173624220,1.9,1481440,0.9,1192922400,19227,-30,-0.2,136810,600,802,2025-12-21,2026-08-15 16:14:45
4,0,OLD,20249326,윗집 사람들,2025-12-03,124181830,1.4,-24537930,-16.5,4870760940,12296,-2606,-17.5,504085,464,656,2025-12-21,2026-08-15 16:14:45
5,1,OLD,20258739,극장판 주술회전: 시부야사변 X 사멸회유,2025-12-03,83625590,0.9,17380470,26.2,3462975720,8229,1319,19.1,340345,208,242,2025-12-21,2026-08-15 16:14:45
6,-1,OLD,20253906,프레디의 피자가게 2,2025-12-03,75421580,0.8,210200,0.3,2121587020,7770,-42,-0.5,215458,160,209,2025-12-21,2026-08-15 16:14:45
7,0,OLD,20259383,극장판 짱구는 못말려: 초화려! 작열하는 떡잎마을 댄서즈,2025-12-24,52782400,0.6,-5688230,-9.7,111253030,4802,-558,-10.4,10162,68,69,2025-12-21,2026-08-15 16:14:45
8,0,OLD,20254054,여행과 나날,2025-12-10,21193150,0.2,-7487050,-26.1,353410410,2203,-681,-23.6,37076,76,87,2025-12-21,2026-08-15 16:14:45
9,0,OLD,20255381,위키드: 포 굿,2025-11-19,21978400,0.2,-4169700,-15.9,9684761590,2178,-422,-16.2,947930,56,64,2025-12-21,2026-08-15 16:14:45
10,0,OLD,20257161,국보,2025-11-19,17783970,0.2,1792830,11.2,1707714020,1735,145,9.1,180616,42,43,2025-12-21,2026-08-15 16:14:45
1,0,OLD,20256396,아바타: 불과 재,2025-12-17,1778364190,65.1,-4056908280,-69.5,21974696790,152241,-352993,-69.9,1897659,2249,6922,2025-12-22,2026-08-15 16:14:19
2,0,OLD,20252432,주토피아 2,2025-11-26,629559610,23.1,-1756270090,-73.6,61702535460,66988,-179831,-72.9,6401065,1163,3729,2025-12-22,2026-08-15 16:14:19
3,1,OLD,20249326,윗집 사람들,2025-12-03,71291400,2.6,-52890430,-42.6,4942052340,7423,-4873,-39.6,511508,506,877,2025-12-22,2026-08-15 16:14:19
4,1,OLD,20258739,극장판 주술회전: 시부야사변 X 사멸회유,2025-12-03,27510820,1.0,-56114770,-67.1,3490486540,2830,-5399,-65.6,343175,237,277,2025-12-22,2026-08-15 16:14:19
5,-2,OLD,20258808,뽀로로 극장판 스위트캐슬 대모험,2025-12-11,21804600,0.8,-151819620,-87.4,1214727000,2780,-16447,-85.5,139590,256,281,2025-12-22,2026-08-15 16:14:19
6,0,NEW,20249255,만약에 우리,2025-12-31,24290000,0.9,24290000,100.0,92905000,2697,2697,100.0,10125,12,12,2025-12-22,2026-08-15 16:14:19
7,0,NEW,20254219,"오늘 밤, 세계에서 이 사랑이 사라진다 해도",2025-12-24,23292000,0.9,23292000,100.0,25893000,2588,2588,100.0,2877,12,13,2025-12-22,2026-08-15 16:14:19
8,1,OLD,20255381,위키드: 포 굿,2025-11-19,19900600,0.7,-2077800,-9.5,9704662190,2212,34,1.6,950142,88,105,2025-12-22,2026-08-15 16:14:19
9,-3,OLD,20253906,프레디의 피자가게 2,2025-12-03,19138200,0.7,-56283380,-74.6,2140725220,2014,-5756,-74.1,217472,159,208,2025-12-22,2026-08-15 16:14:19
10,-2,OLD,20254054,여행과 나날,2025-12-10,13771100,0.5,-7422050,-35.0,367181510,1535,-668,-30.3,38611,70,87,2025-12-22,2026-08-15 16:14:19
1,0,OLD,20256396,아바타: 불과 재,2025-12-17,1693017460,63.9,-85346730,-4.8,23667714250,145797,-6444,-4.2,2043456,2280,6935,2025-12-23,2026-08-15 16:14:18
2,0,OLD,20252432,주토피아 2,2025-11-26,621352310,23.4,-8207300,-1.3,62323887770,66369,-619,-0.9,6467434,1181,3716,2025-12-23,2026-08-15 16:14:18
3,0,OLD,20249326,윗집 사람들,2025-12-03,73589560,2.8,2298160,3.2,5015641900,7687,264,3.6,519195,513,885,2025-12-23,2026-08-15 16:14:18
4,1,OLD,20258808,뽀로로 극장판 스위트캐슬 대모험,2025-12-11,31727100,1.2,9922500,45.5,1246454100,4109,1329,47.8,143699,249,281,2025-12-23,2026-08-15 16:14:18
5,-1,OLD,20258739,극장판 주술회전: 시부야사변 X 사멸회유,2025-12-03,30349900,1.1,2839080,10.3,3520836440,3128,298,10.5,346303,234,276,2025-12-23,2026-08-15 16:14:18
6,6,OLD,20233259,정보원,2025-12-03,19731600,0.7,12035100,156.4,1506350400,2343,1398,147.9,164664,50,55,2025-12-23,2026-08-15 16:14:18
7,2,OLD,20253906,프레디의 피자가게 2,2025-12-03,19700100,0.7,561900,2.9,2160425320,2015,1,0.0,219487,165,222,2025-12-23,2026-08-15 16:14:18
8,0,OLD,20255381,위키드: 포 굿,2025-11-19,18011400,0.7,-1889200,-9.5,9722673590,1877,-335,-15.1,952019,90,106,2025-12-23,2026-08-15 16:14:18
9,5,OLD,20256757,극장판 체인소 맨: 레제편,2025-09-24,16762500,0.6,9491320,130.5,35992555280,1644,908,123.4,3424467,55,63,2025-12-23,2026-08-15 16:14:18
10,1,OLD,20257161,국보,2025-11-19,12403450,0.5,2532850,25.7,1729988070,1302,250,23.8,182970,48,53,2025-12-23,2026-08-15 16:14:18
1,0,OLD,20256396,아바타: 불과 재,2025-12-17,3376169460,56.9,1683152000,99.4,27043883710,299139,153342,105.2,2342595,2050,6465,2025-12-24,2026-08-15 16:14:14
2,0,OLD,20252432,주토피아 2,2025-11-26,1229918420,20.7,608566110,97.9,63553806190,131302,64933,97.8,6598736,1265,4336,2025-12-24,2026-08-15 16:14:14
3,0,NEW,20254219,"오늘 밤, 세계에서 이 사랑이 사라진다 해도",2025-12-24,613642160,10.3,613642160,100.0,639535160,63918,63918,100.0,66795,755,1855,2025-12-24,2026-08-15 16:14:14
4,0,NEW,20259383,극장판 짱구는 못말려: 초화려! 작열하는 떡잎마을 댄서즈,2025-12-24,372193470,6.3,372193470,100.0,483446500,39535,39535,100.0,49697,747,1652,2025-12-24,2026-08-15 16:14:14
5,-2,OLD,20249326,윗집 사람들,2025-12-03,54835900,0.9,-18753660,-25.5,5070477800,5806,-1881,-24.5,525001,194,244,2025-12-24,2026-08-15 16:14:14
6,-2,OLD,20258808,뽀로로 극장판 스위트캐슬 대모험,2025-12-11,33567400,0.6,1840300,5.8,1280021500,4552,443,10.8,148251,256,282,2025-12-24,2026-08-15 16:14:14
7,0,NEW,20258621,척의 일생,2025-12-24,32445200,0.5,32445200,100.0,51241700,3524,3524,100.0,5127,167,193,2025-12-24,2026-08-15 16:14:14
8,0,OLD,20255381,위키드: 포 굿,2025-11-19,22079100,0.4,4067700,22.6,9744752690,2419,542,28.9,954438,47,56,2025-12-24,2026-08-15 16:14:14
9,0,NEW,20249255,만약에 우리,2025-12-31,23828900,0.4,23828900,100.0,116733900,2293,2293,100.0,12418,30,30,2025-12-24,2026-08-15 16:14:14
10,-1,OLD,20256757,극장판 체인소 맨: 레제편,2025-09-24,22714220,0.4,5951720,35.5,36015269500,2047,403,24.5,3426514,40,43,2025-12-24,2026-08-15 16:14:14
1,0,OLD,20256396,아바타: 불과 재,2025-12-17,7314982110,50.6,3938812650,116.7,34358865820,640291,341152,114.0,2982886,1998,6384,2025-12-25,2026-08-15 16:14:13
2,0,OLD,20252432,주토피아 2,2025-11-26,4220061110,29.2,2990142690,243.1,67773867300,431302,300000,228.5,7030038,1356,5050,2025-12-25,2026-08-15 16:14:13
3,0,OLD,20254219,"오늘 밤, 세계에서 이 사랑이 사라진다 해도",2025-12-24,1156432890,8.0,542790730,88.5,1795968050,115268,51350,80.3,182063,794,1714,2025-12-25,2026-08-15 16:14:13
4,0,OLD,20259383,극장판 짱구는 못말려: 초화려! 작열하는 떡잎마을 댄서즈,2025-12-24,1080467730,7.5,708274260,190.3,1563914230,113600,74065,187.3,163297,735,1774,2025-12-25,2026-08-15 16:14:13
5,1,OLD,20258808,뽀로로 극장판 스위트캐슬 대모험,2025-12-11,257858860,1.8,224291460,668.2,1537880360,28011,23459,515.4,176262,469,595,2025-12-25,2026-08-15 16:14:13
6,-1,OLD,20249326,윗집 사람들,2025-12-03,63797260,0.4,8961360,16.3,5134275060,6276,470,8.1,531277,156,194,2025-12-25,2026-08-15 16:14:13
7,8,OLD,20253906,프레디의 피자가게 2,2025-12-03,43149460,0.3,34177460,380.9,2212546780,4467,3507,365.3,224914,67,88,2025-12-25,2026-08-15 16:14:13
8,1,OLD,20249255,만약에 우리,2025-12-31,39461300,0.3,15632400,65.6,156195200,3255,962,42.0,15673,24,26,2025-12-25,2026-08-15 16:14:13
9,-1,OLD,20255381,위키드: 포 굿,2025-11-19,26310100,0.2,4231000,19.2,9771062790,2616,197,8.1,957054,38,44,2025-12-25,2026-08-15 16:14:13
10,-3,OLD,20258621,척의 일생,2025-12-24,24986050,0.2,-7459150,-23.0,76227750,2559,-965,-27.4,7686,143,160,2025-12-25,2026-08-15 16:14:13
1,0,OLD,20256396,아바타: 불과 재,2025-12-17,3220659150,60.9,-4094322960,-56.0,37579524970,271858,-368433,-57.5,3254744,2034,6322,2025-12-26,2026-08-15 16:13:58
2,0,OLD,20252432,주토피아 2,2025-11-26,1041885560,19.7,-3178175550,-75.3,68815752860,108312,-322990,-74.9,7138350,1235,4139,2025-12-26,2026-08-15 16:13:58
3,0,OLD,20254219,"오늘 밤, 세계에서 이 사랑이 사라진다 해도",2025-12-24,448726140,8.5,-707706750,-61.2,2244694190,46119,-69149,-60.0,228182,818,1936,2025-12-26,2026-08-15 16:13:58
4,0,OLD,20259383,극장판 짱구는 못말려: 초화려! 작열하는 떡잎마을 댄서즈,2025-12-24,242437340,4.6,-838030390,-77.6,1806351570,24797,-88803,-78.2,188094,740,1612,2025-12-26,2026-08-15 16:13:58
5,0,OLD,20258808,뽀로로 극장판 스위트캐슬 대모험,2025-12-11,47969600,0.9,-209889260,-81.4,1585849960,5373,-22638,-80.8,181635,349,396,2025-12-26,2026-08-15 16:13:58
6,0,OLD,20249326,윗집 사람들,2025-12-03,33898800,0.6,-29898460,-46.9,5168173860,3389,-2887,-46.0,534666,157,198,2025-12-26,2026-08-15 16:13:58
7,0,NEW,20258681,후지모토 타츠키 17-26 파트 1,2025-10-24,24492860,0.5,24492860,100.0,155406940,2436,2436,100.0,14867,114,162,2025-12-26,2026-08-15 16:13:58
8,0,NEW,20258633,후지모토 타츠키 17-26 파트 2,2025-10-24,24945500,0.5,24945500,100.0,158892240,2423,2423,100.0,14862,102,155,2025-12-26,2026-08-15 16:13:58
9,1,OLD,20258621,척의 일생,2025-12-24,23823350,0.5,-1162700,-4.7,100051100,2410,-149,-5.8,10096,158,181,2025-12-26,2026-08-15 16:13:58
10,-1,OLD,20255381,위키드: 포 굿,2025-11-19,14821040,0.3,-11489060,-43.7,9785883830,1481,-1135,-43.4,958535,42,47,2025-12-26,2026-08-15 16:13:58
1,0,OLD,20256396,아바타: 불과 재,2025-12-17,4882594660,59.4,1661935510,51.6,42462119630,416651,144793,53.3,3671395,2001,6478,2025-12-27,2026-08-15 16:13:57
2,0,OLD,20252432,주토피아 2,2025-11-26,1779922550,21.7,738036990,70.8,70595675410,182036,73724,68.1,7320386,1237,4424,2025-12-27,2026-08-15 16:13:57
3,0,OLD,20254219,"오늘 밤, 세계에서 이 사랑이 사라진다 해도",2025-12-24,681766810,8.3,233040670,51.9,2926461000,69417,23298,50.5,297599,868,1958,2025-12-27,2026-08-15 16:13:57
4,0,OLD,20259383,극장판 짱구는 못말려: 초화려! 작열하는 떡잎마을 댄서즈,2025-12-24,454872310,5.5,212434970,87.6,2261223880,47037,22240,89.7,235131,749,1715,2025-12-27,2026-08-15 16:13:57
5,0,OLD,20258808,뽀로로 극장판 스위트캐슬 대모험,2025-12-11,84260240,1.0,36290640,75.7,1670110200,9179,3806,70.8,190814,403,478,2025-12-27,2026-08-15 16:13:57
6,0,OLD,20249326,윗집 사람들,2025-12-03,32498600,0.4,-1400200,-4.1,5200672460,3239,-150,-4.4,537905,128,163,2025-12-27,2026-08-15 16:13:57
7,0,NEW,20250444,코드: G 주목의 시작,2025-12-27,15665200,0.2,15665200,100.0,21272200,2888,2888,100.0,3689,39,69,2025-12-27,2026-08-15 16:13:57
8,3,OLD,20253906,프레디의 피자가게 2,2025-12-03,22288880,0.3,8739680,64.5,2248384860,2269,810,55.5,228642,66,82,2025-12-27,2026-08-15 16:13:57
9,0,OLD,20258621,척의 일생,2025-12-24,19067860,0.2,-4755490,-20.0,119118960,1943,-467,-19.4,12039,145,167,2025-12-27,2026-08-15 16:13:57
10,2,OLD,20258739,극장판 주술회전: 시부야사변 X 사멸회유,2025-12-03,19046760,0.2,5651620,42.2,3589889370,1901,572,43.0,353368,63,65,2025-12-27,2026-08-15 16:13:57
1,0,OLD,20256396,아바타: 불과 재,2025-12-17,4243646380,58.2,-638948280,-13.1,46705766010,364963,-51688,-12.4,4036358,1976,6201,2025-12-28,2026-08-15 16:13:56
2,0,OLD,20252432,주토피아 2,2025-11-26,1549879420,21.3,-230043130,-12.9,72145554830,159436,-22600,-12.4,7479822,1210,4249,2025-12-28,2026-08-15 16:13:56
3,0,OLD,20254219,"오늘 밤, 세계에서 이 사랑이 사라진다 해도",2025-12-24,667858450,9.2,-13908360,-2.0,3594319450,67808,-1609,-2.3,365407,864,1937,2025-12-28,2026-08-15 16:13:56
4,0,OLD,20259383,극장판 짱구는 못말려: 초화려! 작열하는 떡잎마을 댄서즈,2025-12-24,410987270,5.6,-43885040,-9.6,2672211150,42636,-4401,-9.4,277767,751,1674,2025-12-28,2026-08-15 16:13:56
5,0,OLD,20258808,뽀로로 극장판 스위트캐슬 대모험,2025-12-11,78394270,1.1,-5865970,-7.0,1748504470,8589,-590,-6.4,199403,394,462,2025-12-28,2026-08-15 16:13:56
6,0,NEW,20249255,만약에 우리,2025-12-31,40279400,0.6,40279400,100.0,196474600,3138,3138,100.0,18811,10,14,2025-12-28,2026-08-15 16:13:56
7,-1,OLD,20249326,윗집 사람들,2025-12-03,29394040,0.4,-3104560,-9.6,5230066500,2900,-339,-10.5,540805,125,154,2025-12-28,2026-08-15 16:13:56
8,1,OLD,20258621,척의 일생,2025-12-24,19682300,0.3,614440,3.2,138801260,2051,108,5.6,14090,149,168,2025-12-28,2026-08-15 16:13:56
9,-1,OLD,20253906,프레디의 피자가게 2,2025-12-03,19537950,0.3,-2750930,-12.3,2267922810,1983,-286,-12.6,230625,68,81,2025-12-28,2026-08-15 16:13:56
10,-3,OLD,20250444,코드: G 주목의 시작,2025-12-27,10684200,0.1,-4981000,-31.8,31956400,1948,-940,-32.5,5637,39,67,2025-12-28,2026-08-15 16:13:56
1,0,OLD,20256396,아바타: 불과 재,2025-12-17,1602159840,55.6,-2641486540,-62.2,48307925850,138756,-226207,-62.0,4175114,1875,5663,2025-12-29,2026-08-15 16:13:38
2,0,OLD,20252432,주토피아 2,2025-11-26,560483890,19.5,-989395530,-63.8,72706038720,59887,-99549,-62.4,7539709,1046,3523,2025-12-29,2026-08-15 16:13:38
3,0,OLD,20254219,"오늘 밤, 세계에서 이 사랑이 사라진다 해도",2025-12-24,318298920,11.1,-349559530,-52.3,3912618370,33497,-34311,-50.6,398904,772,2010,2025-12-29,2026-08-15 16:13:38
4,0,OLD,20259383,극장판 짱구는 못말려: 초화려! 작열하는 떡잎마을 댄서즈,2025-12-24,142676320,5.0,-268310950,-65.3,2814887470,15156,-27480,-64.5,292923,649,1442,2025-12-29,2026-08-15 16:13:38
5,0,OLD,20258808,뽀로로 극장판 스위트캐슬 대모험,2025-12-11,51925840,1.8,-26468430,-33.8,1800430310,5870,-2719,-31.7,205273,304,352,2025-12-29,2026-08-15 16:13:38
6,1,OLD,20249326,윗집 사람들,2025-12-03,21647200,0.8,-7746840,-26.4,5251713700,2284,-616,-21.2,543089,155,202,2025-12-29,2026-08-15 16:13:38
7,1,OLD,20258621,척의 일생,2025-12-24,13754000,0.5,-5928300,-30.1,152555260,1476,-575,-28.0,15566,142,161,2025-12-29,2026-08-15 16:13:38
8,5,OLD,20255381,위키드: 포 굿,2025-11-19,12522700,0.4,-3313100,-20.9,9832178290,1308,-222,-14.5,963106,51,62,2025-12-29,2026-08-15 16:13:38
9,7,OLD,20257161,국보,2025-11-19,10480800,0.4,-2206950,-17.4,1811946770,1110,-165,-12.9,191245,28,37,2025-12-29,2026-08-15 16:13:38
10,0,NEW,20247457,신의악단,2025-12-31,9045000,0.3,9045000,100.0,38624000,1005,1005,100.0,4240,5,5,2025-12-29,2026-08-15 16:13:38
1,0,OLD,20256396,아바타: 불과 재,2025-12-17,1573424620,53.7,-28735220,-1.8,49881350470,138613,-143,-0.1,4313727,1897,5732,2025-12-30,2026-08-15 16:13:37
2,0,OLD,20252432,주토피아 2,2025-11-26,593896780,20.3,33412890,6.0,73299935500,64173,4286,7.2,7603882,1061,3566,2025-12-30,2026-08-15 16:13:37
3,0,OLD,20254219,"오늘 밤, 세계에서 이 사랑이 사라진다 해도",2025-12-24,346528680,11.8,28229760,8.9,4259147050,36791,3294,9.8,435695,808,2047,2025-12-30,2026-08-15 16:13:37
4,0,OLD,20259383,극장판 짱구는 못말려: 초화려! 작열하는 떡잎마을 댄서즈,2025-12-24,145182620,5.0,2506300,1.8,2960070090,15488,332,2.2,308411,672,1446,2025-12-30,2026-08-15 16:13:37
5,0,OLD,20258808,뽀로로 극장판 스위트캐슬 대모험,2025-12-11,51345800,1.8,-580040,-1.1,1851776110,5923,53,0.9,211196,322,366,2025-12-30,2026-08-15 16:13:37
6,0,OLD,20249326,윗집 사람들,2025-12-03,23296600,0.8,1649400,7.6,5275010300,2513,229,10.0,545602,155,212,2025-12-30,2026-08-15 16:13:37
7,0,OLD,20258621,척의 일생,2025-12-24,18556000,0.6,4802000,34.9,171111260,1870,394,26.7,17436,154,173,2025-12-30,2026-08-15 16:13:37
8,0,OLD,20255381,위키드: 포 굿,2025-11-19,14816300,0.5,2293600,18.3,9846994590,1604,296,22.6,964710,51,62,2025-12-30,2026-08-15 16:13:37
9,6,OLD,20250444,코드: G 주목의 시작,2025-12-27,7802300,0.3,3238000,70.9,44323000,1449,647,80.7,7888,36,56,2025-12-30,2026-08-15 16:13:37
10,1,OLD,20258739,극장판 주술회전: 시부야사변 X 사멸회유,2025-12-03,12228000,0.4,3068180,33.5,3629695590,1335,369,38.2,357540,76,84,2025-12-30,2026-08-15 16:13:37
1,0,OLD,20256396,아바타: 불과 재,2025-12-17,2528548820,46.8,955124200,60.7,52409899290,255811,117198,84.6,4569538,1857,5445,2025-12-31,2026-08-15 16:13:37
2,0,NEW,20249255,만약에 우리,2025-12-31,911688760,16.9,911688760,100.0,1108163360,110325,110325,100.0,129136,961,2734,2025-12-31,2026-08-15 16:13:37
3,-1,OLD,20252432,주토피아 2,2025-11-26,824680100,15.3,230783320,38.9,74124615600,101823,37650,58.7,7705705,1001,2839,2025-12-31,2026-08-15 16:13:37
4,-1,OLD,20254219,"오늘 밤, 세계에서 이 사랑이 사라진다 해도",2025-12-24,422350700,7.8,75822020,21.9,4681497750,53323,16532,44.9,489018,781,1622,2025-12-31,2026-08-15 16:13:37
5,29,OLD,20247457,신의악단,2025-12-31,155726960,2.9,154196960,10078.2,195880960,20222,20052,11795.3,24632,496,811,2025-12-31,2026-08-15 16:13:37
6,-2,OLD,20259383,극장판 짱구는 못말려: 초화려! 작열하는 떡잎마을 댄서즈,2025-12-24,154747310,2.9,9564690,6.6,3114817400,18979,3491,22.5,327390,583,907,2025-12-31,2026-08-15 16:13:37
7,0,NEW,20259893,화양연화 특별판,2025-12-31,80027452,1.5,80027452,100.0,106182952,9292,9292,100.0,11279,174,197,2025-12-31,2026-08-15 16:13:37
8,-3,OLD,20258808,뽀로로 극장판 스위트캐슬 대모험,2025-12-11,41105520,0.8,-10240280,-19.9,1892881630,4807,-1116,-18.8,216003,199,215,2025-12-31,2026-08-15 16:13:37
9,0,NEW,20259333,누벨바그,2025-12-31,24782960,0.5,24782960,100.0,30832060,4051,4051,100.0,4597,141,222,2025-12-31,2026-08-15 16:13:37
10,0,NEW,20259563,파더 마더 시스터 브라더,2025-12-31,26807400,0.5,26807400,100.0,49913100,3216,3216,100.0,5344,63,68,2025-12-31,2026-08-15 16:13:37
1,0,OLD,20256396,아바타: 불과 재,2025-12-17,4207700560,50.7,1679151740,66.4,56617599850,358005,102194,39.9,4927543,1752,5425,2026-01-01,2026-08-15 16:13:26
2,1,OLD,20252432,주토피아 2,2025-11-26,1340436480,16.2,515756380,62.5,75465052080,137413,35590,35.0,7843118,986,2876,2026-01-01,2026-08-15 16:13:26
3,-1,OLD,20249255,만약에 우리,2025-12-31,996136420,12.0,84447660,9.3,2104299780,100059,-10266,-9.3,229195,893,2589,2026-01-01,2026-08-15 16:13:26
4,0,OLD,20254219,"오늘 밤, 세계에서 이 사랑이 사라진다 해도",2025-12-24,537611600,6.5,115260900,27.3,5219109350,53427,104,0.2,542445,743,1469,2026-01-01,2026-08-15 16:13:26
5,0,OLD,20247457,신의악단,2025-12-31,281148600,3.4,125421640,80.5,477029560,29755,9533,47.1,54387,464,699,2026-01-01,2026-08-15 16:13:26
6,0,NEW,20256173,스폰지밥 무비: 네모바지를 찾아서,2026-01-01,232480960,2.8,232480960,100.0,255636160,25204,25204,100.0,27568,505,642,2026-01-01,2026-08-15 16:13:26
7,-1,OLD,20259383,극장판 짱구는 못말려: 초화려! 작열하는 떡잎마을 댄서즈,2025-12-24,237866440,2.9,83119130,53.7,3352683840,24913,5934,31.3,352303,545,782,2026-01-01,2026-08-15 16:13:26
8,0,NEW,20258272,톰과 제리: 황금나침반 대소동,2026-01-01,116029220,1.4,116029220,100.0,120747220,13003,13003,100.0,13459,406,484,2026-01-01,2026-08-15 16:13:26
9,-1,OLD,20258808,뽀로로 극장판 스위트캐슬 대모험,2025-12-11,50957160,0.6,9851640,24.0,1943838790,5608,801,16.7,221611,197,212,2026-01-01,2026-08-15 16:13:26
10,-3,OLD,20259893,화양연화 특별판,2025-12-31,51834270,0.6,-28193182,-35.2,158017222,5002,-4290,-46.2,16281,157,172,2026-01-01,2026-08-15 16:13:26
1,0,OLD,20256396,아바타: 불과 재,2025-12-17,2059152600,48.6,-2148547960,-51.1,58676752450,168103,-189902,-53.0,5095646,1715,5316,2026-01-02,2026-08-15 16:13:25
2,0,OLD,20252432,주토피아 2,2025-11-26,637877960,15.0,-702558520,-52.4,76102930040,65880,-71533,-52.1,7908998,920,2696,2026-01-02,2026-08-15 16:13:25
3,0,OLD,20249255,만약에 우리,2025-12-31,632998370,14.9,-363138050,-36.5,2737298150,64445,-35614,-35.6,293640,880,2659,2026-01-02,2026-08-15 16:13:25
4,0,OLD,20254219,"오늘 밤, 세계에서 이 사랑이 사라진다 해도",2025-12-24,279702200,6.6,-257909400,-48.0,5498811550,28817,-24610,-46.1,571262,734,1492,2026-01-02,2026-08-15 16:13:25
5,0,OLD,20247457,신의악단,2025-12-31,145609300,3.4,-135539300,-48.2,622638860,15711,-14044,-47.2,70098,477,731,2026-01-02,2026-08-15 16:13:25
6,1,OLD,20259383,극장판 짱구는 못말려: 초화려! 작열하는 떡잎마을 댄서즈,2025-12-24,114647400,2.7,-123219040,-51.8,3467331240,11978,-12935,-51.9,364281,537,724,2026-01-02,2026-08-15 16:13:25
7,-1,OLD,20256173,스폰지밥 무비: 네모바지를 찾아서,2026-01-01,64098200,1.5,-168382760,-72.4,319734360,7121,-18083,-71.7,34689,459,556,2026-01-02,2026-08-15 16:13:25
8,0,NEW,20227798,에반게리온 신극장판: 파,2022-10-14,40969700,1.0,40969700,100.0,125332224,3764,3764,100.0,11784,40,50,2026-01-02,2026-08-15 16:13:25
9,-1,OLD,20258272,톰과 제리: 황금나침반 대소동,2026-01-01,32611400,0.8,-83417820,-71.9,153358620,3733,-9270,-71.3,17192,349,399,2026-01-02,2026-08-15 16:13:25
10,-1,OLD,20258808,뽀로로 극장판 스위트캐슬 대모험,2025-12-11,31727500,0.7,-19229660,-37.7,1975566290,3511,-2097,-37.4,225122,189,203,2026-01-02,2026-08-15 16:13:25
1,0,OLD,20256396,아바타: 불과 재,2025-12-17,3136319700,48.5,1077167100,52.3,61813072150,260785,92682,55.1,5356431,1761,5503,2026-01-03,2026-08-15 16:13:24
2,1,OLD,20249255,만약에 우리,2025-12-31,999014170,15.4,366015800,57.8,3736312320,100809,36364,56.4,394449,913,2723,2026-01-03,2026-08-15 16:13:24
3,-1,OLD,20252432,주토피아 2,2025-11-26,958562790,14.8,320684830,50.3,77061492830,98413,32533,49.4,8007411,964,2892,2026-01-03,2026-08-15 16:13:24
4,0,OLD,20254219,"오늘 밤, 세계에서 이 사랑이 사라진다 해도",2025-12-24,414244320,6.4,134542120,48.1,5913055870,42443,13626,47.3,613705,741,1449,2026-01-03,2026-08-15 16:13:24
5,0,OLD,20247457,신의악단,2025-12-31,221603990,3.4,75994690,52.2,844242850,23232,7521,47.9,93330,498,721,2026-01-03,2026-08-15 16:13:24
6,0,OLD,20259383,극장판 짱구는 못말려: 초화려! 작열하는 떡잎마을 댄서즈,2025-12-24,191127400,3.0,76480000,66.7,3658458640,20177,8199,68.5,384458,536,749,2026-01-03,2026-08-15 16:13:24
7,0,OLD,20256173,스폰지밥 무비: 네모바지를 찾아서,2026-01-01,116820410,1.8,52722210,82.3,436554770,12958,5837,82.0,47647,497,611,2026-01-03,2026-08-15 16:13:24
8,1,OLD,20258272,톰과 제리: 황금나침반 대소동,2026-01-01,44239550,0.7,11628150,35.7,197598170,5102,1369,36.7,22294,350,397,2026-01-03,2026-08-15 16:13:24
9,1,OLD,20258808,뽀로로 극장판 스위트캐슬 대모험,2025-12-11,41791900,0.6,10064400,31.7,2017358190,4509,998,28.4,229631,212,230,2026-01-03,2026-08-15 16:13:24
10,1,OLD,20259893,화양연화 특별판,2025-12-31,42200100,0.7,9888670,30.6,232528752,4153,1013,32.3,23574,171,198,2026-01-03,2026-08-15 16:13:24
1,0,OLD,20256396,아바타: 불과 재,2025-12-17,2418246230,44.1,-718073470,-22.9,64231318380,201728,-59057,-22.6,5558159,1733,5189,2026-01-04,2026-08-15 16:13:23
2,0,OLD,20249255,만약에 우리,2025-12-31,980875160,17.9,-18139010,-1.8,4717187480,98665,-2144,-2.1,493114,918,2654,2026-01-04,2026-08-15 16:13:23
3,0,OLD,20252432,주토피아 2,2025-11-26,788872580,14.4,-169690210,-17.7,77850365410,81230,-17183,-17.5,8088641,950,2760,2026-01-04,2026-08-15 16:13:23
4,0,OLD,20254219,"오늘 밤, 세계에서 이 사랑이 사라진다 해도",2025-12-24,447479390,8.2,33235070,8.0,6360535260,43686,1243,2.9,657391,732,1414,2026-01-04,2026-08-15 16:13:23
5,0,OLD,20247457,신의악단,2025-12-31,213587320,3.9,-8016670,-3.6,1057830170,21817,-1415,-6.1,115147,500,728,2026-01-04,2026-08-15 16:13:23
6,0,OLD,20259383,극장판 짱구는 못말려: 초화려! 작열하는 떡잎마을 댄서즈,2025-12-24,175591140,3.2,-15536260,-8.1,3834049780,18578,-1599,-7.9,403036,540,734,2026-01-04,2026-08-15 16:13:23
7,0,OLD,20256173,스폰지밥 무비: 네모바지를 찾아서,2026-01-01,108266300,2.0,-8554110,-7.3,544821070,11913,-1045,-8.1,59560,493,606,2026-01-04,2026-08-15 16:13:23
8,1,OLD,20258808,뽀로로 극장판 스위트캐슬 대모험,2025-12-11,39645420,0.7,-2146480,-5.1,2057003610,4325,-184,-4.1,233956,221,238,2026-01-04,2026-08-15 16:13:23
9,-1,OLD,20258272,톰과 제리: 황금나침반 대소동,2026-01-01,37753980,0.7,-6485570,-14.7,235352150,4197,-905,-17.7,26491,338,375,2026-01-04,2026-08-15 16:13:23
10,0,OLD,20259893,화양연화 특별판,2025-12-31,31007100,0.6,-11193000,-26.5,263535852,3000,-1153,-27.8,26574,160,176,2026-01-04,2026-08-15 16:13:23
1,0,OLD,20256396,아바타: 불과 재,2025-12-17,708157290,37.0,-1710088940,-70.7,64939475670,58948,-142780,-70.8,5617107,1588,4409,2026-01-05,2026-08-15 16:13:23
2,0,OLD,20249255,만약에 우리,2025-12-31,457211870,23.9,-523663290,-53.4,5174399350,47857,-50808,-51.5,540971,826,2522,2026-01-05,2026-08-15 16:13:23
3,0,OLD,20252432,주토피아 2,2025-11-26,227374110,11.9,-561498470,-71.2,78077739520,23959,-57271,-70.5,8112600,786,2250,2026-01-05,2026-08-15 16:13:23
4,0,OLD,20254219,"오늘 밤, 세계에서 이 사랑이 사라진다 해도",2025-12-24,138911200,7.3,-308568190,-69.0,6499446460,14558,-29128,-66.7,671949,674,1353,2026-01-05,2026-08-15 16:13:23
5,0,OLD,20247457,신의악단,2025-12-31,121782000,6.4,-91805320,-43.0,1179612170,13325,-8492,-38.9,128472,499,757,2026-01-05,2026-08-15 16:13:23
6,0,OLD,20259383,극장판 짱구는 못말려: 초화려! 작열하는 떡잎마을 댄서즈,2025-12-24,49390150,2.6,-126200990,-71.9,3883439930,5216,-13362,-71.9,408252,440,581,2026-01-05,2026-08-15 16:13:23
7,0,NEW,20259641,송 썽 블루,2026-01-14,31969000,1.7,31969000,100.0,31969000,4567,4567,100.0,4567,19,19,2026-01-05,2026-08-15 16:13:23
8,-1,OLD,20256173,스폰지밥 무비: 네모바지를 찾아서,2026-01-01,21192400,1.1,-87073900,-80.4,566013470,2451,-9462,-79.4,62011,355,405,2026-01-05,2026-08-15 16:13:23
9,-1,OLD,20258808,뽀로로 극장판 스위트캐슬 대모험,2025-12-11,14861620,0.8,-24783800,-62.5,2071865230,1728,-2597,-60.0,235684,168,177,2026-01-05,2026-08-15 16:13:23
10,0,OLD,20259893,화양연화 특별판,2025-12-31,16827900,0.9,-14179200,-45.7,280363752,1720,-1280,-42.7,28294,155,173,2026-01-05,2026-08-15 16:13:23
1,0,OLD,20256396,아바타: 불과 재,2025-12-17,620916980,33.5,-87240310,-12.3,65560392650,52067,-6881,-11.7,5669174,1595,4380,2026-01-06,2026-08-15 16:13:19
2,0,OLD,20249255,만약에 우리,2025-12-31,496875890,26.8,39664020,8.7,5671275240,51980,4123,8.6,592951,856,2584,2026-01-06,2026-08-15 16:13:19
3,0,OLD,20252432,주토피아 2,2025-11-26,213535900,11.5,-13838210,-6.1,78291275420,22717,-1242,-5.2,8135317,801,2207,2026-01-06,2026-08-15 16:13:19
4,1,OLD,20247457,신의악단,2025-12-31,132674700,7.2,10892700,8.9,1312286870,14880,1555,11.7,143352,522,800,2026-01-06,2026-08-15 16:13:19
5,-1,OLD,20254219,"오늘 밤, 세계에서 이 사랑이 사라진다 해도",2025-12-24,134528700,7.3,-4382500,-3.2,6633975160,14325,-233,-1.6,686274,680,1338,2026-01-06,2026-08-15 16:13:19
6,0,OLD,20259383,극장판 짱구는 못말려: 초화려! 작열하는 떡잎마을 댄서즈,2025-12-24,53343400,2.9,3953250,8.0,3936783330,5792,576,11.0,414044,445,585,2026-01-06,2026-08-15 16:13:19
7,0,OLD,20259641,송 썽 블루,2026-01-14,18424000,1.0,-13545000,-42.4,50393000,2632,-1935,-42.4,7199,15,15,2026-01-06,2026-08-15 16:13:19
8,0,OLD,20256173,스폰지밥 무비: 네모바지를 찾아서,2026-01-01,20962300,1.1,-230100,-1.1,586975770,2439,-12,-0.5,64450,348,405,2026-01-06,2026-08-15 16:13:19
9,0,OLD,20258808,뽀로로 극장판 스위트캐슬 대모험,2025-12-11,15415360,0.8,553740,3.7,2087280590,1900,172,10.0,237584,175,180,2026-01-06,2026-08-15 16:13:19
10,0,OLD,20259893,화양연화 특별판,2025-12-31,18019000,1.0,1191100,7.1,298382752,1857,137,8.0,30151,157,175,2026-01-06,2026-08-15 16:13:19
1,1,OLD,20249255,만약에 우리,2025-12-31,525383350,27.1,28507460,5.7,6196658590,54918,2938,5.7,647869,925,2759,2026-01-07,2026-08-15 16:13:19
2,-1,OLD,20256396,아바타: 불과 재,2025-12-17,564475290,29.1,-56441690,-9.1,66124867940,46668,-5399,-10.4,5715842,1518,3997,2026-01-07,2026-08-15 16:13:19
3,0,OLD,20252432,주토피아 2,2025-11-26,209239830,10.8,-4296070,-2.0,78500515250,22565,-152,-0.7,8157882,788,2070,2026-01-07,2026-08-15 16:13:19
4,1,OLD,20254219,"오늘 밤, 세계에서 이 사랑이 사라진다 해도",2025-12-24,128883820,6.6,-5644880,-4.2,6762858980,13453,-872,-6.1,699727,632,1161,2026-01-07,2026-08-15 16:13:19
5,-1,OLD,20247457,신의악단,2025-12-31,110968100,5.7,-21706600,-16.4,1423254970,11929,-2951,-19.8,155281,507,819,2026-01-07,2026-08-15 16:13:19
6,0,NEW,20250115,굿 포츈,2026-01-07,51213100,2.6,51213100,100.0,54963100,6072,6072,100.0,6472,353,496,2026-01-07,2026-08-15 16:13:19
7,-1,OLD,20259383,극장판 짱구는 못말려: 초화려! 작열하는 떡잎마을 댄서즈,2025-12-24,47252900,2.4,-6090500,-11.4,3984036230,5146,-646,-11.2,419190,400,491,2026-01-07,2026-08-15 16:13:19
8,38,OLD,20259250,피렌체,2026-01-07,28853700,1.5,28440700,6886.4,48506200,3304,3245,5500.0,5317,198,239,2026-01-07,2026-08-15 16:13:19
9,0,NEW,20259584,마이 선샤인,2026-01-07,24630700,1.3,24630700,100.0,37048600,3012,3012,100.0,4084,244,312,2026-01-07,2026-08-15 16:13:19
10,2,OLD,20259563,파더 마더 시스터 브라더,2025-12-31,24286400,1.3,13754700,130.6,169793360,2917,1683,136.4,18234,95,101,2026-01-07,2026-08-15 16:13:19
1,0,OLD,20249255,만약에 우리,2025-12-31,558557820,28.5,33174470,6.3,6755216410,58278,3360,6.1,706147,981,2910,2026-01-08,2026-08-15 16:13:14
2,0,OLD,20256396,아바타: 불과 재,2025-12-17,574272800,29.3,9797510,1.7,66699140740,47530,862,1.8,5763372,1507,3963,2026-01-08,2026-08-15 16:13:14
3,0,OLD,20252432,주토피아 2,2025-11-26,207739540,10.6,-1500290,-0.7,78708254790,22400,-165,-0.7,8180282,778,2057,2026-01-08,2026-08-15 16:13:14
4,1,OLD,20247457,신의악단,2025-12-31,143729540,7.3,32761440,29.5,1566984510,15293,3364,28.2,170574,508,852,2026-01-08,2026-08-15 16:13:14
5,-1,OLD,20254219,"오늘 밤, 세계에서 이 사랑이 사라진다 해도",2025-12-24,130884320,6.7,2000500,1.6,6893743300,13825,372,2.8,713552,641,1170,2026-01-08,2026-08-15 16:13:14
6,1,OLD,20259383,극장판 짱구는 못말려: 초화려! 작열하는 떡잎마을 댄서즈,2025-12-24,52192200,2.7,4939300,10.5,4036228430,5704,558,10.8,424894,424,520,2026-01-08,2026-08-15 16:13:14
7,-1,OLD,20250115,굿 포츈,2026-01-07,36677860,1.9,-14535240,-28.4,91640960,4322,-1750,-28.8,10794,380,521,2026-01-08,2026-08-15 16:13:14
8,2,OLD,20259563,파더 마더 시스터 브라더,2025-12-31,20629300,1.1,-3657100,-15.1,190422660,2510,-407,-14.0,20744,95,99,2026-01-08,2026-08-15 16:13:14
9,-1,OLD,20259250,피렌체,2026-01-07,18058100,0.9,-10795600,-37.4,66564300,2158,-1146,-34.7,7475,179,213,2026-01-08,2026-08-15 16:13:14
10,0,NEW,20249624,프로젝트 Y,2026-01-21,21139000,1.1,21139000,100.0,21139000,2153,2153,100.0,2153,9,9,2026-01-08,2026-08-15 16:13:14
1,0,OLD,20249255,만약에 우리,2025-12-31,723605400,30.9,165047580,29.5,7478821810,72659,14381,24.7,778806,1043,3332,2026-01-09,2026-08-15 16:13:13
2,0,OLD,20256396,아바타: 불과 재,2025-12-17,729294750,31.1,155021950,27.0,67428435490,58050,10520,22.1,5821422,1511,4147,2026-01-09,2026-08-15 16:13:13
3,0,OLD,20252432,주토피아 2,2025-11-26,246648440,10.5,38908900,18.7,78954903230,25685,3285,14.7,8205967,801,2110,2026-01-09,2026-08-15 16:13:13
4,0,OLD,20247457,신의악단,2025-12-31,164510860,7.0,20781320,14.5,1731495370,16892,1599,10.5,187466,572,963,2026-01-09,2026-08-15 16:13:13
5,0,OLD,20254219,"오늘 밤, 세계에서 이 사랑이 사라진다 해도",2025-12-24,161301550,6.9,30417230,23.2,7055044850,16298,2473,17.9,729850,658,1211,2026-01-09,2026-08-15 16:13:13
6,0,OLD,20259383,극장판 짱구는 못말려: 초화려! 작열하는 떡잎마을 댄서즈,2025-12-24,54767300,2.3,2575100,4.9,4090995730,5650,-54,-0.9,430544,421,523,2026-01-09,2026-08-15 16:13:13
7,0,OLD,20250115,굿 포츈,2026-01-07,31671900,1.4,-5005960,-13.6,123312860,3700,-622,-14.4,14494,371,498,2026-01-09,2026-08-15 16:13:13
8,1,OLD,20259250,피렌체,2026-01-07,18809220,0.8,751120,4.2,85373520,2216,58,2.7,9691,173,202,2026-01-09,2026-08-15 16:13:13
9,2,OLD,20256173,스폰지밥 무비: 네모바지를 찾아서,2026-01-01,18580700,0.8,2529640,15.8,637367010,2213,333,17.7,70455,274,301,2026-01-09,2026-08-15 16:13:13
10,-2,OLD,20259563,파더 마더 시스터 브라더,2025-12-31,15903100,0.7,-4726200,-22.9,206325760,1859,-651,-25.9,22603,84,90,2026-01-09,2026-08-15 16:13:13
1,1,OLD,20256396,아바타: 불과 재,2025-12-17,1697567980,35.6,968273230,132.8,69126003470,135341,77291,133.1,5956763,1486,4307,2026-01-10,2026-08-15 16:12:55
2,-1,OLD,20249255,만약에 우리,2025-12-31,1334054230,27.9,610448830,84.4,8812876040,134301,61642,84.8,913107,1102,3887,2026-01-10,2026-08-15 16:12:55
3,0,OLD,20252432,주토피아 2,2025-11-26,549248060,11.5,302599620,122.7,79504151290,56076,30391,118.3,8262043,828,2335,2026-01-10,2026-08-15 16:12:55
4,0,OLD,20247457,신의악단,2025-12-31,344585800,7.2,180074940,109.5,2076081170,34696,17804,105.4,222162,613,1075,2026-01-10,2026-08-15 16:12:55
5,0,OLD,20254219,"오늘 밤, 세계에서 이 사랑이 사라진다 해도",2025-12-24,241959440,5.1,80657890,50.0,7297004290,24595,8297,50.9,754445,611,1100,2026-01-10,2026-08-15 16:12:55
6,0,OLD,20259383,극장판 짱구는 못말려: 초화려! 작열하는 떡잎마을 댄서즈,2025-12-24,102110560,2.1,47343260,86.4,4193106290,10840,5190,91.9,441384,434,550,2026-01-10,2026-08-15 16:12:55
7,2,OLD,20256173,스폰지밥 무비: 네모바지를 찾아서,2026-01-01,39700620,0.8,21119920,113.7,677067630,4446,2233,100.9,74901,321,362,2026-01-10,2026-08-15 16:12:55
8,53,OLD,20258325,스노우 폭스 : 마법의 돌을 찾아서,2026-01-10,25782800,0.5,25552800,11109.9,26012800,3605,3569,9913.9,3641,180,242,2026-01-10,2026-08-15 16:12:55
9,-2,OLD,20250115,굿 포츈,2026-01-07,31121340,0.7,-550560,-1.7,154434200,3352,-348,-9.4,17846,331,434,2026-01-10,2026-08-15 16:12:55
10,0,NEW,20250188,하트맨,2026-01-14,26356900,0.6,26356900,100.0,39747900,2605,2605,100.0,4036,16,18,2026-01-10,2026-08-15 16:12:55
1,1,OLD,20249255,만약에 우리,2025-12-31,1341033550,29.3,6979320,0.5,10153909590,133310,-991,-0.7,1046417,1107,3783,2026-01-11,2026-08-15 16:12:54
2,-1,OLD,20256396,아바타: 불과 재,2025-12-17,1521034770,33.3,-176533210,-10.4,70647038240,122869,-12472,-9.2,6079632,1453,4052,2026-01-11,2026-08-15 16:12:54
3,0,OLD,20252432,주토피아 2,2025-11-26,507056050,11.1,-42192010,-7.7,80011207340,51881,-4195,-7.5,8313924,819,2218,2026-01-11,2026-08-15 16:12:54
4,0,OLD,20247457,신의악단,2025-12-31,385272420,8.4,40686620,11.8,2461353590,38268,3572,10.3,260430,631,1088,2026-01-11,2026-08-15 16:12:54
5,0,OLD,20254219,"오늘 밤, 세계에서 이 사랑이 사라진다 해도",2025-12-24,244822500,5.4,2863060,1.2,7541826790,24849,254,1.0,779294,620,1085,2026-01-11,2026-08-15 16:12:54
6,0,OLD,20259383,극장판 짱구는 못말려: 초화려! 작열하는 떡잎마을 댄서즈,2025-12-24,108342230,2.4,6231670,6.1,4301448520,11379,539,5.0,452763,434,545,2026-01-11,2026-08-15 16:12:54
7,0,OLD,20256173,스폰지밥 무비: 네모바지를 찾아서,2026-01-01,39931600,0.9,230980,0.6,716999230,4461,15,0.3,79362,316,340,2026-01-11,2026-08-15 16:12:54
8,0,OLD,20258325,스노우 폭스 : 마법의 돌을 찾아서,2026-01-10,25080800,0.5,-702000,-2.7,51093600,3504,-101,-2.8,7145,177,232,2026-01-11,2026-08-15 16:12:54
9,0,OLD,20250115,굿 포츈,2026-01-07,25970460,0.6,-5150880,-16.6,180404660,2764,-588,-17.5,20610,317,395,2026-01-11,2026-08-15 16:12:54
10,3,OLD,20258808,뽀로로 극장판 스위트캐슬 대모험,2025-12-11,25320270,0.6,4123220,19.5,2173965700,2680,357,15.4,247845,163,173,2026-01-11,2026-08-15 16:12:54
1,0,OLD,20249255,만약에 우리,2025-12-31,530034730,34.9,-810998820,-60.5,10683944320,54601,-78709,-59.0,1101018,944,3459,2026-01-12,2026-08-15 16:12:53
2,0,OLD,20256396,아바타: 불과 재,2025-12-17,432735510,28.5,-1088299260,-71.5,71079773750,35410,-87459,-71.2,6115042,1301,3319,2026-01-12,2026-08-15 16:12:53
3,1,OLD,20247457,신의악단,2025-12-31,150356140,9.9,-234916280,-61.0,2611709730,16112,-22156,-57.9,276542,547,1086,2026-01-12,2026-08-15 16:12:53
4,-1,OLD,20252432,주토피아 2,2025-11-26,140028470,9.2,-367027580,-72.4,80151235810,14719,-37162,-71.6,8328643,664,1765,2026-01-12,2026-08-15 16:12:53
5,0,OLD,20254219,"오늘 밤, 세계에서 이 사랑이 사라진다 해도",2025-12-24,84365370,5.5,-160457130,-65.5,7626192160,8772,-16077,-64.7,788066,562,1029,2026-01-12,2026-08-15 16:12:53
6,0,OLD,20259383,극장판 짱구는 못말려: 초화려! 작열하는 떡잎마을 댄서즈,2025-12-24,33485980,2.2,-74856250,-69.1,4334934500,3538,-7841,-68.9,456301,346,424,2026-01-12,2026-08-15 16:12:53
7,2,OLD,20250115,굿 포츈,2026-01-07,13805900,0.9,-12164560,-46.8,194210560,1543,-1221,-44.2,22153,254,310,2026-01-12,2026-08-15 16:12:53
8,5,OLD,20259250,피렌체,2026-01-07,10189000,0.7,-8415800,-45.2,137250640,1158,-860,-42.6,15354,162,179,2026-01-12,2026-08-15 16:12:53
9,9,OLD,20259563,파더 마더 시스터 브라더,2025-12-31,10532200,0.7,-3294500,-23.8,249457360,1149,-221,-16.1,27131,89,93,2026-01-12,2026-08-15 16:12:53
10,0,NEW,20247690,시스터,2026-01-28,9639000,0.6,9639000,100.0,9639000,1071,1071,100.0,1071,4,5,2026-01-12,2026-08-15 16:12:53
1,0,OLD,20249255,만약에 우리,2025-12-31,521987450,34.7,-8047280,-1.5,11205931770,53830,-771,-1.4,1154848,968,3476,2026-01-13,2026-08-15 16:12:53
2,0,OLD,20256396,아바타: 불과 재,2025-12-17,399747480,26.6,-32988030,-7.6,71479521230,32821,-2589,-7.3,6147863,1327,3298,2026-01-13,2026-08-15 16:12:53
3,0,OLD,20247457,신의악단,2025-12-31,151664760,10.1,1308620,0.9,2763374490,16048,-64,-0.4,292590,567,1102,2026-01-13,2026-08-15 16:12:53
4,0,OLD,20252432,주토피아 2,2025-11-26,138782460,9.2,-1246010,-0.9,80290018270,14879,160,1.1,8343522,682,1738,2026-01-13,2026-08-15 16:12:53
5,0,OLD,20254219,"오늘 밤, 세계에서 이 사랑이 사라진다 해도",2025-12-24,85799620,5.7,1434250,1.7,7711991780,8974,202,2.3,797040,585,1067,2026-01-13,2026-08-15 16:12:53
6,0,OLD,20259383,극장판 짱구는 못말려: 초화려! 작열하는 떡잎마을 댄서즈,2025-12-24,33452730,2.2,-33250,-0.1,4368387230,3629,91,2.6,459930,364,441,2026-01-13,2026-08-15 16:12:53
7,0,OLD,20250115,굿 포츈,2026-01-07,16391100,1.1,2585200,18.7,210601660,1873,330,21.4,24026,274,354,2026-01-13,2026-08-15 16:12:53
8,0,OLD,20259250,피렌체,2026-01-07,14814400,1.0,4625400,45.4,152065040,1770,612,52.8,17124,175,203,2026-01-13,2026-08-15 16:12:53
9,7,OLD,20258808,뽀로로 극장판 스위트캐슬 대모험,2025-12-11,9899200,0.7,6175460,165.8,2187588640,1414,937,196.4,249736,95,99,2026-01-13,2026-08-15 16:12:53
10,1,OLD,20256173,스폰지밥 무비: 네모바지를 찾아서,2026-01-01,10858700,0.7,2225900,25.8,736490730,1374,343,33.3,81767,187,199,2026-01-13,2026-08-15 16:12:53
1,0,OLD,20249255,만약에 우리,2025-12-31,506532920,27.2,-15454530,-3.0,11712464690,52687,-1143,-2.1,1207535,964,3425,2026-01-14,2026-08-15 16:12:52
2,0,OLD,20256396,아바타: 불과 재,2025-12-17,333264860,17.9,-66482620,-16.6,71812786090,28380,-4441,-13.5,6176243,1064,2391,2026-01-14,2026-08-15 16:12:52
3,33,OLD,20250188,하트맨,2026-01-14,239362550,12.9,237386550,12013.5,306854850,26685,26533,17455.9,33187,839,2941,2026-01-14,2026-08-15 16:12:52
4,0,NEW,20250482,"신비아파트 10주년 극장판: 한 번 더, 소환",2026-01-14,203862930,11.0,203862930,100.0,282962790,23430,23430,100.0,31235,597,1033,2026-01-14,2026-08-15 16:12:52
5,-2,OLD,20247457,신의악단,2025-12-31,117214550,6.3,-34450210,-22.7,2880589040,12554,-3494,-21.8,305144,524,970,2026-01-14,2026-08-15 16:12:52
6,-2,OLD,20252432,주토피아 2,2025-11-26,114125890,6.1,-24656570,-17.8,80404144160,12275,-2604,-17.5,8355797,647,1199,2026-01-14,2026-08-15 16:12:52
7,-2,OLD,20254219,"오늘 밤, 세계에서 이 사랑이 사라진다 해도",2025-12-24,53802800,2.9,-31996820,-37.3,7765794580,5605,-3369,-37.5,802645,379,575,2026-01-14,2026-08-15 16:12:52
8,0,NEW,20228555,더 퍼스트 슬램덩크,2023-01-04,72258800,3.9,72258800,100.0,51383527405,5290,5290,100.0,4908867,57,147,2026-01-14,2026-08-15 16:12:52
9,0,NEW,20250438,끝이 없는 스칼렛,2026-01-14,26838200,1.4,26838200,100.0,26838200,3762,3762,100.0,3762,165,322,2026-01-14,2026-08-15 16:12:52
10,0,NEW,20246546,보이,2026-01-14,22110920,1.2,22110920,100.0,35452920,2765,2765,100.0,4166,145,193,2026-01-14,2026-08-15 16:12:52
1,0,OLD,20249255,만약에 우리,2025-12-31,481899310,29.8,-24633610,-4.9,12194364000,49896,-2791,-5.3,1257431,984,3381,2026-01-15,2026-08-15 16:12:51
2,0,OLD,20256396,아바타: 불과 재,2025-12-17,306651740,19.0,-26613120,-8.0,72119437830,25551,-2829,-10.0,6201794,1047,2324,2026-01-15,2026-08-15 16:12:51
3,0,OLD,20250188,하트맨,2026-01-14,160010350,9.9,-79352200,-33.2,466865200,17810,-8875,-33.3,50997,809,2641,2026-01-15,2026-08-15 16:12:51
4,1,OLD,20247457,신의악단,2025-12-31,148461860,9.2,31247310,26.7,3029050900,15898,3344,26.6,321042,579,1060,2026-01-15,2026-08-15 16:12:51
5,-1,OLD,20250482,"신비아파트 10주년 극장판: 한 번 더, 소환",2026-01-14,124912060,7.7,-78950870,-38.7,407874850,14546,-8884,-37.9,45781,709,1147,2026-01-15,2026-08-15 16:12:51
6,0,OLD,20252432,주토피아 2,2025-11-26,109892380,6.8,-4233510,-3.7,80514036540,11767,-508,-4.1,8367564,625,1166,2026-01-15,2026-08-15 16:12:51
7,0,OLD,20254219,"오늘 밤, 세계에서 이 사랑이 사라진다 해도",2025-12-24,49963180,3.1,-3839620,-7.1,7815757760,5237,-368,-6.6,807882,384,575,2026-01-15,2026-08-15 16:12:51
8,0,OLD,20228555,더 퍼스트 슬램덩크,2023-01-04,32156500,2.0,-40102300,-55.5,51415683905,2331,-2959,-55.9,4911198,57,138,2026-01-15,2026-08-15 16:12:51
9,1,OLD,20246546,보이,2026-01-14,17515500,1.1,-4595420,-20.8,52968420,2185,-580,-21.0,6351,144,182,2026-01-15,2026-08-15 16:12:51
10,1,OLD,20259383,극장판 짱구는 못말려: 초화려! 작열하는 떡잎마을 댄서즈,2025-12-24,17677600,1.1,-729300,-4.0,4404471730,1894,-90,-4.5,463808,189,206,2026-01-15,2026-08-15 16:12:51
1,0,OLD,20249255,만약에 우리,2025-12-31,614923700,31.2,133024390,27.6,12809287700,61474,11578,23.2,1318905,1026,3650,2026-01-16,2026-08-15 16:12:50
2,0,OLD,20256396,아바타: 불과 재,2025-12-17,416704960,21.1,110053220,35.9,72536142790,32556,7005,27.4,6234350,1044,2448,2026-01-16,2026-08-15 16:12:50
3,0,OLD,20250188,하트맨,2026-01-14,205695220,10.4,45684870,28.6,672560420,22013,4203,23.6,73010,814,2700,2026-01-16,2026-08-15 16:12:50
4,0,OLD,20247457,신의악단,2025-12-31,192378990,9.7,43917130,29.6,3221429890,19528,3630,22.8,340570,615,1207,2026-01-16,2026-08-15 16:12:50
5,1,OLD,20252432,주토피아 2,2025-11-26,135949090,6.9,26056710,23.7,80649985630,14118,2351,20.0,8381682,664,1204,2026-01-16,2026-08-15 16:12:50
6,-1,OLD,20250482,"신비아파트 10주년 극장판: 한 번 더, 소환",2026-01-14,121085890,6.1,-3826170,-3.1,528960740,13466,-1080,-7.4,59247,721,1205,2026-01-16,2026-08-15 16:12:50
7,0,OLD,20254219,"오늘 밤, 세계에서 이 사랑이 사라진다 해도",2025-12-24,60431960,3.1,10468780,21.0,7876189720,6030,793,15.1,813912,405,619,2026-01-16,2026-08-15 16:12:50
8,0,OLD,20228555,더 퍼스트 슬램덩크,2023-01-04,28615900,1.4,-3540600,-11.0,51444299805,2049,-282,-12.1,4913247,57,137,2026-01-16,2026-08-15 16:12:50
9,0,OLD,20246546,보이,2026-01-14,16426000,0.8,-1089500,-6.2,69394420,1990,-195,-8.9,8341,134,167,2026-01-16,2026-08-15 16:12:50
10,0,OLD,20259383,극장판 짱구는 못말려: 초화려! 작열하는 떡잎마을 댄서즈,2025-12-24,16404650,0.8,-1272950,-7.2,4420876380,1724,-170,-9.0,465532,186,205,2026-01-16,2026-08-15 16:12:50
1,0,OLD,20249255,만약에 우리,2025-12-31,1329983410,29.5,715059710,116.3,14139271110,133179,71705,116.6,1452084,1116,4089,2026-01-17,2026-08-15 16:12:50
2,0,OLD,20256396,아바타: 불과 재,2025-12-17,973998540,21.6,557293580,133.7,73510141330,77508,44952,138.1,6311858,1048,2584,2026-01-17,2026-08-15 16:12:50
3,3,OLD,20250482,"신비아파트 10주년 극장판: 한 번 더, 소환",2026-01-14,470390990,10.4,349305100,288.5,999351730,52370,38904,288.9,111617,868,1746,2026-01-17,2026-08-15 16:12:50
4,-1,OLD,20250188,하트맨,2026-01-14,435831540,9.7,230136320,111.9,1108391960,46295,24282,110.3,119305,820,2709,2026-01-17,2026-08-15 16:12:50
5,-1,OLD,20247457,신의악단,2025-12-31,458351360,10.2,265972370,138.3,3679781250,45981,26453,135.5,386551,734,1450,2026-01-17,2026-08-15 16:12:50
6,-1,OLD,20252432,주토피아 2,2025-11-26,302868810,6.7,166919720,122.8,80952854440,30637,16519,117.0,8412319,728,1394,2026-01-17,2026-08-15 16:12:50
7,0,OLD,20254219,"오늘 밤, 세계에서 이 사랑이 사라진다 해도",2025-12-24,110132280,2.4,49700320,82.2,7986322000,11103,5073,84.1,825015,407,647,2026-01-17,2026-08-15 16:12:50
8,3,OLD,20250299,고고다이노 극장판: 곤충세계 대모험,2026-01-14,63683300,1.4,51796400,435.7,118160800,6976,5469,362.9,13237,240,343,2026-01-17,2026-08-15 16:12:50
9,1,OLD,20259383,극장판 짱구는 못말려: 초화려! 작열하는 떡잎마을 댄서즈,2025-12-24,38699900,0.9,22295250,135.9,4459576280,3960,2236,129.7,469492,213,238,2026-01-17,2026-08-15 16:12:50
10,-2,OLD,20228555,더 퍼스트 슬램덩크,2023-01-04,40542900,0.9,11927000,41.7,51484842705,2741,692,33.8,4915988,57,133,2026-01-17,2026-08-15 16:12:50
1,0,OLD,20249255,만약에 우리,2025-12-31,1220421140,29.5,-109562270,-8.2,15359692250,121751,-11428,-8.6,1573835,1084,3878,2026-01-18,2026-08-15 16:12:49
2,0,OLD,20256396,아바타: 불과 재,2025-12-17,830422780,20.1,-143575760,-14.7,74340564110,66975,-10533,-13.6,6378833,1036,2467,2026-01-18,2026-08-15 16:12:49
3,2,OLD,20247457,신의악단,2025-12-31,498765010,12.1,40413650,8.8,4178546260,49330,3349,7.3,435881,740,1406,2026-01-18,2026-08-15 16:12:49
4,-1,OLD,20250482,"신비아파트 10주년 극장판: 한 번 더, 소환",2026-01-14,434409620,10.5,-35981370,-7.6,1433761350,48428,-3942,-7.5,160045,857,1725,2026-01-18,2026-08-15 16:12:49
5,-1,OLD,20250188,하트맨,2026-01-14,366913360,8.9,-68918180,-15.8,1475305320,38886,-7409,-16.0,158191,808,2507,2026-01-18,2026-08-15 16:12:49
6,0,OLD,20252432,주토피아 2,2025-11-26,278633350,6.7,-24235460,-8.0,81231487790,28204,-2433,-7.9,8440523,735,1333,2026-01-18,2026-08-15 16:12:49
7,0,OLD,20254219,"오늘 밤, 세계에서 이 사랑이 사라진다 해도",2025-12-24,106185120,2.6,-3947160,-3.6,8092507120,10668,-435,-3.9,835683,401,618,2026-01-18,2026-08-15 16:12:49
8,0,OLD,20250299,고고다이노 극장판: 곤충세계 대모험,2026-01-14,69531400,1.7,5848100,9.2,187692200,7574,598,8.6,20811,255,345,2026-01-18,2026-08-15 16:12:49
9,0,OLD,20259383,극장판 짱구는 못말려: 초화려! 작열하는 떡잎마을 댄서즈,2025-12-24,35617880,0.9,-3082020,-8.0,4495194160,3689,-271,-6.8,473181,211,230,2026-01-18,2026-08-15 16:12:49
10,0,OLD,20228555,더 퍼스트 슬램덩크,2023-01-04,35910800,0.9,-4632100,-11.4,51520753505,2487,-254,-9.3,4918475,58,125,2026-01-18,2026-08-15 16:12:49
1,0,OLD,20249255,만약에 우리,2025-12-31,470408840,34.5,-750012300,-61.5,15830101090,48031,-73720,-60.5,1621866,986,3567,2026-01-19,2026-08-15 16:12:48
2,1,OLD,20247457,신의악단,2025-12-31,229421300,16.8,-269343710,-54.0,4407967560,24177,-25153,-51.0,460058,605,1373,2026-01-19,2026-08-15 16:12:48
3,-1,OLD,20256396,아바타: 불과 재,2025-12-17,236580550,17.3,-593842230,-71.5,74577144660,19814,-47161,-70.4,6398647,959,2095,2026-01-19,2026-08-15 16:12:48
4,1,OLD,20250188,하트맨,2026-01-14,107658200,7.9,-259255160,-70.7,1582963520,11729,-27157,-69.8,169920,683,2026,2026-01-19,2026-08-15 16:12:48
5,1,OLD,20252432,주토피아 2,2025-11-26,75785070,5.6,-202848280,-72.8,81307272860,7820,-20384,-72.3,8448343,575,1075,2026-01-19,2026-08-15 16:12:48
6,-2,OLD,20250482,"신비아파트 10주년 극장판: 한 번 더, 소환",2026-01-14,62733640,4.6,-371675980,-85.6,1496494990,7198,-41230,-85.1,167243,569,1073,2026-01-19,2026-08-15 16:12:48
7,0,OLD,20254219,"오늘 밤, 세계에서 이 사랑이 사라진다 해도",2025-12-24,36277120,2.7,-69908000,-65.8,8128784240,3717,-6951,-65.2,839400,363,574,2026-01-19,2026-08-15 16:12:48
8,0,NEW,20240400,슈가,2026-01-21,18756000,1.4,18756000,100.0,20718000,2084,2084,100.0,2302,10,10,2026-01-19,2026-08-15 16:12:48
9,0,OLD,20259383,극장판 짱구는 못말려: 초화려! 작열하는 떡잎마을 댄서즈,2025-12-24,13592100,1.0,-22025780,-61.8,4508786260,1410,-2279,-61.8,474591,167,192,2026-01-19,2026-08-15 16:12:48
10,0,OLD,20228555,더 퍼스트 슬램덩크,2023-01-04,14492000,1.1,-21418800,-59.6,51535245505,1061,-1426,-57.3,4919536,58,127,2026-01-19,2026-08-15 16:12:48
1,0,OLD,20249255,만약에 우리,2025-12-31,425771420,32.2,-44637420,-9.5,16255872510,43769,-4262,-8.9,1665635,1006,3581,2026-01-20,2026-08-15 16:12:48
2,0,OLD,20247457,신의악단,2025-12-31,227419220,17.2,-2002080,-0.9,4635386780,24077,-100,-0.4,484135,644,1454,2026-01-20,2026-08-15 16:12:48
3,0,OLD,20256396,아바타: 불과 재,2025-12-17,216511390,16.4,-20069160,-8.5,74793656050,18196,-1618,-8.2,6416843,956,2071,2026-01-20,2026-08-15 16:12:48
4,0,OLD,20250188,하트맨,2026-01-14,108403260,8.2,745060,0.7,1691366780,12143,414,3.5,182063,675,2016,2026-01-20,2026-08-15 16:12:48
5,0,OLD,20252432,주토피아 2,2025-11-26,80353170,6.1,4568100,6.0,81387626030,8350,530,6.8,8456693,580,1047,2026-01-20,2026-08-15 16:12:48
6,0,OLD,20250482,"신비아파트 10주년 극장판: 한 번 더, 소환",2026-01-14,60149900,4.6,-2583740,-4.1,1556644890,6960,-238,-3.3,174203,581,1051,2026-01-20,2026-08-15 16:12:48
7,0,OLD,20254219,"오늘 밤, 세계에서 이 사랑이 사라진다 해도",2025-12-24,37325100,2.8,1047980,2.9,8166109340,3811,94,2.5,843211,368,579,2026-01-20,2026-08-15 16:12:48
8,1,OLD,20259383,극장판 짱구는 못말려: 초화려! 작열하는 떡잎마을 댄서즈,2025-12-24,14413000,1.1,820900,6.0,4523199260,1542,132,9.4,476133,175,201,2026-01-20,2026-08-15 16:12:48
9,4,OLD,20246546,보이,2026-01-14,11725700,0.9,6569900,127.4,106456820,1526,873,133.7,12783,122,143,2026-01-20,2026-08-15 16:12:48
10,0,OLD,20228555,더 퍼스트 슬램덩크,2023-01-04,18295200,1.4,3803200,26.2,51553540705,1300,239,22.5,4920836,58,125,2026-01-20,2026-08-15 16:12:48
1,0,OLD,20249255,만약에 우리,2025-12-31,401842980,24.2,-23928440,-5.6,16657715490,41618,-2151,-4.9,1707253,886,3171,2026-01-21,2026-08-15 16:12:47
2,0,NEW,20249624,프로젝트 Y,2026-01-21,224920730,13.6,224920730,100.0,246059730,24398,24398,100.0,26551,781,2785,2026-01-21,2026-08-15 16:12:47
3,-1,OLD,20247457,신의악단,2025-12-31,174751000,10.5,-52668220,-23.2,4810137780,18809,-5268,-21.9,502944,618,1194,2026-01-21,2026-08-15 16:12:47
4,-1,OLD,20256396,아바타: 불과 재,2025-12-17,202634960,12.2,-13876430,-6.4,74996291010,16497,-1699,-9.3,6433340,711,1585,2026-01-21,2026-08-15 16:12:47
5,0,NEW,20040549,천공의 성 라퓨타,2004-04-30,143817110,8.7,143817110,100.0,279432610,14433,14433,100.0,36402,431,727,2026-01-21,2026-08-15 16:12:47
6,-1,OLD,20252432,주토피아 2,2025-11-26,63021710,3.8,-17331460,-21.6,81450647740,6749,-1601,-19.2,8463442,449,674,2026-01-21,2026-08-15 16:12:47
7,-3,OLD,20250188,하트맨,2026-01-14,56838900,3.4,-51564360,-47.6,1748205680,6346,-5797,-47.7,188409,539,1021,2026-01-21,2026-08-15 16:12:47
8,0,NEW,20258324,731,2026-01-21,55173700,3.3,55173700,100.0,55173700,6084,6084,100.0,6084,314,492,2026-01-21,2026-08-15 16:12:47
9,-3,OLD,20250482,"신비아파트 10주년 극장판: 한 번 더, 소환",2026-01-14,45145410,2.7,-15004490,-24.9,1601790300,5290,-1670,-24.0,179493,501,791,2026-01-21,2026-08-15 16:12:47
10,0,NEW,20030316,반지의 제왕 : 왕의 귀환,2003-12-17,67826640,4.1,67826640,100.0,4751159030,4569,4569,100.0,731630,12,43,2026-01-21,2026-08-15 16:12:47
1,0,OLD,20249255,만약에 우리,2025-12-31,383045060,26.4,-18797920,-4.7,17040760550,39480,-2138,-5.1,1746733,932,3194,2026-01-22,2026-08-15 16:12:46
2,1,OLD,20247457,신의악단,2025-12-31,237024410,16.3,62273410,35.6,5047162190,25198,6389,34.0,528142,717,1371,2026-01-22,2026-08-15 16:12:46
3,1,OLD,20256396,아바타: 불과 재,2025-12-17,196575200,13.6,-6059760,-3.0,75192866210,15860,-637,-3.9,6449200,717,1574,2026-01-22,2026-08-15 16:12:46
4,-2,OLD,20249624,프로젝트 Y,2026-01-21,137017460,9.4,-87903270,-39.1,383077190,14435,-9963,-40.8,40986,760,2447,2026-01-22,2026-08-15 16:12:46
5,1,OLD,20252432,주토피아 2,2025-11-26,62084640,4.3,-937070,-1.5,81512732380,6811,62,0.9,8470253,451,665,2026-01-22,2026-08-15 16:12:46
6,1,OLD,20250188,하트맨,2026-01-14,54151560,3.7,-2687340,-4.7,1802357240,6195,-151,-2.4,194604,534,972,2026-01-22,2026-08-15 16:12:46
7,2,OLD,20250482,"신비아파트 10주년 극장판: 한 번 더, 소환",2026-01-14,51730200,3.6,6584790,14.6,1653520500,5841,551,10.4,185334,511,793,2026-01-22,2026-08-15 16:12:46
8,-3,OLD,20040549,천공의 성 라퓨타,2004-04-30,50148480,3.5,-93668630,-65.1,329581090,5209,-9224,-63.9,41611,419,661,2026-01-22,2026-08-15 16:12:46
9,-1,OLD,20258324,731,2026-01-21,37029500,2.6,-18144200,-32.9,92203200,4088,-1996,-32.8,10172,312,448,2026-01-22,2026-08-15 16:12:46
10,1,OLD,20259552,시라트,2026-01-21,27591020,1.9,-6831480,-19.8,91918020,3003,-778,-20.6,9385,191,233,2026-01-22,2026-08-15 16:12:46
1,0,OLD,20249255,만약에 우리,2025-12-31,502258670,28.4,119213610,31.1,17543019220,49885,10405,26.4,1796618,987,3448,2026-01-23,2026-08-15 16:11:35
2,0,OLD,20247457,신의악단,2025-12-31,257852900,14.6,20828490,8.8,5305015090,26432,1234,4.9,554574,753,1565,2026-01-23,2026-08-15 16:11:35
3,0,OLD,20256396,아바타: 불과 재,2025-12-17,271408140,15.4,74832940,38.1,75464274350,20690,4830,30.5,6469890,715,1694,2026-01-23,2026-08-15 16:11:35
4,0,OLD,20249624,프로젝트 Y,2026-01-21,141685540,8.0,4668080,3.4,524762730,14716,281,1.9,55702,742,2413,2026-01-23,2026-08-15 16:11:35
5,0,OLD,20252432,주토피아 2,2025-11-26,89445760,5.1,27361120,44.1,81602178140,9073,2262,33.2,8479326,486,736,2026-01-23,2026-08-15 16:11:35
6,0,OLD,20250188,하트맨,2026-01-14,60406000,3.4,6254440,11.5,1862763240,6409,214,3.5,201013,550,1011,2026-01-23,2026-08-15 16:11:35
7,0,OLD,20250482,"신비아파트 10주년 극장판: 한 번 더, 소환",2026-01-14,54903000,3.1,3172800,6.1,1708423500,6179,338,5.8,191513,518,816,2026-01-23,2026-08-15 16:11:35
8,0,OLD,20040549,천공의 성 라퓨타,2004-04-30,48643700,2.8,-1504780,-3.0,378224790,4841,-368,-7.1,46452,413,637,2026-01-23,2026-08-15 16:11:35
9,0,NEW,20227810,에반게리온 신극장판: Q,2022-10-14,48298500,2.7,48298500,100.0,121050417,4555,4555,100.0,11533,54,88,2026-01-23,2026-08-15 16:11:35
10,0,OLD,20259552,시라트,2026-01-21,40914690,2.3,13323670,48.3,132832710,4100,1097,36.5,13485,188,247,2026-01-23,2026-08-15 16:11:35
1,0,OLD,20249255,만약에 우리,2025-12-31,1079629440,28.7,577370770,115.0,18622648660,108141,58256,116.8,1904759,1047,3929,2026-01-24,2026-08-11 11:44:21
2,0,OLD,20247457,신의악단,2025-12-31,569067940,15.1,311215040,120.7,5874083030,57760,31328,118.5,612334,811,1989,2026-01-24,2026-08-11 11:44:21
3,0,OLD,20256396,아바타: 불과 재,2025-12-17,648875900,17.3,377467760,139.1,76113150250,50122,29432,142.3,6520012,772,1822,2026-01-24,2026-08-11 11:44:21
4,3,OLD,20250482,"신비아파트 10주년 극장판: 한 번 더, 소환",2026-01-14,231017080,6.1,176114080,320.8,1939440580,25729,19550,316.4,217242,683,1340,2026-01-24,2026-08-11 11:44:21
5,-1,OLD,20249624,프로젝트 Y,2026-01-21,256604780,6.8,114919240,81.1,781367510,24718,10002,68.0,80420,800,2268,2026-01-24,2026-08-11 11:44:21
6,-1,OLD,20252432,주토피아 2,2025-11-26,200181240,5.3,110735480,123.8,81802359380,20176,11103,122.4,8499502,581,928,2026-01-24,2026-08-11 11:44:21
7,-1,OLD,20250188,하트맨,2026-01-14,142357270,3.8,81951270,135.7,2005120510,14353,7944,124.0,215366,613,1027,2026-01-24,2026-08-11 11:44:21
8,0,OLD,20040549,천공의 성 라퓨타,2004-04-30,118036760,3.1,69393060,142.7,496261550,11062,6221,128.5,57514,416,608,2026-01-24,2026-08-11 11:44:21
9,1,OLD,20259552,시라트,2026-01-21,50190450,1.3,9275760,22.7,183023160,5061,961,23.4,18546,195,248,2026-01-24,2026-08-11 11:44:21
10,11,OLD,20250299,고고다이노 극장판: 곤충세계 대모험,2026-01-14,43255800,1.2,38792900,869.2,253945800,4935,4381,790.8,28570,210,297,2026-01-24,2026-08-11 11:44:21
1,0,OLD,20249255,만약에 우리,2025-12-31,972309770,27.4,-107319670,-9.9,19594958430,96261,-11880,-11.0,2001020,1065,3766,2026-01-25,2026-08-11 11:44:20
2,0,OLD,20247457,신의악단,2025-12-31,700319220,19.7,131251280,23.1,6574402250,71119,13359,23.1,683453,907,1979,2026-01-25,2026-08-11 11:44:20
3,0,OLD,20256396,아바타: 불과 재,2025-12-17,571571480,16.1,-77304420,-11.9,76684721730,44828,-5294,-10.6,6564840,754,1731,2026-01-25,2026-08-11 11:44:20
4,0,OLD,20250482,"신비아파트 10주년 극장판: 한 번 더, 소환",2026-01-14,252193500,7.1,21176420,9.2,2191634080,27907,2178,8.5,245149,707,1321,2026-01-25,2026-08-11 11:44:20
5,0,OLD,20249624,프로젝트 Y,2026-01-21,225894350,6.4,-30710430,-12.0,1007261860,21462,-3256,-13.2,101882,774,2080,2026-01-25,2026-08-11 11:44:20
6,0,OLD,20252432,주토피아 2,2025-11-26,201929670,5.7,1748430,0.9,82004289050,20513,337,1.7,8520015,594,907,2026-01-25,2026-08-11 11:44:20
7,0,OLD,20250188,하트맨,2026-01-14,128981000,3.6,-13376270,-9.4,2134101510,12955,-1398,-9.7,228321,599,962,2026-01-25,2026-08-11 11:44:20
8,0,OLD,20040549,천공의 성 라퓨타,2004-04-30,89686170,2.5,-28350590,-24.0,585947720,8268,-2794,-25.3,65782,406,567,2026-01-25,2026-08-11 11:44:20
9,1,OLD,20250299,고고다이노 극장판: 곤충세계 대모험,2026-01-14,46487400,1.3,3231600,7.5,300433200,5204,269,5.5,33774,214,288,2026-01-25,2026-08-11 11:44:20
10,3,OLD,20050082,이터널 선샤인,2005-11-10,48000600,1.4,1431600,3.1,4462799792,4673,215,4.8,571306,113,165,2026-01-25,2026-08-11 11:44:20
1,0,OLD,20249255,만약에 우리,2025-12-31,325296230,29.5,-647013540,-66.5,19920254660,33426,-62835,-65.3,2034446,917,3302,2026-01-26,2026-08-11 11:44:19
2,0,OLD,20247457,신의악단,2025-12-31,228083070,20.7,-472236150,-67.4,6802485320,24253,-46866,-65.9,707706,660,1739,2026-01-26,2026-08-11 11:44:19
3,0,OLD,20256396,아바타: 불과 재,2025-12-17,164632820,14.9,-406938660,-71.2,76849354550,13127,-31701,-70.7,6577967,682,1534,2026-01-26,2026-08-11 11:44:19
4,1,OLD,20249624,프로젝트 Y,2026-01-21,69245500,6.3,-156648850,-69.3,1076507360,7220,-14242,-66.4,109102,635,1656,2026-01-26,2026-08-11 11:44:19
5,1,OLD,20252432,주토피아 2,2025-11-26,51571800,4.7,-150357870,-74.5,82055860850,5435,-15078,-73.5,8525450,453,670,2026-01-26,2026-08-11 11:44:19
6,-2,OLD,20250482,"신비아파트 10주년 극장판: 한 번 더, 소환",2026-01-14,32875670,3.0,-219317830,-87.0,2224509750,3685,-24222,-86.8,248834,415,596,2026-01-26,2026-08-11 11:44:19
7,1,OLD,20040549,천공의 성 라퓨타,2004-04-30,32623900,3.0,-57062270,-63.6,618571620,3338,-4930,-59.6,69120,386,556,2026-01-26,2026-08-11 11:44:19
8,-1,OLD,20250188,하트맨,2026-01-14,30107340,2.7,-98873660,-76.7,2164208850,3270,-9685,-74.8,231591,451,750,2026-01-26,2026-08-11 11:44:19
9,2,OLD,20259552,시라트,2026-01-21,25203100,2.3,-19769620,-44.0,253198980,2583,-1806,-41.1,25518,188,236,2026-01-26,2026-08-11 11:44:19
10,0,OLD,20050082,이터널 선샤인,2005-11-10,21255700,1.9,-26744900,-55.7,4484055492,2108,-2565,-54.9,573414,95,167,2026-01-26,2026-08-11 11:44:19
1,0,OLD,20249255,만약에 우리,2025-12-31,309411370,27.0,-15884860,-4.9,20229666030,31908,-1518,-4.5,2066354,926,3325,2026-01-27,2026-08-11 11:44:18
2,0,OLD,20247457,신의악단,2025-12-31,221545310,19.3,-6537760,-2.9,7024030630,24067,-186,-0.8,731773,678,1766,2026-01-27,2026-08-11 11:44:18
3,0,OLD,20256396,아바타: 불과 재,2025-12-17,154431650,13.5,-10201170,-6.2,77003786200,12618,-509,-3.9,6590585,687,1515,2026-01-27,2026-08-11 11:44:18
4,0,OLD,20249624,프로젝트 Y,2026-01-21,68976170,6.0,-269330,-0.4,1145483530,7363,143,2.0,116465,656,1660,2026-01-27,2026-08-11 11:44:18
5,19,OLD,20242837,왕과 사는 남자,2026-02-04,53615000,4.7,51185000,2106.4,161532470,5943,5673,2101.1,15958,29,29,2026-01-27,2026-08-11 11:44:18
6,-1,OLD,20252432,주토피아 2,2025-11-26,53819370,4.7,2247570,4.4,82109680220,5821,386,7.1,8531271,470,690,2026-01-27,2026-08-11 11:44:18
7,-1,OLD,20250482,"신비아파트 10주년 극장판: 한 번 더, 소환",2026-01-14,35858700,3.1,2983030,9.1,2260368450,4061,376,10.2,252895,449,659,2026-01-27,2026-08-11 11:44:18
8,0,OLD,20250188,하트맨,2026-01-14,32972800,2.9,2865460,9.5,2197181650,3568,298,9.1,235159,456,748,2026-01-27,2026-08-11 11:44:18
9,-2,OLD,20040549,천공의 성 라퓨타,2004-04-30,34313170,3.0,1689270,5.2,652884790,3513,175,5.2,72633,394,579,2026-01-27,2026-08-11 11:44:18
10,-1,OLD,20259552,시라트,2026-01-21,25682200,2.2,479100,1.9,278881180,2904,321,12.4,28422,185,239,2026-01-27,2026-08-11 11:44:18
1,0,OLD,20249255,만약에 우리,2025-12-31,375477600,24.5,66066230,21.4,20605143630,47906,15998,50.1,2114260,890,2916,2026-01-28,2026-08-11 11:44:17
2,0,OLD,20247457,신의악단,2025-12-31,230625420,15.1,9080110,4.1,7254656050,29563,5496,22.8,761336,684,1590,2026-01-28,2026-08-11 11:44:17
3,0,NEW,20250644,직장상사 길들이기,2026-01-28,105026300,6.9,105026300,100.0,120629300,13400,13400,100.0,14966,654,1547,2026-01-28,2026-08-11 11:44:17
4,-1,OLD,20256396,아바타: 불과 재,2025-12-17,137007270,8.9,-17424380,-11.3,77140793470,13207,589,4.7,6603792,602,1083,2026-01-28,2026-08-11 11:44:17
5,0,NEW,20247690,시스터,2026-01-28,82802600,5.4,82802600,100.0,97410600,11182,11182,100.0,12648,650,1555,2026-01-28,2026-08-11 11:44:17
6,0,NEW,20250686,하우스메이드,2026-01-28,72408160,4.7,72408160,100.0,95159160,9297,9297,100.0,11710,533,915,2026-01-28,2026-08-11 11:44:17
7,0,NEW,20258885,프라이메이트,2026-01-28,62291300,4.1,62291300,100.0,75534300,7922,7922,100.0,9389,502,911,2026-01-28,2026-08-11 11:44:17
8,0,NEW,20228313,"오늘 밤, 세계에서 이 사랑이 사라진다 해도",2022-11-30,52155900,3.4,52155900,100.0,12330469709,6393,6393,100.0,1223598,143,178,2026-01-28,2026-08-11 11:44:17
9,0,OLD,20040549,천공의 성 라퓨타,2004-04-30,46827870,3.1,12514700,36.5,699712660,5748,2235,63.6,78381,168,217,2026-01-28,2026-08-11 11:44:17
10,0,NEW,20250112,극장판 총집편 걸즈 밴드 크라이 청춘광주곡,2026-01-28,46808610,3.1,46808610,100.0,54164610,5344,5344,100.0,5846,130,245,2026-01-28,2026-08-11 11:44:17
1,0,OLD,20249255,만약에 우리,2025-12-31,279212420,22.4,-96265180,-25.6,20884356050,28847,-19059,-39.8,2143107,817,2807,2026-01-29,2026-08-11 11:44:17
2,0,OLD,20247457,신의악단,2025-12-31,227822920,18.3,-2802500,-1.2,7482478970,24710,-4853,-16.4,786046,630,1571,2026-01-29,2026-08-11 11:44:17
3,1,OLD,20256396,아바타: 불과 재,2025-12-17,116616860,9.3,-20390410,-14.9,77257410330,9420,-3787,-28.7,6613212,569,1044,2026-01-29,2026-08-11 11:44:17
4,-1,OLD,20250644,직장상사 길들이기,2026-01-28,60604680,4.9,-44421620,-42.3,181233980,6419,-6981,-52.1,21385,603,1352,2026-01-29,2026-08-11 11:44:17
5,1,OLD,20250686,하우스메이드,2026-01-28,56415770,4.5,-15992390,-22.1,151574930,6330,-2967,-31.9,18040,508,891,2026-01-29,2026-08-11 11:44:17
6,-1,OLD,20247690,시스터,2026-01-28,46981070,3.8,-35821530,-43.3,144391670,5535,-5647,-50.5,18183,576,1312,2026-01-29,2026-08-11 11:44:17
7,0,OLD,20258885,프라이메이트,2026-01-28,45634100,3.7,-16657200,-26.7,121168400,4927,-2995,-37.8,14316,460,830,2026-01-29,2026-08-11 11:44:17
8,0,OLD,20228313,"오늘 밤, 세계에서 이 사랑이 사라진다 해도",2022-11-30,40577000,3.3,-11578900,-22.2,12371046709,4180,-2213,-34.6,1227778,155,212,2026-01-29,2026-08-11 11:44:17
9,3,OLD,20252432,주토피아 2,2025-11-26,31876830,2.6,-5967450,-15.8,82179401330,3435,-1049,-23.4,8539190,303,362,2026-01-29,2026-08-11 11:44:17
10,4,OLD,20250482,"신비아파트 10주년 극장판: 한 번 더, 소환",2026-01-14,28651600,2.3,-771900,-2.6,2318443550,3306,-39,-1.2,259546,294,362,2026-01-29,2026-08-11 11:44:17
1,0,OLD,20249255,만약에 우리,2025-12-31,368425010,24.8,89212590,32.0,21252781060,36845,7998,27.7,2179952,864,3057,2026-01-30,2026-08-11 11:44:16
2,0,OLD,20247457,신의악단,2025-12-31,233002180,15.7,5179260,2.3,7715481150,24438,-272,-1.1,810484,656,1712,2026-01-30,2026-08-11 11:44:16
3,0,OLD,20256396,아바타: 불과 재,2025-12-17,162096900,10.9,45480040,39.0,77419507230,12419,2999,31.8,6625631,591,1132,2026-01-30,2026-08-11 11:44:16
4,0,OLD,20250644,직장상사 길들이기,2026-01-28,75931390,5.1,15326710,25.3,257165370,7725,1306,20.3,29110,614,1423,2026-01-30,2026-08-11 11:44:16
5,0,OLD,20250686,하우스메이드,2026-01-28,65343500,4.4,8927730,15.8,216918430,7059,729,11.5,25099,529,943,2026-01-30,2026-08-11 11:44:16
6,0,OLD,20247690,시스터,2026-01-28,50342300,3.4,3361230,7.2,194733970,5735,200,3.6,23918,587,1298,2026-01-30,2026-08-11 11:44:16
7,0,OLD,20258885,프라이메이트,2026-01-28,45854400,3.1,220300,0.5,167022800,4862,-65,-1.3,19178,453,809,2026-01-30,2026-08-11 11:44:16
8,1,OLD,20252432,주토피아 2,2025-11-26,38801770,2.6,6924940,21.7,82218203100,4096,661,19.2,8543286,323,392,2026-01-30,2026-08-11 11:44:16
9,-1,OLD,20228313,"오늘 밤, 세계에서 이 사랑이 사라진다 해도",2022-11-30,35534200,2.4,-5042800,-12.4,12406580909,3463,-717,-17.2,1231241,163,241,2026-01-30,2026-08-11 11:44:16
10,0,OLD,20250482,"신비아파트 10주년 극장판: 한 번 더, 소환",2026-01-14,31345560,2.1,2693960,9.4,2349789110,3462,156,4.7,263008,330,417,2026-01-30,2026-08-11 11:44:16
1,0,OLD,20249255,만약에 우리,2025-12-31,781639300,25.6,413214290,112.2,22034420360,78952,42107,114.3,2258904,939,3463,2026-01-31,2026-08-11 11:44:16
2,0,OLD,20247457,신의악단,2025-12-31,556384300,18.2,323382120,138.8,8271865450,58132,33694,137.9,868616,806,2210,2026-01-31,2026-08-11 11:44:16
3,0,OLD,20256396,아바타: 불과 재,2025-12-17,376313590,12.3,214216690,132.2,77795820820,29770,17351,139.7,6655401,628,1286,2026-01-31,2026-08-11 11:44:16
4,0,OLD,20250644,직장상사 길들이기,2026-01-28,150824840,4.9,74893450,98.6,407990210,15291,7566,97.9,44401,661,1412,2026-01-31,2026-08-11 11:44:16
5,5,OLD,20250482,"신비아파트 10주년 극장판: 한 번 더, 소환",2026-01-14,136311360,4.5,104965800,334.9,2486100470,15180,11718,338.5,278188,508,772,2026-01-31,2026-08-11 11:44:16
6,2,OLD,20252432,주토피아 2,2025-11-26,126610370,4.2,87808600,226.3,82344813470,12943,8847,216.0,8556229,479,687,2026-01-31,2026-08-11 11:44:16
7,-2,OLD,20250686,하우스메이드,2026-01-28,115330310,3.8,49986810,76.5,332248740,12160,5101,72.3,37259,540,1003,2026-01-31,2026-08-11 11:44:16
8,-2,OLD,20247690,시스터,2026-01-28,106469240,3.5,56126940,111.5,301203210,11488,5753,100.3,35406,601,1307,2026-01-31,2026-08-11 11:44:16
9,6,OLD,20040549,천공의 성 라퓨타,2004-04-30,89130060,2.9,66079120,286.7,831962630,8808,6501,281.8,91585,174,218,2026-01-31,2026-08-11 11:44:16
10,-1,OLD,20228313,"오늘 밤, 세계에서 이 사랑이 사라진다 해도",2022-11-30,74130300,2.4,38596100,108.6,12480711209,7359,3896,112.5,1238600,175,282,2026-01-31,2026-08-11 11:44:16
1,1,OLD,20247457,신의악단,2025-12-31,634649070,23.4,78264770,14.1,8906514520,65768,7636,13.1,934384,893,2139,2026-02-01,2026-08-11 11:44:15
2,-1,OLD,20249255,만약에 우리,2025-12-31,639680650,23.6,-141958650,-18.2,22674101010,63941,-15011,-19.0,2322845,923,3249,2026-02-01,2026-08-11 11:44:15
3,0,OLD,20256396,아바타: 불과 재,2025-12-17,311428270,11.5,-64885320,-17.2,78107249090,24485,-5285,-17.8,6679886,614,1215,2026-02-01,2026-08-11 11:44:15
4,1,OLD,20250482,"신비아파트 10주년 극장판: 한 번 더, 소환",2026-01-14,148545450,5.5,12234090,9.0,2634645920,16242,1062,7.0,294430,515,770,2026-02-01,2026-08-11 11:44:15
5,1,OLD,20252432,주토피아 2,2025-11-26,118784650,4.4,-7825720,-6.2,82463598120,11991,-952,-7.4,8568220,487,668,2026-02-01,2026-08-11 11:44:15
6,-2,OLD,20250644,직장상사 길들이기,2026-01-28,111888450,4.1,-38936390,-25.8,519878660,11250,-4041,-26.4,55651,641,1267,2026-02-01,2026-08-11 11:44:15
7,1,OLD,20247690,시스터,2026-01-28,88880740,3.3,-17588500,-16.5,390083950,9640,-1848,-16.1,45046,586,1206,2026-02-01,2026-08-11 11:44:15
8,-1,OLD,20250686,하우스메이드,2026-01-28,89171680,3.3,-26158630,-22.7,421420420,9199,-2961,-24.4,46458,540,925,2026-02-01,2026-08-11 11:44:15
9,1,OLD,20228313,"오늘 밤, 세계에서 이 사랑이 사라진다 해도",2022-11-30,84006700,3.1,9876400,13.3,12564717909,8325,966,13.1,1246925,167,276,2026-02-01,2026-08-11 11:44:15
10,3,OLD,20250563,정글비트 2,2026-01-29,38360070,1.4,265970,0.7,106841570,4359,-127,-2.8,12813,309,353,2026-02-01,2026-08-11 11:44:15
1,1,OLD,20249255,만약에 우리,2025-12-31,235761740,24.8,-403918910,-63.1,22909862750,24356,-39585,-61.9,2347201,821,2824,2026-02-02,2026-08-11 11:44:15
2,-1,OLD,20247457,신의악단,2025-12-31,206671590,21.8,-427977480,-67.4,9113186110,22340,-43428,-66.0,956724,668,1864,2026-02-02,2026-08-11 11:44:15
3,0,OLD,20256396,아바타: 불과 재,2025-12-17,87419890,9.2,-224008380,-71.9,78194668980,7396,-17089,-69.8,6687282,539,1027,2026-02-02,2026-08-11 11:44:15
4,3,OLD,20247690,시스터,2026-01-28,41938850,4.4,-46941890,-52.8,432022800,4976,-4664,-48.4,50022,499,996,2026-02-02,2026-08-11 11:44:15
5,3,OLD,20250686,하우스메이드,2026-01-28,41418400,4.4,-47753280,-53.6,462838820,4477,-4722,-51.3,50935,478,882,2026-02-02,2026-08-11 11:44:15
6,0,OLD,20250644,직장상사 길들이기,2026-01-28,39696250,4.2,-72192200,-64.5,559574910,4116,-7134,-63.4,59767,553,1041,2026-02-02,2026-08-11 11:44:15
7,2,OLD,20228313,"오늘 밤, 세계에서 이 사랑이 사라진다 해도",2022-11-30,28716050,3.0,-55290650,-65.8,12593433959,2952,-5373,-64.5,1249877,157,277,2026-02-02,2026-08-11 11:44:15
8,-3,OLD,20252432,주토피아 2,2025-11-26,26094170,2.8,-92690480,-78.0,82489692290,2719,-9272,-77.3,8570939,303,385,2026-02-02,2026-08-11 11:44:15
9,2,OLD,20258885,프라이메이트,2026-01-28,22256000,2.3,-21483110,-49.1,291415250,2292,-1986,-46.4,31637,374,538,2026-02-02,2026-08-11 11:44:15
10,-6,OLD,20250482,"신비아파트 10주년 극장판: 한 번 더, 소환",2026-01-14,19444300,2.0,-129101150,-86.9,2654090220,2155,-14087,-86.7,296585,282,349,2026-02-02,2026-08-11 11:44:15
1,0,OLD,20249255,만약에 우리,2025-12-31,223057330,21.5,-12704410,-5.4,23132920080,23039,-1317,-5.4,2370240,830,2819,2026-02-03,2026-08-11 11:44:14
2,0,OLD,20247457,신의악단,2025-12-31,207750690,20.0,1079100,0.5,9320936800,22713,373,1.7,979437,699,1901,2026-02-03,2026-08-11 11:44:14
3,0,OLD,20256396,아바타: 불과 재,2025-12-17,102468490,9.9,15048600,17.2,78297137470,8043,647,8.7,6695325,558,1044,2026-02-03,2026-08-11 11:44:14
4,0,OLD,20247690,시스터,2026-01-28,58073400,5.6,16134550,38.5,490096200,7643,2667,53.6,57665,538,1061,2026-02-03,2026-08-11 11:44:14
5,0,OLD,20250686,하우스메이드,2026-01-28,41775220,4.0,356820,0.9,504614040,4573,96,2.1,55508,491,866,2026-02-03,2026-08-11 11:44:14
6,0,OLD,20250644,직장상사 길들이기,2026-01-28,35242700,3.4,-4453550,-11.2,594817610,3676,-440,-10.7,63443,552,996,2026-02-03,2026-08-11 11:44:14
7,0,NEW,20252373,넘버원,2026-02-11,31644000,3.0,31644000,100.0,38499000,3516,3516,100.0,4218,17,17,2026-02-03,2026-08-11 11:44:14
8,0,OLD,20252432,주토피아 2,2025-11-26,30979950,3.0,4885780,18.7,82520672240,3306,587,21.6,8574245,321,413,2026-02-03,2026-08-11 11:44:14
9,0,OLD,20258885,프라이메이트,2026-01-28,27799870,2.7,5543870,24.9,319215120,3057,765,33.4,34694,378,544,2026-02-03,2026-08-11 11:44:14
10,-3,OLD,20228313,"오늘 밤, 세계에서 이 사랑이 사라진다 해도",2022-11-30,27998600,2.7,-717450,-2.5,12621432559,2922,-30,-1.0,1252799,162,278,2026-02-03,2026-08-11 11:44:14
1,10,OLD,20242837,왕과 사는 남자,2026-02-04,1076238210,50.8,1052527210,4439.0,1365519680,117783,115173,4412.8,147538,1658,6932,2026-02-04,2026-08-11 11:44:14
2,-1,OLD,20249255,만약에 우리,2025-12-31,157439930,7.4,-65617400,-29.4,23290360010,16140,-6899,-29.9,2386380,633,1577,2026-02-04,2026-08-11 11:44:14
3,24,OLD,20261439,"2024.12.03 그날 조작된 내란, 감춰진 진실",2026-02-04,162225820,7.7,158289820,4021.6,199884820,16132,15676,3437.7,19832,145,229,2026-02-04,2026-08-11 11:44:14
4,-2,OLD,20247457,신의악단,2025-12-31,135235470,6.4,-72515220,-34.9,9456172270,15039,-7674,-33.8,994476,607,1253,2026-02-04,2026-08-11 11:44:14
5,0,NEW,20250878,노 머시: 90분,2026-02-04,94786360,4.5,94786360,100.0,162854360,10152,10152,100.0,17430,538,1413,2026-02-04,2026-08-11 11:44:14
6,0,NEW,20261526,아이엠스타!X프리파라 더 무비 -만남의 기적!-,2026-02-04,77110300,3.6,77110300,100.0,77110300,7064,7064,100.0,7064,118,160,2026-02-04,2026-08-11 11:44:14
7,0,NEW,20241266,휴민트,2026-02-11,46767000,2.2,46767000,100.0,63045000,4087,4087,100.0,5089,16,17,2026-02-04,2026-08-11 11:44:14
8,-5,OLD,20256396,아바타: 불과 재,2025-12-17,34391260,1.6,-68077230,-66.4,78331528730,3142,-4901,-60.9,6698467,304,377,2026-02-04,2026-08-11 11:44:14
9,0,NEW,20261041,스트레이 키즈 : 더 도미네이트 익스피리언스,2026-02-04,77574000,3.7,77574000,100.0,77574000,3029,3029,100.0,3029,103,184,2026-02-04,2026-08-11 11:44:14
10,0,OLD,20228313,"오늘 밤, 세계에서 이 사랑이 사라진다 해도",2022-11-30,19098040,0.9,-8900560,-31.8,12640530599,1925,-997,-34.1,1254724,96,145,2026-02-04,2026-08-11 11:44:14
1,0,OLD,20242837,왕과 사는 남자,2026-02-04,831148510,45.5,-245089700,-22.8,2196668190,91731,-26052,-22.1,239269,1612,6723,2026-02-05,2026-08-11 11:44:13
2,1,OLD,20261439,"2024.12.03 그날 조작된 내란, 감춰진 진실",2026-02-04,194891900,10.7,32666080,20.1,394776720,20036,3904,24.2,39868,229,346,2026-02-05,2026-08-11 11:44:13
3,1,OLD,20247457,신의악단,2025-12-31,160124840,8.8,24889370,18.4,9616297110,17621,2582,17.2,1012097,623,1312,2026-02-05,2026-08-11 11:44:13
4,-2,OLD,20249255,만약에 우리,2025-12-31,152594860,8.4,-4845070,-3.1,23442954870,15556,-584,-3.6,2401936,652,1551,2026-02-05,2026-08-11 11:44:13
5,0,OLD,20250878,노 머시: 90분,2026-02-04,70774070,3.9,-24012290,-25.3,233628430,7421,-2731,-26.9,24851,565,1353,2026-02-05,2026-08-11 11:44:13
6,5,OLD,20252373,넘버원,2026-02-11,50166000,2.7,35730000,247.5,103101000,5574,3970,247.5,11396,26,26,2026-02-05,2026-08-11 11:44:13
7,-1,OLD,20261526,아이엠스타!X프리파라 더 무비 -만남의 기적!-,2026-02-04,43196600,2.4,-33913700,-44.0,120306900,3994,-3070,-43.5,11058,115,154,2026-02-05,2026-08-11 11:44:13
8,0,OLD,20256396,아바타: 불과 재,2025-12-17,34790340,1.9,399080,1.2,78366319070,3160,18,0.6,6701627,294,366,2026-02-05,2026-08-11 11:44:13
9,24,OLD,20250112,극장판 총집편 걸즈 밴드 크라이 청춘광주곡,2026-01-28,23974710,1.3,20675910,626.8,137695250,2499,2173,666.6,14097,72,84,2026-02-05,2026-08-11 11:44:13
10,0,OLD,20228313,"오늘 밤, 세계에서 이 사랑이 사라진다 해도",2022-11-30,18201200,1.0,-896840,-4.7,12658731799,1867,-58,-3.0,1256591,98,149,2026-02-05,2026-08-11 11:44:13
1,0,OLD,20242837,왕과 사는 남자,2026-02-04,1203723060,53.2,372574550,44.8,3400391250,126625,34894,38.0,365894,1653,7152,2026-02-06,2026-08-11 11:44:12
2,0,OLD,20261439,"2024.12.03 그날 조작된 내란, 감춰진 진실",2026-02-04,215796130,9.5,20904230,10.7,610572850,21207,1171,5.8,61075,295,473,2026-02-06,2026-08-11 11:44:12
3,1,OLD,20249255,만약에 우리,2025-12-31,191515910,8.5,38921050,25.5,23634470780,18795,3239,20.8,2420731,685,1679,2026-02-06,2026-08-11 11:44:12
4,-1,OLD,20247457,신의악단,2025-12-31,167044350,7.4,6919510,4.3,9783341460,17564,-57,-0.3,1029661,671,1408,2026-02-06,2026-08-11 11:44:12
5,0,OLD,20250878,노 머시: 90분,2026-02-04,87072180,3.8,16298110,23.0,320700610,9002,1581,21.3,33853,573,1318,2026-02-06,2026-08-11 11:44:12
6,2,OLD,20256396,아바타: 불과 재,2025-12-17,66444400,2.9,31654060,91.0,78432763470,4784,1624,51.4,6706411,316,391,2026-02-06,2026-08-11 11:44:12
7,0,OLD,20261526,아이엠스타!X프리파라 더 무비 -만남의 기적!-,2026-02-04,38211100,1.7,-4985500,-11.5,158518000,3431,-563,-14.1,14489,108,153,2026-02-06,2026-08-11 11:44:12
8,2,OLD,20228313,"오늘 밤, 세계에서 이 사랑이 사라진다 해도",2022-11-30,19831100,0.9,1629900,9.0,12678562899,1936,69,3.7,1258527,103,152,2026-02-06,2026-08-11 11:44:12
9,5,OLD,20250686,하우스메이드,2026-01-28,18810960,0.8,5399260,40.3,551608300,1825,453,33.0,60214,218,272,2026-02-06,2026-08-11 11:44:12
10,2,OLD,20252432,주토피아 2,2025-11-26,15811000,0.7,2617000,19.8,82562099220,1731,252,17.0,8578897,133,150,2026-02-06,2026-08-11 11:44:12
1,0,OLD,20242837,왕과 사는 남자,2026-02-04,3145705860,60.3,1941982800,161.3,6546097110,327112,200487,158.3,693006,1717,7714,2026-02-07,2026-08-11 11:44:12
2,2,OLD,20247457,신의악단,2025-12-31,349577890,6.7,182533540,109.3,10132919350,36204,18640,106.1,1065865,731,1550,2026-02-07,2026-08-11 11:44:12
3,0,OLD,20249255,만약에 우리,2025-12-31,341705880,6.6,150189970,78.4,23976176660,33549,14754,78.5,2454280,718,1621,2026-02-07,2026-08-11 11:44:12
4,-2,OLD,20261439,"2024.12.03 그날 조작된 내란, 감춰진 진실",2026-02-04,308584790,5.9,92788660,43.0,919157640,30812,9605,45.3,91887,403,718,2026-02-07,2026-08-11 11:44:12
5,0,OLD,20250878,노 머시: 90분,2026-02-04,153644120,2.9,66571940,76.5,474344730,15000,5998,66.6,48853,595,1164,2026-02-07,2026-08-11 11:44:12
6,61,OLD,20250604,극장판 엉덩이 탐정: 스타 앤드 문,2026-02-07,77556200,1.5,77208200,22186.3,81648200,10039,9985,18490.7,10581,247,492,2026-02-07,2026-08-11 11:44:12
7,-1,OLD,20256396,아바타: 불과 재,2025-12-17,130633720,2.5,64189320,96.6,78563397190,9541,4757,99.4,6715952,312,381,2026-02-07,2026-08-11 11:44:12
8,3,OLD,20250482,"신비아파트 10주년 극장판: 한 번 더, 소환",2026-01-14,68590820,1.3,53024820,340.6,2782393790,7377,5660,329.6,310770,309,376,2026-02-07,2026-08-11 11:44:12
9,0,NEW,20241266,휴민트,2026-02-11,83121800,1.6,83121800,100.0,146166800,5752,5752,100.0,10841,20,21,2026-02-07,2026-08-11 11:44:12
10,0,OLD,20252432,주토피아 2,2025-11-26,53369660,1.0,37558660,237.5,82615468880,5258,3527,203.8,8584155,223,255,2026-02-07,2026-08-11 11:44:12
1,0,OLD,20242837,왕과 사는 남자,2026-02-04,2941919760,58.1,-203786100,-6.5,9488016870,308083,-19029,-5.8,1001089,1724,7292,2026-02-08,2026-08-15 16:06:46
2,0,OLD,20247457,신의악단,2025-12-31,473717660,9.4,124139770,35.5,10606637010,50022,13818,38.2,1115887,775,1490,2026-02-08,2026-08-15 16:06:46
3,0,OLD,20249255,만약에 우리,2025-12-31,309809740,6.1,-31896140,-9.3,24285986400,30125,-3424,-10.2,2484405,718,1545,2026-02-08,2026-08-15 16:06:46
4,0,OLD,20261439,"2024.12.03 그날 조작된 내란, 감춰진 진실",2026-02-04,289449390,5.7,-19135400,-6.2,1208607030,28593,-2219,-7.2,120480,419,760,2026-02-08,2026-08-15 16:06:46
5,0,OLD,20250878,노 머시: 90분,2026-02-04,123460180,2.4,-30183940,-19.6,597804910,11996,-3004,-20.0,60849,572,1078,2026-02-08,2026-08-15 16:06:46
6,0,OLD,20250604,극장판 엉덩이 탐정: 스타 앤드 문,2026-02-07,79331600,1.6,1775400,2.3,160979800,10111,72,0.7,20692,254,479,2026-02-08,2026-08-15 16:06:46
7,0,OLD,20256396,아바타: 불과 재,2025-12-17,108147600,2.1,-22486120,-17.2,78671544790,8440,-1101,-11.5,6724392,294,359,2026-02-08,2026-08-15 16:06:46
8,0,OLD,20250482,"신비아파트 10주년 극장판: 한 번 더, 소환",2026-01-14,77378350,1.5,8787530,12.8,2859772140,8313,936,12.7,319083,318,372,2026-02-08,2026-08-15 16:06:46
9,1,OLD,20252432,주토피아 2,2025-11-26,55268510,1.1,1898850,3.6,82670737390,5485,227,4.3,8589640,220,249,2026-02-08,2026-08-15 16:06:46
10,6,OLD,20261041,스트레이 키즈 : 더 도미네이트 익스피리언스,2026-02-04,131590000,2.6,72100000,121.2,331469000,4961,2664,116.0,12707,102,172,2026-02-08,2026-08-15 16:06:46
1,0,OLD,20242837,왕과 사는 남자,2026-02-04,908223980,57.7,-2033695780,-69.1,10396240850,98379,-209704,-68.1,1099468,1530,6494,2026-02-09,2026-08-15 16:06:46
2,0,OLD,20247457,신의악단,2025-12-31,126365090,8.0,-347352570,-73.3,10733002100,13546,-36476,-72.9,1129433,595,1299,2026-02-09,2026-08-15 16:06:46
3,0,OLD,20249255,만약에 우리,2025-12-31,119794060,7.6,-190015680,-61.3,24405780460,12057,-18068,-60.0,2496462,647,1470,2026-02-09,2026-08-15 16:06:46
4,0,OLD,20261439,"2024.12.03 그날 조작된 내란, 감춰진 진실",2026-02-04,106802570,6.8,-182646820,-63.1,1315409600,11513,-17080,-59.7,131993,405,785,2026-02-09,2026-08-15 16:06:46
5,0,OLD,20250878,노 머시: 90분,2026-02-04,52524140,3.3,-70936040,-57.5,650329050,5531,-6465,-53.9,66380,511,947,2026-02-09,2026-08-15 16:06:46
6,1,OLD,20256396,아바타: 불과 재,2025-12-17,36972650,2.3,-71174950,-65.8,78708517440,2942,-5498,-65.1,6727334,284,347,2026-02-09,2026-08-15 16:06:46
7,6,OLD,20252373,넘버원,2026-02-11,18009000,1.1,-25047600,-58.2,199207610,2001,-1613,-44.6,20089,13,13,2026-02-09,2026-08-15 16:06:46
8,8,OLD,20247690,시스터,2026-01-28,11040700,0.7,-2941600,-21.0,567713280,1639,-198,-10.8,67780,172,197,2026-02-09,2026-08-15 16:06:46
9,3,OLD,20228313,"오늘 밤, 세계에서 이 사랑이 사라진다 해도",2022-11-30,13721970,0.9,-24829130,-64.4,12763717169,1400,-2356,-62.7,1266896,98,137,2026-02-09,2026-08-15 16:06:46
10,9,OLD,20250686,하우스메이드,2026-01-28,12947500,0.8,-2262920,-14.9,602707420,1359,-102,-7.0,65225,186,216,2026-02-09,2026-08-15 16:06:46
1,0,OLD,20242837,왕과 사는 남자,2026-02-04,878997090,55.8,-29226890,-3.2,11275237940,95582,-2797,-2.8,1195050,1536,6557,2026-02-10,2026-08-15 16:06:45
2,0,OLD,20247457,신의악단,2025-12-31,124291650,7.9,-2073440,-1.6,10857293750,13519,-27,-0.2,1142952,597,1295,2026-02-10,2026-08-15 16:06:45
3,0,OLD,20249255,만약에 우리,2025-12-31,117464500,7.5,-2329560,-1.9,24523244960,11804,-253,-2.1,2508266,646,1462,2026-02-10,2026-08-15 16:06:45
4,0,OLD,20261439,"2024.12.03 그날 조작된 내란, 감춰진 진실",2026-02-04,99976790,6.3,-6825780,-6.4,1415386390,10705,-808,-7.0,142698,411,793,2026-02-10,2026-08-15 16:06:45
5,0,OLD,20250878,노 머시: 90분,2026-02-04,60917400,3.9,8393260,16.0,711246450,6689,1158,20.9,73069,540,989,2026-02-10,2026-08-15 16:06:45
6,0,OLD,20256396,아바타: 불과 재,2025-12-17,47725480,3.0,10752830,29.1,78756242920,3692,750,25.5,6731026,296,361,2026-02-10,2026-08-15 16:06:45
7,3,OLD,20250686,하우스메이드,2026-01-28,19306600,1.2,6359100,49.1,622014020,2104,745,54.8,67329,194,232,2026-02-10,2026-08-15 16:06:45
8,1,OLD,20228313,"오늘 밤, 세계에서 이 사랑이 사라진다 해도",2022-11-30,16536600,1.1,2814630,20.5,12780253769,1664,264,18.9,1268560,93,132,2026-02-10,2026-08-15 16:06:45
9,3,OLD,20252432,주토피아 2,2025-11-26,12213400,0.8,1825300,17.6,82693338890,1413,275,24.2,8592191,109,124,2026-02-10,2026-08-15 16:06:45
10,-2,OLD,20247690,시스터,2026-01-28,8892500,0.6,-2148200,-19.5,576605780,1296,-343,-20.9,69076,147,168,2026-02-10,2026-08-15 16:06:45
1,48,OLD,20241266,휴민트,2026-02-11,1105412630,42.1,1104252630,95194.2,1307061030,116740,116624,100537.9,131625,1520,6291,2026-02-11,2026-08-15 16:06:44
2,-1,OLD,20242837,왕과 사는 남자,2026-02-04,811327260,30.9,-67669830,-7.7,12086565200,86924,-8658,-9.1,1281974,1150,4203,2026-02-11,2026-08-15 16:06:44
3,0,NEW,20252373,넘버원,2026-02-11,156190180,5.9,156190180,100.0,355397790,17231,17231,100.0,37320,647,1723,2026-02-11,2026-08-15 16:06:44
4,0,NEW,20257823,폭풍의 언덕,2026-02-11,99077490,3.8,99077490,100.0,123243490,10479,10479,100.0,12000,428,816,2026-02-11,2026-08-15 16:06:44
5,-3,OLD,20247457,신의악단,2025-12-31,74424000,2.8,-49867650,-40.1,10931717750,7920,-5599,-41.4,1150872,426,597,2026-02-11,2026-08-15 16:06:44
6,-2,OLD,20261439,"2024.12.03 그날 조작된 내란, 감춰진 진실",2026-02-04,62567870,2.4,-37408920,-37.4,1477954260,6863,-3842,-35.9,149561,347,559,2026-02-11,2026-08-15 16:06:44
7,-4,OLD,20249255,만약에 우리,2025-12-31,63178670,2.4,-54285830,-46.2,24586423630,6256,-5548,-47.0,2514522,376,536,2026-02-11,2026-08-15 16:06:44
8,6,OLD,20261526,아이엠스타!X프리파라 더 무비 -만남의 기적!-,2026-02-04,64810900,2.5,54079600,503.9,309988900,6239,5187,493.1,28984,95,117,2026-02-11,2026-08-15 16:06:44
9,8,OLD,20261041,스트레이 키즈 : 더 도미네이트 익스피리언스,2026-02-04,69242000,2.6,50807000,275.6,437331000,2770,2068,294.6,16881,39,63,2026-02-11,2026-08-15 16:06:44
10,-5,OLD,20250878,노 머시: 90분,2026-02-04,18848400,0.7,-42069000,-69.1,730094850,2157,-4532,-67.8,75226,158,189,2026-02-11,2026-08-15 16:06:44
1,1,OLD,20242837,왕과 사는 남자,2026-02-04,775585340,35.9,-35741920,-4.4,12862150540,83916,-3008,-3.5,1365890,1206,4331,2026-02-12,2026-08-15 16:06:43
2,-1,OLD,20241266,휴민트,2026-02-11,766996380,35.5,-338416250,-30.6,2074057410,81183,-35557,-30.5,212808,1494,6079,2026-02-12,2026-08-15 16:06:43
3,0,OLD,20252373,넘버원,2026-02-11,123347500,5.7,-32842680,-21.0,478745290,13932,-3299,-19.1,51252,643,1629,2026-02-12,2026-08-15 16:06:43
4,1,OLD,20247457,신의악단,2025-12-31,80086880,3.7,5662880,7.6,11011804630,8661,741,9.4,1159533,428,613,2026-02-12,2026-08-15 16:06:43
5,-1,OLD,20257823,폭풍의 언덕,2026-02-11,62782790,2.9,-36294700,-36.6,186026280,6778,-3701,-35.3,18778,423,759,2026-02-12,2026-08-15 16:06:43
6,0,OLD,20261439,"2024.12.03 그날 조작된 내란, 감춰진 진실",2026-02-04,62731500,2.9,163630,0.3,1540685760,6751,-112,-1.6,156312,354,549,2026-02-12,2026-08-15 16:06:43
7,0,OLD,20249255,만약에 우리,2025-12-31,62069000,2.9,-1109670,-1.8,24648492630,6189,-67,-1.1,2520711,371,529,2026-02-12,2026-08-15 16:06:43
8,0,OLD,20261526,아이엠스타!X프리파라 더 무비 -만남의 기적!-,2026-02-04,34488400,1.6,-30322500,-46.8,344477300,3390,-2849,-45.7,32374,83,109,2026-02-12,2026-08-15 16:06:43
9,1,OLD,20250878,노 머시: 90분,2026-02-04,23687200,1.1,4838800,25.7,753782050,2802,645,29.9,78028,155,188,2026-02-12,2026-08-15 16:06:43
10,0,NEW,20250840,바다 탐험대 옥토넛 어보브 앤 비욘드 : 육지생물 구조작전,2026-02-12,11847400,0.5,11847400,100.0,29748000,1463,1463,100.0,3259,141,169,2026-02-12,2026-08-15 16:06:43
1,0,OLD,20242837,왕과 사는 남자,2026-02-04,1295622220,44.2,520036880,67.1,14157772760,133573,49657,59.2,1499463,1420,5369,2026-02-13,2026-08-15 16:06:42
2,0,OLD,20241266,휴민트,2026-02-11,917939650,31.3,150943270,19.7,2991997060,91891,10708,13.2,304699,1405,5809,2026-02-13,2026-08-15 16:06:42
3,0,OLD,20252373,넘버원,2026-02-11,130458980,4.5,7111480,5.8,609204270,13978,46,0.3,65230,630,1590,2026-02-13,2026-08-15 16:06:42
4,0,OLD,20247457,신의악단,2025-12-31,87732600,3.0,7645720,9.5,11099537230,8978,317,3.7,1168511,418,590,2026-02-13,2026-08-15 16:06:42
5,2,OLD,20249255,만약에 우리,2025-12-31,88862260,3.0,26793260,43.2,24737354890,8177,1988,32.1,2528888,376,517,2026-02-13,2026-08-15 16:06:42
6,-1,OLD,20257823,폭풍의 언덕,2026-02-11,57960650,2.0,-4822140,-7.7,243986930,5885,-893,-13.2,24663,403,692,2026-02-13,2026-08-15 16:06:42
7,-1,OLD,20261439,"2024.12.03 그날 조작된 내란, 감춰진 진실",2026-02-04,53879320,1.8,-8852180,-14.1,1594565080,5467,-1284,-19.0,161779,317,504,2026-02-13,2026-08-15 16:06:42
8,0,NEW,20227073,신 에반게리온 극장판,2022-10-05,49943600,1.7,49943600,100.0,385769587,4747,4747,100.0,34457,46,71,2026-02-13,2026-08-15 16:06:42
9,0,OLD,20250878,노 머시: 90분,2026-02-04,26739970,0.9,3052770,12.9,780522020,3047,245,8.7,81075,152,180,2026-02-13,2026-08-15 16:06:42
10,-2,OLD,20261526,아이엠스타!X프리파라 더 무비 -만남의 기적!-,2026-02-04,31130500,1.1,-3357900,-9.7,375607800,2894,-496,-14.6,35268,76,108,2026-02-13,2026-08-15 16:06:42
1,0,OLD,20242837,왕과 사는 남자,2026-02-04,3489757500,53.3,2194135280,169.3,17647530260,357886,224313,167.9,1857349,1729,6851,2026-02-14,2026-08-15 16:06:42
2,0,OLD,20241266,휴민트,2026-02-11,1969734780,30.1,1051795130,114.6,4961731840,194546,102655,111.7,499245,1375,5819,2026-02-14,2026-08-15 16:06:42
3,0,OLD,20252373,넘버원,2026-02-11,248475220,3.8,118016240,90.5,857679490,25550,11572,82.8,90780,635,1318,2026-02-14,2026-08-15 16:06:42
4,0,OLD,20247457,신의악단,2025-12-31,173118490,2.6,85385890,97.3,11272655720,17415,8437,94.0,1185926,436,602,2026-02-14,2026-08-15 16:06:42
5,0,OLD,20249255,만약에 우리,2025-12-31,111759750,1.7,22897490,25.8,24849114640,10620,2443,29.9,2539508,353,469,2026-02-14,2026-08-15 16:06:42
6,1,OLD,20261439,"2024.12.03 그날 조작된 내란, 감춰진 진실",2026-02-04,64188770,1.0,10309450,19.1,1658753850,6702,1235,22.6,168481,258,344,2026-02-14,2026-08-15 16:06:42
7,-1,OLD,20257823,폭풍의 언덕,2026-02-11,65717500,1.0,7756850,13.4,309704430,6450,565,9.6,31113,374,513,2026-02-14,2026-08-15 16:06:42
8,6,OLD,20250604,극장판 엉덩이 탐정: 스타 앤드 문,2026-02-07,45276000,0.7,37670100,495.3,246847600,6012,4985,485.4,32287,230,346,2026-02-14,2026-08-15 16:06:42
9,9,OLD,20250840,바다 탐험대 옥토넛 어보브 앤 비욘드 : 육지생물 구조작전,2026-02-12,35248400,0.5,27528100,356.6,72716700,3618,2811,348.3,7684,227,300,2026-02-14,2026-08-15 16:06:42
10,-1,OLD,20250878,노 머시: 90분,2026-02-04,30009770,0.5,3269800,12.2,810531790,3209,162,5.3,84284,158,174,2026-02-14,2026-08-15 16:06:42
1,0,OLD,20242837,왕과 사는 남자,2026-02-04,4549624530,59.2,1059867030,30.4,22197154790,465254,107368,30.0,2322603,1836,7248,2026-02-15,2026-08-15 16:06:22
2,0,OLD,20241266,휴민트,2026-02-11,2084305370,27.1,114570590,5.8,7046037210,204552,10006,5.1,703797,1356,5601,2026-02-15,2026-08-15 16:06:22
3,0,OLD,20252373,넘버원,2026-02-11,258032720,3.4,9557500,3.8,1115712210,26374,824,3.2,117154,652,1325,2026-02-15,2026-08-15 16:06:22
4,0,OLD,20247457,신의악단,2025-12-31,192778050,2.5,19659560,11.4,11465433770,18816,1401,8.0,1204742,420,567,2026-02-15,2026-08-15 16:06:22
5,0,OLD,20249255,만약에 우리,2025-12-31,99193940,1.3,-12565810,-11.2,24948308580,9449,-1171,-11.0,2548957,370,478,2026-02-15,2026-08-15 16:06:22
6,0,OLD,20261439,"2024.12.03 그날 조작된 내란, 감춰진 진실",2026-02-04,67293100,0.9,3104330,4.8,1726046950,6781,79,1.2,175262,249,319,2026-02-15,2026-08-15 16:06:22
7,1,OLD,20250604,극장판 엉덩이 탐정: 스타 앤드 문,2026-02-07,42544400,0.6,-2731600,-6.0,289392000,5253,-759,-12.6,37540,232,353,2026-02-15,2026-08-15 16:06:22
8,-1,OLD,20257823,폭풍의 언덕,2026-02-11,49349550,0.6,-16367950,-24.9,359053980,4804,-1646,-25.5,35917,360,482,2026-02-15,2026-08-15 16:06:22
9,1,OLD,20250878,노 머시: 90분,2026-02-04,33463350,0.4,3453580,11.5,843995140,3724,515,16.0,88008,141,161,2026-02-15,2026-08-15 16:06:22
10,-1,OLD,20250840,바다 탐험대 옥토넛 어보브 앤 비욘드 : 육지생물 구조작전,2026-02-12,34652700,0.5,-595700,-1.7,107369400,3523,-95,-2.6,11207,219,297,2026-02-15,2026-08-15 16:06:22
1,0,OLD,20242837,왕과 사는 남자,2026-02-04,5301151370,64.6,751526840,16.5,27498306160,537175,71921,15.5,2859778,1899,7804,2026-02-16,2026-08-15 16:06:04
2,0,OLD,20241266,휴민트,2026-02-11,1846543770,22.5,-237761600,-11.4,8892580980,182655,-21897,-10.7,886452,1290,5280,2026-02-16,2026-08-15 16:06:04
3,1,OLD,20247457,신의악단,2025-12-31,306602500,3.7,113824450,59.0,11772036270,30221,11405,60.6,1234963,434,623,2026-02-16,2026-08-15 16:06:04
4,-1,OLD,20252373,넘버원,2026-02-11,222429690,2.7,-35603030,-13.8,1338141900,22493,-3881,-14.7,139647,645,1131,2026-02-16,2026-08-15 16:06:04
5,1,OLD,20261439,"2024.12.03 그날 조작된 내란, 감춰진 진실",2026-02-04,75806800,0.9,8513700,12.7,1801853750,7568,787,11.6,182830,231,286,2026-02-16,2026-08-15 16:06:04
6,-1,OLD,20249255,만약에 우리,2025-12-31,79529640,1.0,-19664300,-19.8,25027838220,7451,-1998,-21.1,2556408,337,471,2026-02-16,2026-08-15 16:06:04
7,0,OLD,20250604,극장판 엉덩이 탐정: 스타 앤드 문,2026-02-07,39134200,0.5,-3410200,-8.0,328526200,4503,-750,-14.3,42043,226,353,2026-02-16,2026-08-15 16:06:04
8,0,OLD,20257823,폭풍의 언덕,2026-02-11,40592120,0.5,-8757430,-17.7,399646100,4022,-782,-16.3,39939,351,444,2026-02-16,2026-08-15 16:06:04
9,1,OLD,20250840,바다 탐험대 옥토넛 어보브 앤 비욘드 : 육지생물 구조작전,2026-02-12,35494200,0.4,841500,2.4,142863600,3602,79,2.2,14809,224,298,2026-02-16,2026-08-15 16:06:04
10,-1,OLD,20250878,노 머시: 90분,2026-02-04,28276900,0.3,-5186450,-15.5,872272040,2913,-811,-21.8,90921,130,148,2026-02-16,2026-08-15 16:06:04
1,0,OLD,20242837,왕과 사는 남자,2026-02-04,6574650470,67.2,1273499100,24.0,34072956630,661439,124264,23.1,3521217,2010,8341,2026-02-17,2026-08-15 16:06:03
2,0,OLD,20241266,휴민트,2026-02-11,2199712250,22.5,353168480,19.1,11092293230,213403,30748,16.8,1099855,1225,4909,2026-02-17,2026-08-15 16:06:03
3,0,OLD,20247457,신의악단,2025-12-31,340532730,3.5,33930230,11.1,12112569000,33635,3414,11.3,1268598,462,694,2026-02-17,2026-08-15 16:06:03
4,0,OLD,20252373,넘버원,2026-02-11,209720820,2.1,-12708870,-5.7,1547862720,21897,-596,-2.6,161544,605,1062,2026-02-17,2026-08-15 16:06:03
5,0,OLD,20261439,"2024.12.03 그날 조작된 내란, 감춰진 진실",2026-02-04,72149080,0.7,-3657720,-4.8,1874002830,7197,-371,-4.9,190027,205,239,2026-02-17,2026-08-15 16:06:03
6,0,OLD,20249255,만약에 우리,2025-12-31,74221480,0.8,-5308160,-6.7,25102059700,7021,-430,-5.8,2563429,319,432,2026-02-17,2026-08-15 16:06:03
7,1,OLD,20257823,폭풍의 언덕,2026-02-11,42274200,0.4,1682080,4.1,441920300,4354,332,8.3,44293,330,411,2026-02-17,2026-08-15 16:06:03
8,-1,OLD,20250604,극장판 엉덩이 탐정: 스타 앤드 문,2026-02-07,35550300,0.4,-3583900,-9.2,364076500,4237,-266,-5.9,46280,208,312,2026-02-17,2026-08-15 16:06:03
9,1,OLD,20250878,노 머시: 90분,2026-02-04,26405460,0.3,-1871440,-6.6,898677500,2702,-211,-7.2,93623,131,143,2026-02-17,2026-08-15 16:06:03
10,1,OLD,20252432,주토피아 2,2025-11-26,26360300,0.3,-1631140,-5.8,82810844690,2570,-191,-6.9,8604180,94,103,2026-02-17,2026-08-15 16:06:03
1,0,OLD,20242837,왕과 사는 남자,2026-02-04,6353617930,65.0,-221032540,-3.4,40426574560,653634,-7805,-1.2,4174851,2017,8045,2026-02-18,2026-08-15 16:06:03
2,0,OLD,20241266,휴민트,2026-02-11,1884910650,19.3,-314801600,-14.3,12977203880,184951,-28452,-13.3,1284806,1188,4360,2026-02-18,2026-08-15 16:06:03
3,0,OLD,20247457,신의악단,2025-12-31,298928880,3.1,-41603850,-12.2,12411497880,30600,-3035,-9.0,1299198,492,692,2026-02-18,2026-08-15 16:06:03
4,0,OLD,20252373,넘버원,2026-02-11,261584930,2.7,51864110,24.7,1809447650,26301,4404,20.1,187845,609,970,2026-02-18,2026-08-15 16:06:03
5,0,NEW,20261208,귀신 부르는 앱: 영,2026-02-18,187822700,1.9,187822700,100.0,192302700,18263,18263,100.0,18903,176,357,2026-02-18,2026-08-15 16:06:03
6,0,NEW,20261150,점보,2026-02-18,114833230,1.2,114833230,100.0,130123700,12648,12648,100.0,14169,355,453,2026-02-18,2026-08-15 16:06:03
7,-1,OLD,20249255,만약에 우리,2025-12-31,88348200,0.9,14126720,19.0,25190407900,8477,1456,20.7,2571906,288,374,2026-02-18,2026-08-15 16:06:03
8,-3,OLD,20261439,"2024.12.03 그날 조작된 내란, 감춰진 진실",2026-02-04,82022950,0.8,9873870,13.7,1956025780,8450,1253,17.4,198477,178,214,2026-02-18,2026-08-15 16:06:03
9,6,OLD,20261526,아이엠스타!X프리파라 더 무비 -만남의 기적!-,2026-02-04,80727100,0.8,70698700,705.0,531427900,7831,6883,726.1,50217,74,96,2026-02-18,2026-08-15 16:06:03
10,1,OLD,20250840,바다 탐험대 옥토넛 어보브 앤 비욘드 : 육지생물 구조작전,2026-02-12,40620200,0.4,18134000,80.6,205970000,4101,1884,85.0,21127,195,241,2026-02-18,2026-08-15 16:06:03
1,0,OLD,20242837,왕과 사는 남자,2026-02-04,2231556760,65.8,-4122061170,-64.9,42658131320,239783,-413851,-63.3,4414634,1607,6521,2026-02-19,2026-08-15 16:06:02
2,0,OLD,20241266,휴민트,2026-02-11,532681280,15.7,-1352229370,-71.7,13509885160,54834,-130117,-70.4,1339640,1116,4036,2026-02-19,2026-08-15 16:06:02
3,1,OLD,20252373,넘버원,2026-02-11,97506630,2.9,-164078300,-62.7,1906954280,10762,-15539,-59.1,198607,574,983,2026-02-19,2026-08-15 16:06:02
4,1,OLD,20261208,귀신 부르는 앱: 영,2026-02-18,91871100,2.7,-95951600,-51.1,284173800,9175,-9088,-49.8,28078,189,384,2026-02-19,2026-08-15 16:06:02
5,-2,OLD,20247457,신의악단,2025-12-31,78315430,2.3,-220613450,-73.8,12489813310,8480,-22120,-72.3,1307678,433,629,2026-02-19,2026-08-15 16:06:02
6,3,OLD,20261526,아이엠스타!X프리파라 더 무비 -만남의 기적!-,2026-02-04,54846900,1.6,-25880200,-32.1,586274800,5533,-2298,-29.3,55750,71,91,2026-02-19,2026-08-15 16:06:02
7,0,OLD,20249255,만약에 우리,2025-12-31,45238700,1.3,-43109500,-48.8,25235646600,4486,-3991,-47.1,2576392,292,411,2026-02-19,2026-08-15 16:06:02
8,12,OLD,20250878,노 머시: 90분,2026-02-04,33504200,1.0,21607800,181.6,944078100,3661,2487,211.8,98458,60,70,2026-02-19,2026-08-15 16:06:02
9,-1,OLD,20261439,"2024.12.03 그날 조작된 내란, 감춰진 진실",2026-02-04,26793700,0.8,-55229250,-67.3,1982819480,2969,-5481,-64.9,201446,203,263,2026-02-19,2026-08-15 16:06:02
10,1,OLD,20250428,센티멘탈 밸류,2026-02-18,23869540,0.7,-17056220,-41.7,103781940,2546,-1363,-34.9,10113,188,221,2026-02-19,2026-08-15 16:06:02
1,0,OLD,20242837,왕과 사는 남자,2026-02-04,2586365530,69.9,354808770,15.9,45244496850,264713,24930,10.4,4679347,1771,7277,2026-02-20,2026-08-15 16:06:02
2,0,OLD,20241266,휴민트,2026-02-11,519326920,14.0,-13354360,-2.5,14029212080,51305,-3529,-6.4,1390945,1089,3982,2026-02-20,2026-08-15 16:06:02
3,0,OLD,20252373,넘버원,2026-02-11,85752790,2.3,-11753840,-12.1,1992707070,9033,-1729,-16.1,207640,593,988,2026-02-20,2026-08-15 16:06:02
4,0,OLD,20261208,귀신 부르는 앱: 영,2026-02-18,84787600,2.3,-7083500,-7.7,368961400,8195,-980,-10.7,36273,190,380,2026-02-20,2026-08-15 16:06:02
5,0,OLD,20247457,신의악단,2025-12-31,74579950,2.0,-3735480,-4.8,12564393260,8017,-463,-5.5,1315695,457,684,2026-02-20,2026-08-15 16:06:02
6,1,OLD,20249255,만약에 우리,2025-12-31,47107840,1.3,1869140,4.1,25282754440,4384,-102,-2.3,2580776,304,418,2026-02-20,2026-08-15 16:06:02
7,3,OLD,20250428,센티멘탈 밸류,2026-02-18,31498370,0.9,7628830,32.0,135280310,3416,870,34.2,13529,192,230,2026-02-20,2026-08-15 16:06:02
8,-2,OLD,20261526,아이엠스타!X프리파라 더 무비 -만남의 기적!-,2026-02-04,35693300,1.0,-19153600,-34.9,621968100,3408,-2125,-38.4,59158,75,102,2026-02-20,2026-08-15 16:06:02
9,2,OLD,20261150,점보,2026-02-18,29130000,0.8,7941460,37.5,180442240,3263,793,32.1,19902,312,352,2026-02-20,2026-08-15 16:06:02
10,-1,OLD,20261439,"2024.12.03 그날 조작된 내란, 감춰진 진실",2026-02-04,20243100,0.5,-6550600,-24.4,2003062580,2102,-867,-29.2,203548,192,251,2026-02-20,2026-08-15 16:06:02
1,0,OLD,20242837,왕과 사는 남자,2026-02-04,5691833080,74.3,3105467550,120.1,50936329930,581160,316447,119.5,5260507,2106,9006,2026-02-21,2026-08-15 16:06:01
2,0,OLD,20241266,휴민트,2026-02-11,1025956220,13.4,506629300,97.6,15055168300,100054,48749,95.0,1490999,1048,3624,2026-02-21,2026-08-15 16:06:01
3,0,OLD,20252373,넘버원,2026-02-11,156346730,2.0,70593940,82.3,2149053800,15757,6724,74.4,223397,549,798,2026-02-21,2026-08-15 16:06:01
4,1,OLD,20247457,신의악단,2025-12-31,135986500,1.8,61406550,82.3,12700379760,14064,6047,75.4,1329759,508,780,2026-02-21,2026-08-15 16:06:01
5,-1,OLD,20261208,귀신 부르는 앱: 영,2026-02-18,133172300,1.7,48384700,57.1,502133700,12759,4564,55.7,49032,178,352,2026-02-21,2026-08-15 16:06:01
6,3,OLD,20261150,점보,2026-02-18,82505100,1.1,53375100,183.2,262947340,9260,5997,183.8,29162,370,479,2026-02-21,2026-08-15 16:06:01
7,-1,OLD,20249255,만약에 우리,2025-12-31,52562700,0.7,5454860,11.6,25335317140,5053,669,15.3,2585829,244,302,2026-02-21,2026-08-15 16:06:01
8,-1,OLD,20250428,센티멘탈 밸류,2026-02-18,38191480,0.5,6693110,21.2,173471790,3769,353,10.3,17298,190,209,2026-02-21,2026-08-15 16:06:01
9,2,OLD,20257823,폭풍의 언덕,2026-02-11,24052500,0.3,2935150,13.9,537961520,2307,243,11.8,53788,155,177,2026-02-21,2026-08-15 16:06:01
10,7,OLD,20030047,모노노케 히메,2003-04-25,36104410,0.5,28344240,365.3,2406676520,2289,1673,271.6,198845,33,42,2026-02-21,2026-08-15 16:06:01
1,0,OLD,20242837,왕과 사는 남자,2026-02-04,5554146750,75.1,-137686330,-2.4,56490476680,568288,-12872,-2.2,5828795,2142,8689,2026-02-22,2026-08-15 16:06:00
2,0,OLD,20241266,휴민트,2026-02-11,912149530,12.3,-113806690,-11.1,15967317830,88007,-12047,-12.0,1579006,1026,3381,2026-02-22,2026-08-15 16:06:00
3,1,OLD,20247457,신의악단,2025-12-31,176840660,2.4,40854160,30.0,12877220420,18886,4822,34.3,1348645,524,752,2026-02-22,2026-08-15 16:06:00
4,-1,OLD,20252373,넘버원,2026-02-11,157792100,2.1,1445370,0.9,2306845900,16015,258,1.6,239412,548,792,2026-02-22,2026-08-15 16:06:00
5,0,OLD,20261208,귀신 부르는 앱: 영,2026-02-18,118273100,1.6,-14899200,-11.2,620406800,11391,-1368,-10.7,60423,187,346,2026-02-22,2026-08-15 16:06:00
6,0,OLD,20261150,점보,2026-02-18,86828530,1.2,4323430,5.2,349775870,9807,547,5.9,38969,371,477,2026-02-22,2026-08-15 16:06:00
7,0,OLD,20249255,만약에 우리,2025-12-31,43325100,0.6,-9237600,-17.6,25378642240,4116,-937,-18.5,2589945,240,291,2026-02-22,2026-08-15 16:06:00
8,0,OLD,20250428,센티멘탈 밸류,2026-02-18,36468050,0.5,-1723430,-4.5,209939840,3541,-228,-6.0,20839,180,200,2026-02-22,2026-08-15 16:06:00
9,1,OLD,20030047,모노노케 히메,2003-04-25,35470620,0.5,-633790,-1.8,2442147140,2234,-55,-2.4,201079,31,39,2026-02-22,2026-08-15 16:06:00
10,2,OLD,20261439,"2024.12.03 그날 조작된 내란, 감춰진 진실",2026-02-04,21168600,0.3,2087800,10.9,2043311980,2136,151,7.6,207669,149,173,2026-02-22,2026-08-15 16:06:00
1,0,OLD,20242837,왕과 사는 남자,2026-02-04,1841999690,73.0,-3712147060,-66.8,58332476370,195470,-372818,-65.6,6024265,1756,7273,2026-02-23,2026-08-15 16:05:57
2,0,OLD,20241266,휴민트,2026-02-11,327488800,13.0,-584660730,-64.1,16294806630,32115,-55892,-63.5,1611121,921,3101,2026-02-23,2026-08-15 16:05:57
3,1,OLD,20252373,넘버원,2026-02-11,47802850,1.9,-109989250,-69.7,2354648750,5276,-10739,-67.1,244688,496,762,2026-02-23,2026-08-15 16:05:57
4,-1,OLD,20247457,신의악단,2025-12-31,43174450,1.7,-133666210,-75.6,12920394870,4667,-14219,-75.3,1353312,417,631,2026-02-23,2026-08-15 16:05:57
5,0,OLD,20261208,귀신 부르는 앱: 영,2026-02-18,45899900,1.8,-72373200,-61.2,666306700,4474,-6917,-60.7,64897,182,346,2026-02-23,2026-08-15 16:05:57
6,0,OLD,20261150,점보,2026-02-18,22270150,0.9,-64558380,-74.4,372046020,2584,-7223,-73.7,41553,281,306,2026-02-23,2026-08-15 16:05:57
7,0,OLD,20249255,만약에 우리,2025-12-31,24189200,1.0,-19135900,-44.2,25402831440,2328,-1788,-43.4,2592273,257,350,2026-02-23,2026-08-15 16:05:57
8,0,OLD,20250428,센티멘탈 밸류,2026-02-18,17870070,0.7,-18597980,-51.0,227809910,1915,-1626,-45.9,22754,179,207,2026-02-23,2026-08-15 16:05:57
9,0,NEW,20250301,판결,2026-02-25,11346000,0.4,11346000,100.0,37271000,1259,1259,100.0,4001,7,7,2026-02-23,2026-08-15 16:05:57
10,0,NEW,20261181,너자 2,2026-02-25,8120000,0.3,8120000,100.0,35221000,1160,1160,100.0,3203,9,9,2026-02-23,2026-08-15 16:05:57
1,0,OLD,20242837,왕과 사는 남자,2026-02-04,1827069870,74.4,-14929820,-0.8,60159546240,194636,-834,-0.4,6218901,1778,7331,2026-02-24,2026-08-15 16:05:56
2,0,OLD,20241266,휴민트,2026-02-11,258103480,10.5,-69385320,-21.2,16552910110,26624,-5491,-17.1,1637745,936,3086,2026-02-24,2026-08-15 16:05:56
3,0,OLD,20252373,넘버원,2026-02-11,46301500,1.9,-1501350,-3.1,2400950250,5091,-185,-3.5,249779,502,763,2026-02-24,2026-08-15 16:05:56
4,0,OLD,20247457,신의악단,2025-12-31,44477240,1.8,1302790,3.0,12964872110,4914,247,5.3,1358226,416,632,2026-02-24,2026-08-15 16:05:56
5,0,OLD,20261208,귀신 부르는 앱: 영,2026-02-18,42252500,1.7,-3647400,-7.9,708559200,4590,116,2.6,69487,181,340,2026-02-24,2026-08-15 16:05:56
6,0,OLD,20261150,점보,2026-02-18,30184100,1.2,7913950,35.5,402230120,3553,969,37.5,45106,291,321,2026-02-24,2026-08-15 16:05:56
7,1,OLD,20250428,센티멘탈 밸류,2026-02-18,22528200,0.9,4658130,26.1,250338110,2400,485,25.3,25154,197,225,2026-02-24,2026-08-15 16:05:56
8,-1,OLD,20249255,만약에 우리,2025-12-31,22582470,0.9,-1606730,-6.6,25425413910,2187,-141,-6.1,2594460,249,341,2026-02-24,2026-08-15 16:05:56
9,0,NEW,20241501,매드 댄스 오피스,2026-03-04,13878000,0.6,13878000,100.0,17992000,1542,1542,100.0,1966,7,8,2026-02-24,2026-08-15 16:05:56
10,1,OLD,20257823,폭풍의 언덕,2026-02-11,12486980,0.5,2096450,20.2,577532170,1324,208,18.6,57770,170,196,2026-02-24,2026-08-15 16:05:56
1,0,OLD,20242837,왕과 사는 남자,2026-02-04,2417894910,73.2,590825040,32.3,62577441150,309572,114936,59.1,6528473,1937,7497,2026-02-25,2026-08-15 16:05:55
2,0,OLD,20241266,휴민트,2026-02-11,312647710,9.5,54544230,21.1,16865557820,37892,11268,42.3,1675637,855,2399,2026-02-25,2026-08-15 16:05:55
3,0,NEW,20259583,초속 5센티미터,2026-02-25,144137600,4.4,144137600,100.0,155824500,17947,17947,100.0,19020,568,1257,2026-02-25,2026-08-15 16:05:55
4,0,NEW,20261181,너자 2,2026-02-25,53822600,1.6,53822600,100.0,89043600,6936,6936,100.0,10139,277,584,2026-02-25,2026-08-15 16:05:55
5,55,OLD,20250365,햄넷,2026-02-25,43640460,1.3,43054260,7344.6,100010780,5633,5573,9288.3,11121,381,495,2026-02-25,2026-08-15 16:05:55
6,-2,OLD,20247457,신의악단,2025-12-31,39963700,1.2,-4513540,-10.1,13004835810,4905,-9,-0.2,1363131,355,464,2026-02-25,2026-08-15 16:05:55
7,-4,OLD,20252373,넘버원,2026-02-11,33090300,1.0,-13211200,-28.5,2434040550,4103,-988,-19.4,253882,291,364,2026-02-25,2026-08-15 16:05:55
8,-3,OLD,20261208,귀신 부르는 앱: 영,2026-02-18,30291000,0.9,-11961500,-28.3,738850200,3747,-843,-18.4,73234,188,252,2026-02-25,2026-08-15 16:05:55
9,-2,OLD,20250428,센티멘탈 밸류,2026-02-18,27278500,0.8,4750300,21.1,277616610,3558,1158,48.3,28712,104,122,2026-02-25,2026-08-15 16:05:55
10,4,OLD,20261526,아이엠스타!X프리파라 더 무비 -만남의 기적!-,2026-02-04,24167000,0.7,16923400,233.6,699820300,2509,1793,250.4,66932,58,77,2026-02-25,2026-08-15 16:05:55
1,0,OLD,20242837,왕과 사는 남자,2026-02-04,1934801520,73.2,-483093390,-20.0,64512242670,204929,-104643,-33.8,6733402,1803,7335,2026-02-26,2026-08-15 16:05:54
2,0,OLD,20241266,휴민트,2026-02-11,214542270,8.1,-98105440,-31.4,17080100090,21909,-15983,-42.2,1697546,786,2269,2026-02-26,2026-08-15 16:05:54
3,0,OLD,20259583,초속 5센티미터,2026-02-25,87546700,3.3,-56590900,-39.3,243371200,9236,-8711,-48.5,28256,515,1143,2026-02-26,2026-08-15 16:05:54
4,0,OLD,20261181,너자 2,2026-02-25,45165600,1.7,-8657000,-16.1,134209200,5841,-1095,-15.8,15980,263,565,2026-02-26,2026-08-15 16:05:54
5,1,OLD,20247457,신의악단,2025-12-31,42542900,1.6,2579200,6.5,13047378710,4584,-321,-6.5,1367715,363,464,2026-02-26,2026-08-15 16:05:54
6,1,OLD,20252373,넘버원,2026-02-11,34227570,1.3,1137270,3.4,2468268120,3929,-174,-4.2,257811,288,366,2026-02-26,2026-08-15 16:05:54
7,1,OLD,20261208,귀신 부르는 앱: 영,2026-02-18,32381900,1.2,2090900,6.9,771232100,3460,-287,-7.7,76694,180,244,2026-02-26,2026-08-15 16:05:54
8,0,NEW,20261450,슬라이드 스트럼 뮤트,2026-02-26,26484000,1.0,26484000,100.0,32724000,3119,3119,100.0,3899,117,126,2026-02-26,2026-08-15 16:05:54
9,-4,OLD,20250365,햄넷,2026-02-25,28026520,1.1,-15613940,-35.8,128037300,3031,-2602,-46.2,14152,352,457,2026-02-26,2026-08-15 16:05:54
10,-1,OLD,20250428,센티멘탈 밸류,2026-02-18,19168400,0.7,-8110100,-29.7,296785010,2130,-1428,-40.1,30842,97,107,2026-02-26,2026-08-15 16:05:54
1,0,OLD,20242837,왕과 사는 남자,2026-02-04,2758081920,76.9,823280400,42.6,67270324590,278059,73130,35.7,7011461,1932,8039,2026-02-27,2026-08-15 16:05:53
2,0,OLD,20241266,휴민트,2026-02-11,225469520,6.3,10927250,5.1,17305569610,22005,96,0.4,1719551,739,2014,2026-02-27,2026-08-15 16:05:53
3,0,OLD,20259583,초속 5센티미터,2026-02-25,91322020,2.5,3775320,4.3,334693220,9061,-175,-1.9,37317,518,1015,2026-02-27,2026-08-15 16:05:53
4,0,NEW,20257744,28년 후: 뼈의 사원,2026-02-27,66348480,1.9,66348480,100.0,68460480,6209,6209,100.0,6401,467,807,2026-02-27,2026-08-15 16:05:53
5,0,OLD,20247457,신의악단,2025-12-31,39658700,1.1,-2884200,-6.8,13087037410,4206,-378,-8.2,1371921,345,421,2026-02-27,2026-08-15 16:05:53
6,-2,OLD,20261181,너자 2,2026-02-25,33725700,0.9,-11439900,-25.3,167934900,3638,-2203,-37.7,19618,256,464,2026-02-27,2026-08-15 16:05:53
7,-1,OLD,20252373,넘버원,2026-02-11,29909340,0.8,-4318230,-12.6,2498177460,3395,-534,-13.6,261206,269,321,2026-02-27,2026-08-15 16:05:53
8,0,NEW,20261621,엔하이픈 [워크 더 라인 썸머 에디션] 인 시네마,2026-02-27,72425000,2.0,72425000,100.0,72425000,2897,2897,100.0,2897,61,117,2026-02-27,2026-08-15 16:05:53
9,-2,OLD,20261208,귀신 부르는 앱: 영,2026-02-18,27740400,0.8,-4641500,-14.3,798972500,2795,-665,-19.2,79489,163,220,2026-02-27,2026-08-15 16:05:53
10,-1,OLD,20250365,햄넷,2026-02-25,27525260,0.8,-501260,-1.8,155562560,2752,-279,-9.2,16904,329,420,2026-02-27,2026-08-15 16:05:53
1,0,OLD,20242837,왕과 사는 남자,2026-02-04,6472569500,82.6,3714487580,134.7,73742894090,655719,377660,135.8,7667180,2165,9758,2026-02-28,2026-08-15 16:05:52
2,0,OLD,20241266,휴민트,2026-02-11,512719970,6.5,287250450,127.4,17818289580,47959,25954,117.9,1767510,816,2018,2026-02-28,2026-08-15 16:05:52
3,0,OLD,20259583,초속 5센티미터,2026-02-25,123604030,1.6,32282010,35.3,458297250,12239,3178,35.1,49556,542,949,2026-02-28,2026-08-15 16:05:52
4,1,OLD,20247457,신의악단,2025-12-31,85942300,1.1,46283600,116.7,13172979710,9281,5075,120.7,1381202,376,474,2026-02-28,2026-08-15 16:05:52
5,1,OLD,20261181,너자 2,2026-02-25,73962300,0.9,40236600,119.3,241897200,7981,4343,119.4,27599,260,476,2026-02-28,2026-08-15 16:05:52
6,-2,OLD,20257744,28년 후: 뼈의 사원,2026-02-27,82634310,1.1,16285830,24.5,151094790,7664,1455,23.4,14065,417,689,2026-02-28,2026-08-15 16:05:52
7,7,OLD,20261450,슬라이드 스트럼 뮤트,2026-02-26,42566000,0.5,31757000,293.8,86099000,4770,3497,274.7,9942,120,166,2026-02-28,2026-08-15 16:05:52
8,2,OLD,20250365,햄넷,2026-02-25,44357880,0.6,16832620,61.2,199920440,4566,1814,65.9,21470,326,407,2026-02-28,2026-08-15 16:05:52
9,0,OLD,20261208,귀신 부르는 앱: 영,2026-02-18,43689500,0.6,15949100,57.5,842662000,4296,1501,53.7,83785,152,202,2026-02-28,2026-08-15 16:05:52
10,-3,OLD,20252373,넘버원,2026-02-11,31987520,0.4,2078180,6.9,2530164980,3401,6,0.2,264607,209,267,2026-02-28,2026-08-15 16:05:52
1,0,OLD,20242837,왕과 사는 남자,2026-02-04,8012476100,83.5,1539906600,23.8,81755370190,817182,161463,24.6,8484362,2170,9709,2026-03-01,2026-08-15 16:05:51
2,0,OLD,20241266,휴민트,2026-02-11,568576780,5.9,55856810,10.9,18386866360,54656,6697,14.0,1822166,784,1786,2026-03-01,2026-08-15 16:05:51
3,0,NEW,20256283,호퍼스,2026-03-04,233985250,2.4,233985250,100.0,244596250,22185,22185,100.0,22996,536,1172,2026-03-01,2026-08-15 16:05:51
4,0,OLD,20247457,신의악단,2025-12-31,99348800,1.0,13406500,15.6,13272328510,10536,1255,13.5,1391738,327,376,2026-03-01,2026-08-15 16:05:51
5,-2,OLD,20259583,초속 5센티미터,2026-02-25,101729040,1.1,-21874990,-17.7,560026290,10031,-2208,-18.0,59587,503,777,2026-03-01,2026-08-15 16:05:51
6,0,OLD,20257744,28년 후: 뼈의 사원,2026-02-27,79966140,0.8,-2668170,-3.2,231060930,7500,-164,-2.1,21565,417,619,2026-03-01,2026-08-15 16:05:51
7,-2,OLD,20261181,너자 2,2026-02-25,72372600,0.8,-1589700,-2.1,314269800,7249,-732,-9.2,34848,242,398,2026-03-01,2026-08-15 16:05:51
8,0,OLD,20250365,햄넷,2026-02-25,43366570,0.5,-991310,-2.2,243287010,4346,-220,-4.8,25816,309,354,2026-03-01,2026-08-15 16:05:51
9,1,OLD,20252373,넘버원,2026-02-11,40535300,0.4,8547780,26.7,2570700280,4180,779,22.9,268787,185,223,2026-03-01,2026-08-15 16:05:51
10,-1,OLD,20261208,귀신 부르는 앱: 영,2026-02-18,39516800,0.4,-4172700,-9.6,882178800,3921,-375,-8.7,87706,136,177,2026-03-01,2026-08-15 16:05:51
1,0,OLD,20242837,왕과 사는 남자,2026-02-04,7031284220,83.4,-981191880,-12.2,88786654410,728915,-88267,-10.8,9213277,2150,9321,2026-03-02,2026-08-15 16:05:50
2,0,OLD,20241266,휴민트,2026-02-11,415209600,4.9,-153367180,-27.0,18802075960,41504,-13152,-24.1,1863670,754,1622,2026-03-02,2026-08-15 16:05:50
3,0,OLD,20256283,호퍼스,2026-03-04,306886650,3.6,72901400,31.2,551482900,29415,7230,32.6,52411,538,1174,2026-03-02,2026-08-15 16:05:50
4,0,OLD,20247457,신의악단,2025-12-31,109752410,1.3,10403610,10.5,13382080920,11210,674,6.4,1402948,287,337,2026-03-02,2026-08-15 16:05:50
5,0,OLD,20259583,초속 5센티미터,2026-02-25,82155150,1.0,-19573890,-19.2,642181440,8164,-1867,-18.6,67751,488,721,2026-03-02,2026-08-15 16:05:50
6,1,OLD,20261181,너자 2,2026-02-25,65029700,0.8,-7342900,-10.1,379299500,6934,-315,-4.3,41782,231,378,2026-03-02,2026-08-15 16:05:50
7,-1,OLD,20257744,28년 후: 뼈의 사원,2026-02-27,53104160,0.6,-26861980,-33.6,284165090,4978,-2522,-33.6,26543,365,514,2026-03-02,2026-08-15 16:05:50
8,0,OLD,20250365,햄넷,2026-02-25,45168550,0.5,1801980,4.2,288455560,4622,276,6.4,30438,292,339,2026-03-02,2026-08-15 16:05:50
9,0,OLD,20252373,넘버원,2026-02-11,38882300,0.5,-1653000,-4.1,2609582580,3950,-230,-5.5,272737,173,207,2026-03-02,2026-08-15 16:05:50
10,0,OLD,20261208,귀신 부르는 앱: 영,2026-02-18,29724000,0.4,-9792800,-24.8,911902800,3325,-596,-15.2,91031,133,168,2026-03-02,2026-08-15 16:05:50
1,0,OLD,20242837,왕과 사는 남자,2026-02-04,1820225790,83.4,-5211058430,-74.1,90606880200,194476,-534439,-73.3,9407753,1800,7489,2026-03-03,2026-08-15 16:05:49
2,0,OLD,20241266,휴민트,2026-02-11,103348800,4.7,-311860800,-75.1,18905424760,10756,-30748,-74.1,1874426,659,1647,2026-03-03,2026-08-15 16:05:49
3,2,OLD,20259583,초속 5센티미터,2026-02-25,32780000,1.5,-49375150,-60.1,674961440,3542,-4622,-56.6,71293,444,748,2026-03-03,2026-08-15 16:05:49
4,3,OLD,20257744,28년 후: 뼈의 사원,2026-02-27,26394760,1.2,-26709400,-50.3,310559850,2632,-2346,-47.1,29175,379,564,2026-03-03,2026-08-15 16:05:49
5,-1,OLD,20247457,신의악단,2025-12-31,20551700,0.9,-89200710,-81.3,13402632620,2242,-8968,-80.0,1405190,295,369,2026-03-03,2026-08-15 16:05:49
6,2,OLD,20250365,햄넷,2026-02-25,20622620,0.9,-24545930,-54.3,309078180,2231,-2391,-51.7,32669,302,390,2026-03-03,2026-08-15 16:05:49
7,2,OLD,20252373,넘버원,2026-02-11,17536040,0.8,-21346260,-54.9,2627118620,2035,-1915,-48.5,274772,191,235,2026-03-03,2026-08-15 16:05:49
8,-2,OLD,20261181,너자 2,2026-02-25,14593700,0.7,-50436000,-77.6,393893200,1840,-5094,-73.5,43622,203,331,2026-03-03,2026-08-15 16:05:49
9,2,OLD,20250428,센티멘탈 밸류,2026-02-18,10367570,0.5,-16685590,-61.7,420302580,1101,-1564,-58.7,42895,101,110,2026-03-03,2026-08-15 16:05:49
10,0,NEW,20258074,아르코,2026-03-11,9387000,0.4,9387000,100.0,25631870,1043,1043,100.0,2665,8,8,2026-03-03,2026-08-15 16:05:49
1,0,OLD,20242837,왕과 사는 남자,2026-02-04,1768402810,74.0,-51822980,-2.8,92375283010,189637,-4839,-2.5,9597390,1633,6464,2026-03-04,2026-08-15 16:05:49
2,0,NEW,20256283,호퍼스,2026-03-04,171315880,7.2,171315880,100.0,722798780,17155,17155,100.0,69566,788,2320,2026-03-04,2026-08-15 16:05:49
3,21,OLD,20258444,브라이드!,2026-03-04,72509440,3.0,67953440,1491.5,77065440,7478,7210,2690.3,7746,399,676,2026-03-04,2026-08-15 16:05:49
4,-2,OLD,20241266,휴민트,2026-02-11,69381720,2.9,-33967080,-32.9,18974806480,6837,-3919,-36.4,1881263,549,932,2026-03-04,2026-08-15 16:05:49
5,0,NEW,20241501,매드 댄스 오피스,2026-03-04,45384560,1.9,45384560,100.0,75342930,5420,5420,100.0,8350,484,885,2026-03-04,2026-08-15 16:05:49
6,0,NEW,20250875,우리는 매일매일,2026-03-04,21068300,0.9,21068300,100.0,26531300,2523,2523,100.0,3130,142,168,2026-03-04,2026-08-15 16:05:49
7,1,OLD,20261181,너자 2,2026-02-25,13898100,0.6,-695600,-4.8,407791300,2512,672,36.5,46134,107,139,2026-03-04,2026-08-15 16:05:49
8,0,NEW,20250413,다이 마이 러브,2026-03-04,17508600,0.7,17508600,100.0,17508600,2164,2164,100.0,2164,115,212,2026-03-04,2026-08-15 16:05:49
9,-3,OLD,20250365,햄넷,2026-02-25,18682300,0.8,-1940320,-9.4,327760480,1979,-252,-11.3,34648,164,196,2026-03-04,2026-08-15 16:05:49
10,9,OLD,20261526,아이엠스타!X프리파라 더 무비 -만남의 기적!-,2026-02-04,17500900,0.7,14304800,447.6,790926800,1754,1441,460.4,75777,53,62,2026-03-04,2026-08-15 16:05:49
1,0,OLD,20242837,왕과 사는 남자,2026-02-04,1676046780,77.2,-92356030,-5.2,94051329790,180529,-9108,-4.8,9777919,1697,6654,2026-03-05,2026-08-15 16:05:48
2,0,OLD,20256283,호퍼스,2026-03-04,116444100,5.4,-54871780,-32.0,839242880,11795,-5360,-31.2,81361,747,2041,2026-03-05,2026-08-15 16:05:48
3,1,OLD,20241266,휴민트,2026-02-11,69377800,3.2,-3920,0.0,19044184280,7105,268,3.9,1888368,542,934,2026-03-05,2026-08-15 16:05:48
4,1,OLD,20241501,매드 댄스 오피스,2026-03-04,32071700,1.5,-13312860,-29.3,107414630,3839,-1581,-29.2,12189,470,815,2026-03-05,2026-08-15 16:05:48
5,-2,OLD,20258444,브라이드!,2026-03-04,32473430,1.5,-40036010,-55.2,109538870,3357,-4121,-55.1,11103,370,600,2026-03-05,2026-08-15 16:05:48
6,1,OLD,20261181,너자 2,2026-02-25,13534300,0.6,-363800,-2.6,421325600,2388,-124,-4.9,48522,110,135,2026-03-05,2026-08-15 16:05:48
7,4,OLD,20247457,신의악단,2025-12-31,16543000,0.8,3474630,26.6,13432243990,1938,345,21.7,1408721,183,209,2026-03-05,2026-08-15 16:05:48
8,-2,OLD,20250875,우리는 매일매일,2026-03-04,15499450,0.7,-5568850,-26.4,42030750,1887,-636,-25.2,5017,125,150,2026-03-05,2026-08-15 16:05:48
9,0,OLD,20250365,햄넷,2026-02-25,16510400,0.8,-2171900,-11.6,344270880,1758,-221,-11.2,36406,175,202,2026-03-05,2026-08-15 16:05:48
10,-2,OLD,20250413,다이 마이 러브,2026-03-04,11753000,0.5,-5755600,-32.9,29261600,1519,-645,-29.8,3683,112,186,2026-03-05,2026-08-15 16:05:48
1,0,OLD,20242837,왕과 사는 남자,2026-02-04,2659703920,80.4,983657140,58.7,96711033710,271738,91209,50.5,10049657,1881,7684,2026-03-06,2026-08-15 16:05:47
2,0,OLD,20256283,호퍼스,2026-03-04,217646930,6.6,101202830,86.9,1056889810,20799,9004,76.3,102160,827,2311,2026-03-06,2026-08-15 16:05:47
3,0,OLD,20241266,휴민트,2026-02-11,102432050,3.1,33054250,47.6,19146616330,9905,2800,39.4,1898273,582,1011,2026-03-06,2026-08-15 16:05:47
4,0,OLD,20241501,매드 댄스 오피스,2026-03-04,34440470,1.0,2368770,7.4,141855100,3915,76,2.0,16104,476,783,2026-03-06,2026-08-15 16:05:47
5,0,OLD,20258444,브라이드!,2026-03-04,30563140,0.9,-1910290,-5.9,140102010,2957,-400,-11.9,14060,357,591,2026-03-06,2026-08-15 16:05:47
6,2,OLD,20250875,우리는 매일매일,2026-03-04,20928400,0.6,5428950,35.0,62959150,2546,659,34.9,7563,134,162,2026-03-06,2026-08-15 16:05:47
7,2,OLD,20250365,햄넷,2026-02-25,23364600,0.7,6854200,41.5,367635480,2337,579,32.9,38743,172,195,2026-03-06,2026-08-15 16:05:47
8,-2,OLD,20261181,너자 2,2026-02-25,11332700,0.3,-2201600,-16.3,432658300,1861,-527,-22.1,50383,110,131,2026-03-06,2026-08-15 16:05:47
9,-2,OLD,20247457,신의악단,2025-12-31,16229340,0.5,-313660,-1.9,13448473330,1658,-280,-14.4,1410379,175,199,2026-03-06,2026-08-15 16:05:47
10,6,OLD,20250428,센티멘탈 밸류,2026-02-18,15385100,0.5,7592160,97.4,452338520,1498,693,86.1,46149,87,100,2026-03-06,2026-08-15 16:05:47
1,0,OLD,20242837,왕과 사는 남자,2026-02-04,7435162890,80.4,4775458970,179.5,104146196600,754518,482780,177.7,10804175,2171,9535,2026-03-07,2026-08-15 16:05:30
2,0,OLD,20256283,호퍼스,2026-03-04,1042505710,11.3,824858780,379.0,2099395520,107039,86240,414.6,209199,1011,3247,2026-03-07,2026-08-15 16:05:30
3,0,OLD,20241266,휴민트,2026-02-11,195125670,2.1,92693620,90.5,19341742000,18428,8523,86.0,1916701,519,896,2026-03-07,2026-08-15 16:05:30
4,0,OLD,20241501,매드 댄스 오피스,2026-03-04,55754510,0.6,21314040,61.9,197609610,5971,2056,52.5,22075,456,602,2026-03-07,2026-08-15 16:05:30
5,4,OLD,20247457,신의악단,2025-12-31,40983050,0.4,24753710,152.5,13489456380,4538,2880,173.7,1414917,167,195,2026-03-07,2026-08-15 16:05:30
6,1,OLD,20250365,햄넷,2026-02-25,31239980,0.3,7875380,33.7,398875460,3076,739,31.6,41819,149,161,2026-03-07,2026-08-15 16:05:30
7,-2,OLD,20258444,브라이드!,2026-03-04,35145800,0.4,4582660,15.0,175247810,3040,83,2.8,17100,337,439,2026-03-07,2026-08-15 16:05:30
8,20,OLD,20252373,넘버원,2026-02-11,36624100,0.4,34147000,1378.5,2670358320,2940,2703,1140.5,278409,65,74,2026-03-07,2026-08-15 16:05:30
9,-1,OLD,20261181,너자 2,2026-02-25,20267600,0.2,8934900,78.8,452925900,2894,1033,55.5,53277,98,113,2026-03-07,2026-08-15 16:05:30
10,1,OLD,20259583,초속 5센티미터,2026-02-25,26940000,0.3,11545930,75.0,739836710,2637,1200,83.5,77609,189,214,2026-03-07,2026-08-15 16:05:30
1,0,OLD,20242837,왕과 사는 남자,2026-02-04,6865592080,80.2,-569570810,-7.7,111011788680,699459,-55059,-7.3,11503634,2187,9211,2026-03-08,2026-08-15 16:05:29
2,0,OLD,20256283,호퍼스,2026-03-04,1028662540,12.0,-13843170,-1.3,3128058060,105977,-1062,-1.0,315176,1013,3157,2026-03-08,2026-08-15 16:05:29
3,0,OLD,20241266,휴민트,2026-02-11,163953580,1.9,-31172090,-16.0,19505695580,15497,-2931,-15.9,1932198,515,836,2026-03-08,2026-08-15 16:05:29
4,1,OLD,20247457,신의악단,2025-12-31,49917500,0.6,8934450,21.8,13539373880,5719,1181,26.0,1420636,168,189,2026-03-08,2026-08-15 16:05:29
5,-1,OLD,20241501,매드 댄스 오피스,2026-03-04,44771440,0.5,-10983070,-19.7,242381050,4898,-1073,-18.0,26973,428,547,2026-03-08,2026-08-15 16:05:29
6,3,OLD,20261181,너자 2,2026-02-25,26086900,0.3,5819300,28.7,479012800,3831,937,32.4,57108,102,115,2026-03-08,2026-08-15 16:05:29
7,-1,OLD,20250365,햄넷,2026-02-25,29108570,0.3,-2131410,-6.8,427984030,2823,-253,-8.2,44642,145,159,2026-03-08,2026-08-15 16:05:29
8,2,OLD,20259583,초속 5센티미터,2026-02-25,26111480,0.3,-828520,-3.1,765948190,2531,-106,-4.0,80140,194,219,2026-03-08,2026-08-15 16:05:29
9,9,OLD,19980089,굿 윌 헌팅,1998-03-21,31714900,0.4,16518800,108.7,450461200,2480,1037,71.9,55957,89,104,2026-03-08,2026-08-15 16:05:29
10,-3,OLD,20258444,브라이드!,2026-03-04,24900000,0.3,-10245800,-29.2,200147810,2225,-815,-26.8,19325,297,380,2026-03-08,2026-08-15 16:05:29
1,0,OLD,20242837,왕과 사는 남자,2026-02-04,1903659490,83.9,-4961932590,-72.3,112915448170,203138,-496321,-71.0,11706772,1816,7356,2026-03-09,2026-08-15 16:05:28
2,0,OLD,20256283,호퍼스,2026-03-04,114331050,5.0,-914331490,-88.9,3242389110,11332,-94645,-89.3,326508,690,1835,2026-03-09,2026-08-15 16:05:28
3,0,OLD,20241266,휴민트,2026-02-11,57277220,2.5,-106676360,-65.1,19562972800,5633,-9864,-63.7,1937831,509,865,2026-03-09,2026-08-15 16:05:28
4,1,OLD,20241501,매드 댄스 오피스,2026-03-04,17319500,0.8,-27451940,-61.3,259700550,2025,-2873,-58.7,28998,368,488,2026-03-09,2026-08-15 16:05:28
5,3,OLD,20259583,초속 5센티미터,2026-02-25,16330000,0.7,-9781480,-37.5,782278190,1793,-738,-29.2,81933,202,236,2026-03-09,2026-08-15 16:05:28
6,1,OLD,20250365,햄넷,2026-02-25,14201300,0.6,-14907270,-51.2,442185330,1450,-1373,-48.6,46092,153,178,2026-03-09,2026-08-15 16:05:28
7,3,OLD,20258444,브라이드!,2026-03-04,12243470,0.5,-12656530,-50.8,212391280,1286,-939,-42.2,20611,277,366,2026-03-09,2026-08-15 16:05:28
8,-4,OLD,20247457,신의악단,2025-12-31,11442470,0.5,-38475030,-77.1,13550816350,1245,-4474,-78.2,1421881,163,188,2026-03-09,2026-08-15 16:05:28
9,9,OLD,20261694,투어스 브이알 콘서트 : 러쉬로드,2026-03-04,37280000,1.6,-1344000,-3.5,214855500,1165,-42,-3.5,6830,1,8,2026-03-09,2026-08-15 16:05:28
10,2,OLD,20250428,센티멘탈 밸류,2026-02-18,9445770,0.4,-10696250,-53.1,505741210,979,-1039,-51.5,51402,74,86,2026-03-09,2026-08-15 16:05:28
1,0,OLD,20242837,왕과 사는 남자,2026-02-04,1649354860,80.7,-254304630,-13.4,114564803030,177177,-25961,-12.8,11883949,1860,7464,2026-03-10,2026-08-15 16:05:27
2,0,OLD,20256283,호퍼스,2026-03-04,102448680,5.0,-11882370,-10.4,3344837790,10263,-1069,-9.4,336771,692,1786,2026-03-10,2026-08-15 16:05:27
3,0,OLD,20241266,휴민트,2026-02-11,54518800,2.7,-2758420,-4.8,19617491600,5358,-275,-4.9,1943189,515,869,2026-03-10,2026-08-15 16:05:27
4,0,OLD,20241501,매드 댄스 오피스,2026-03-04,35450600,1.7,18131100,104.7,295151150,4297,2272,112.2,33295,423,597,2026-03-10,2026-08-15 16:05:27
5,0,OLD,20259583,초속 5센티미터,2026-02-25,23917440,1.2,7587440,46.5,806195630,2738,945,52.7,84671,221,267,2026-03-10,2026-08-15 16:05:27
6,1,OLD,20258444,브라이드!,2026-03-04,16205710,0.8,3962240,32.4,228596990,1844,558,43.4,22455,299,405,2026-03-10,2026-08-15 16:05:27
7,1,OLD,20247457,신의악단,2025-12-31,14637600,0.7,3195130,27.9,13565453950,1676,431,34.6,1423557,178,198,2026-03-10,2026-08-15 16:05:27
8,-2,OLD,20250365,햄넷,2026-02-25,14127800,0.7,-73500,-0.5,456313130,1493,43,3.0,47585,163,193,2026-03-10,2026-08-15 16:05:27
9,2,OLD,20249843,우리에게는 아직 내일이 있다,2026-03-04,6996400,0.3,1423100,25.5,78555880,1183,444,60.1,9319,84,104,2026-03-10,2026-08-15 16:05:27
10,4,OLD,20250875,우리는 매일매일,2026-03-04,8629100,0.4,3588700,71.2,99736950,1030,460,80.7,11794,101,116,2026-03-10,2026-08-15 16:05:27
1,0,OLD,20242837,왕과 사는 남자,2026-02-04,1589208240,73.7,-60146620,-3.6,116154011270,171419,-5758,-3.2,12055368,1934,7926,2026-03-11,2026-08-15 16:05:26
2,0,OLD,20256283,호퍼스,2026-03-04,114041000,5.3,11592320,11.3,3458878790,11605,1342,13.1,348376,659,1588,2026-03-11,2026-08-15 16:05:26
3,0,NEW,20232662,삼악도,2026-03-11,94075600,4.4,94075600,100.0,99780600,11184,11184,100.0,11999,225,819,2026-03-11,2026-08-15 16:05:26
4,0,NEW,20254501,F1 더 무비,2025-06-25,84644760,3.9,84644760,100.0,55026339130,6406,6406,100.0,5221391,164,541,2026-03-11,2026-08-15 16:05:26
5,-2,OLD,20241266,휴민트,2026-02-11,38687540,1.8,-15831260,-29.0,19656179140,4150,-1208,-22.5,1947339,434,649,2026-03-11,2026-08-15 16:05:26
6,0,NEW,20060033,오만과 편견,2006-03-24,29092900,1.3,29092900,100.0,5560337100,2865,2865,100.0,887914,151,303,2026-03-11,2026-08-15 16:05:26
7,81,OLD,20258074,아르코,2026-03-11,20638500,1.0,20596500,49039.3,82425170,2528,2523,50460.0,9162,233,285,2026-03-11,2026-08-15 16:05:26
8,-4,OLD,20241501,매드 댄스 오피스,2026-03-04,17048300,0.8,-18402300,-51.9,312199450,2088,-2209,-51.4,35383,252,299,2026-03-11,2026-08-15 16:05:26
9,8,OLD,20261181,너자 2,2026-02-25,8308100,0.4,4923400,145.5,492847500,1533,1203,364.5,59179,67,77,2026-03-11,2026-08-15 16:05:26
10,-5,OLD,20259583,초속 5센티미터,2026-02-25,11778800,0.5,-12138640,-50.8,817974430,1355,-1383,-50.5,86026,106,125,2026-03-11,2026-08-15 16:05:26
1,0,OLD,20242837,왕과 사는 남자,2026-02-04,1475728440,76.3,-113479800,-7.1,117629739710,158644,-12775,-7.5,12214012,1955,7839,2026-03-12,2026-08-15 16:05:08
2,0,OLD,20256283,호퍼스,2026-03-04,94689790,4.9,-19351210,-17.0,3553568580,9567,-2038,-17.6,357943,649,1467,2026-03-12,2026-08-15 16:05:08
3,0,OLD,20232662,삼악도,2026-03-11,62202000,3.2,-31873600,-33.9,161982600,7228,-3956,-35.4,19227,235,742,2026-03-12,2026-08-15 16:05:08
4,0,OLD,20254501,F1 더 무비,2025-06-25,72087820,3.7,-12556940,-14.8,55098426950,5337,-1069,-16.7,5226728,163,530,2026-03-12,2026-08-15 16:05:08
5,0,OLD,20241266,휴민트,2026-02-11,38399330,2.0,-288210,-0.7,19694578470,3955,-195,-4.7,1951294,433,643,2026-03-12,2026-08-15 16:05:08
6,2,OLD,20241501,매드 댄스 오피스,2026-03-04,19439200,1.0,2390900,14.0,331638650,2220,132,6.3,37603,248,299,2026-03-12,2026-08-15 16:05:08
7,-1,OLD,20060033,오만과 편견,2006-03-24,20395900,1.1,-8697000,-29.9,5580733000,2057,-808,-28.2,889971,159,311,2026-03-12,2026-08-15 16:05:08
8,-1,OLD,20258074,아르코,2026-03-11,12012160,0.6,-8626340,-41.8,94437330,1451,-1077,-42.6,10613,222,263,2026-03-12,2026-08-15 16:05:08
9,7,OLD,20247457,신의악단,2025-12-31,8996200,0.5,1244400,16.1,13582201950,1029,150,17.1,1425465,119,145,2026-03-12,2026-08-15 16:05:08
10,0,OLD,20259583,초속 5센티미터,2026-02-25,9059500,0.5,-2719300,-23.1,827033930,1014,-341,-25.2,87040,97,110,2026-03-12,2026-08-15 16:05:08
1,0,OLD,20242837,왕과 사는 남자,2026-02-04,2180344160,75.6,704615720,47.7,119810083870,221367,62723,39.5,12435379,2036,8880,2026-03-13,2026-08-15 16:05:07
2,0,OLD,20256283,호퍼스,2026-03-04,178612510,6.2,83922720,88.6,3732181090,17445,7878,82.3,375388,673,1773,2026-03-13,2026-08-15 16:05:07
3,0,OLD,20232662,삼악도,2026-03-11,83118200,2.9,20916200,33.6,245100800,8864,1636,22.6,28091,225,747,2026-03-13,2026-08-15 16:05:07
4,0,OLD,20254501,F1 더 무비,2025-06-25,99100390,3.4,27012570,37.5,55197527340,6977,1640,30.7,5233705,159,415,2026-03-13,2026-08-15 16:05:07
5,0,OLD,20241266,휴민트,2026-02-11,43145400,1.5,4746070,12.4,19737723870,4308,353,8.9,1955602,435,655,2026-03-13,2026-08-15 16:05:07
6,0,NEW,20253101,극장판 진격의 거인 완결편 더 라스트 어택,2025-03-13,55774550,1.9,55774550,100.0,9837135420,4225,4225,100.0,954489,16,52,2026-03-13,2026-08-15 16:05:07
7,0,OLD,20060033,오만과 편견,2006-03-24,26971100,0.9,6575200,32.2,5607704100,2466,409,19.9,892437,148,294,2026-03-13,2026-08-15 16:05:07
8,-2,OLD,20241501,매드 댄스 오피스,2026-03-04,16976200,0.6,-2463000,-12.7,348614850,2012,-208,-9.4,39615,254,294,2026-03-13,2026-08-15 16:05:07
9,0,NEW,20241575,메소드연기,2026-03-18,16794000,0.6,16794000,100.0,20487000,1866,1866,100.0,2229,6,7,2026-03-13,2026-08-15 16:05:07
10,-1,OLD,20247457,신의악단,2025-12-31,12047300,0.4,3051100,33.9,13594249250,1337,308,29.9,1426802,118,140,2026-03-13,2026-08-15 16:05:07
1,0,OLD,20242837,왕과 사는 남자,2026-02-04,5491509500,77.2,3311165340,151.9,125301593370,554177,332810,150.3,12989556,2262,10416,2026-03-14,2026-08-15 16:05:06
2,0,OLD,20256283,호퍼스,2026-03-04,793085070,11.2,614472560,344.0,4525266160,79884,62439,357.9,455272,918,2815,2026-03-14,2026-08-15 16:05:06
3,0,OLD,20232662,삼악도,2026-03-11,156099300,2.2,72981100,87.8,401200100,15934,7070,79.8,44025,226,666,2026-03-14,2026-08-15 16:05:06
4,0,OLD,20254501,F1 더 무비,2025-06-25,199755150,2.8,100654760,101.6,55397282490,14269,7292,104.5,5247974,166,398,2026-03-14,2026-08-15 16:05:06
5,0,OLD,20241266,휴민트,2026-02-11,66986620,0.9,23841220,55.3,19804710490,6640,2332,54.1,1962242,361,521,2026-03-14,2026-08-15 16:05:06
6,0,OLD,20253101,극장판 진격의 거인 완결편 더 라스트 어택,2025-03-13,47157200,0.7,-8617350,-15.5,9884292620,3637,-588,-13.9,958126,16,41,2026-03-14,2026-08-15 16:05:06
7,0,OLD,20060033,오만과 편견,2006-03-24,31779600,0.4,4808500,17.8,5639483700,3026,560,22.7,895463,177,278,2026-03-14,2026-08-15 16:05:06
8,4,OLD,20250428,센티멘탈 밸류,2026-02-18,23300400,0.3,9974300,74.8,569587410,2268,1006,79.7,57767,71,81,2026-03-14,2026-08-15 16:05:06
9,-1,OLD,20241501,매드 댄스 오피스,2026-03-04,16753860,0.2,-222340,-1.3,365368710,1905,-107,-5.3,41520,184,220,2026-03-14,2026-08-15 16:05:06
10,0,OLD,20247457,신의악단,2025-12-31,16826110,0.2,4778810,39.7,13611075360,1775,438,32.8,1428577,104,119,2026-03-14,2026-08-15 16:05:06
1,0,OLD,20242837,왕과 사는 남자,2026-02-04,4706514140,75.7,-784995360,-14.3,130008107510,478133,-76044,-13.7,13467689,2223,9908,2026-03-15,2026-08-15 16:05:05
2,0,OLD,20256283,호퍼스,2026-03-04,744129560,12.0,-48955510,-6.2,5269395720,75888,-3996,-5.0,531160,931,2731,2026-03-15,2026-08-15 16:05:05
3,0,OLD,20232662,삼악도,2026-03-11,129347900,2.1,-26751400,-17.1,530548000,13360,-2574,-16.2,57385,221,639,2026-03-15,2026-08-15 16:05:05
4,0,OLD,20254501,F1 더 무비,2025-06-25,183256340,2.9,-16498810,-8.3,55580538830,13235,-1034,-7.2,5261209,168,382,2026-03-15,2026-08-15 16:05:05
5,0,OLD,20241266,휴민트,2026-02-11,53996480,0.9,-12990140,-19.4,19858706970,5359,-1281,-19.3,1967601,350,495,2026-03-15,2026-08-15 16:05:05
6,4,OLD,20247457,신의악단,2025-12-31,31584200,0.5,14758090,87.7,13642659560,3596,1821,102.6,1432173,113,128,2026-03-15,2026-08-15 16:05:05
7,-1,OLD,20253101,극장판 진격의 거인 완결편 더 라스트 어택,2025-03-13,35692840,0.6,-11464360,-24.3,9919985460,2819,-818,-22.5,960945,16,38,2026-03-15,2026-08-15 16:05:05
8,-1,OLD,20060033,오만과 편견,2006-03-24,27953100,0.4,-3826500,-12.0,5667436800,2649,-377,-12.5,898112,174,254,2026-03-15,2026-08-15 16:05:05
9,4,OLD,20261927,스페셜즈,2026-03-13,26463300,0.4,7659900,40.7,47870800,2032,670,49.2,3673,38,46,2026-03-15,2026-08-15 16:05:05
10,-2,OLD,20250428,센티멘탈 밸류,2026-02-18,20194020,0.3,-3106380,-13.3,589781430,1940,-328,-14.5,59707,60,73,2026-03-15,2026-08-15 16:05:05
1,0,OLD,20242837,왕과 사는 남자,2026-02-04,1264396430,79.8,-3442117710,-73.1,131272503940,133935,-344198,-72.0,13601624,1946,8102,2026-03-16,2026-08-15 16:05:05
2,0,OLD,20256283,호퍼스,2026-03-04,82666840,5.2,-661462720,-88.9,5352062560,8186,-67702,-89.2,539346,598,1436,2026-03-16,2026-08-15 16:05:05
3,0,OLD,20232662,삼악도,2026-03-11,37192600,2.3,-92155300,-71.2,567740600,3743,-9617,-72.0,61128,228,638,2026-03-16,2026-08-15 16:05:05
4,1,OLD,20241266,휴민트,2026-02-11,33889800,2.1,-20106680,-37.2,19892596770,3285,-2074,-38.7,1970886,429,670,2026-03-16,2026-08-15 16:05:05
5,3,OLD,20060033,오만과 편견,2006-03-24,14318700,0.9,-13634400,-48.8,5681755500,1410,-1239,-46.8,899522,144,301,2026-03-16,2026-08-15 16:05:05
6,7,OLD,20241501,매드 댄스 오피스,2026-03-04,9509000,0.6,-5286400,-35.7,389673110,1220,-570,-31.8,44530,206,257,2026-03-16,2026-08-15 16:05:05
7,7,OLD,20250365,햄넷,2026-02-25,9790870,0.6,-7104830,-42.1,530055400,1015,-679,-40.1,55081,82,91,2026-03-16,2026-08-15 16:05:05
8,8,OLD,20261694,투어스 브이알 콘서트 : 러쉬로드,2026-03-04,30656000,1.9,-7904000,-20.5,451495500,958,-247,-20.5,14225,1,8,2026-03-16,2026-08-15 16:05:05
9,1,OLD,20250428,센티멘탈 밸류,2026-02-18,8307700,0.5,-11886320,-58.9,598089130,858,-1082,-55.8,60565,58,70,2026-03-16,2026-08-15 16:05:05
10,-4,OLD,20247457,신의악단,2025-12-31,7677400,0.5,-23906800,-75.7,13650336960,851,-2745,-76.3,1433024,123,140,2026-03-16,2026-08-15 16:05:05
1,0,OLD,20242837,왕과 사는 남자,2026-02-04,1132734240,77.9,-131662190,-10.4,132405238180,120443,-13492,-10.1,13722067,1969,8121,2026-03-17,2026-08-15 16:05:04
2,0,OLD,20256283,호퍼스,2026-03-04,83727090,5.8,1060250,1.3,5435789650,8474,288,3.5,547820,625,1452,2026-03-17,2026-08-15 16:05:04
3,0,OLD,20232662,삼악도,2026-03-11,39911800,2.7,2719200,7.3,607652400,4555,812,21.7,65683,232,628,2026-03-17,2026-08-15 16:05:04
4,0,OLD,20241266,휴민트,2026-02-11,35252100,2.4,1362300,4.0,19927848870,3371,86,2.6,1974257,423,668,2026-03-17,2026-08-15 16:05:04
5,0,OLD,20060033,오만과 편견,2006-03-24,12809000,0.9,-1509700,-10.5,5694564500,1270,-140,-9.9,900792,144,287,2026-03-17,2026-08-15 16:05:04
6,4,OLD,20247457,신의악단,2025-12-31,10250600,0.7,2573200,33.5,13660587560,1159,308,36.2,1434183,132,153,2026-03-17,2026-08-15 16:05:04
7,0,OLD,20250365,햄넷,2026-02-25,11109600,0.8,1318730,13.5,541165000,1150,135,13.3,56231,80,97,2026-03-17,2026-08-15 16:05:04
8,1,OLD,20250428,센티멘탈 밸류,2026-02-18,10087500,0.7,1779800,21.4,608176630,1051,193,22.5,61616,70,81,2026-03-17,2026-08-15 16:05:04
9,5,OLD,20258074,아르코,2026-03-11,7518800,0.5,2889600,62.4,137222860,990,415,72.2,15533,176,199,2026-03-17,2026-08-15 16:05:04
10,-4,OLD,20241501,매드 댄스 오피스,2026-03-04,7008100,0.5,-2500900,-26.3,396681210,899,-321,-26.3,45429,199,237,2026-03-17,2026-08-15 16:05:04
1,0,OLD,20242837,왕과 사는 남자,2026-02-04,1153768800,49.2,21034560,1.9,133559006980,124102,3659,3.0,13846169,1533,6026,2026-03-18,2026-08-15 16:05:03
2,31,OLD,20261782,프로젝트 헤일메리,2026-03-18,849106500,36.2,847972500,74777.1,881072030,76003,75877,60219.8,78054,1331,4086,2026-03-18,2026-08-15 16:05:03
3,0,NEW,20241575,메소드연기,2026-03-18,70933270,3.0,70933270,100.0,108735840,8268,8268,100.0,11856,519,779,2026-03-18,2026-08-15 16:05:03
4,-2,OLD,20256283,호퍼스,2026-03-04,49898700,2.1,-33828390,-40.4,5485688350,5207,-3267,-38.6,553027,426,594,2026-03-18,2026-08-15 16:05:03
5,13,OLD,20261804,폭탄,2026-03-18,26120100,1.1,23103100,765.8,35724100,3783,3352,777.7,5155,175,312,2026-03-18,2026-08-15 16:05:03
6,-3,OLD,20232662,삼악도,2026-03-11,22311700,1.0,-17600100,-44.1,629964100,2485,-2070,-45.4,68168,190,253,2026-03-18,2026-08-15 16:05:03
7,0,NEW,20138661,케이온,2013-06-13,17596100,0.8,17596100,100.0,294168031,1595,1595,100.0,31597,50,58,2026-03-18,2026-08-15 16:05:03
8,0,NEW,20261437,녹나무의 파수꾼,2026-03-18,14408160,0.6,14408160,100.0,14408160,1548,1548,100.0,1548,305,469,2026-03-18,2026-08-15 16:05:03
9,0,NEW,19950084,쇼생크 탈출,1995-02-04,11844500,0.5,11844500,100.0,509311486,1168,1168,100.0,58777,52,65,2026-03-18,2026-08-15 16:05:03
10,5,OLD,20080356,"파리, 텍사스",1987-08-29,9558600,0.4,4755500,99.0,91020000,1019,579,131.6,8940,29,29,2026-03-18,2026-08-15 16:05:03
1,0,OLD,20242837,왕과 사는 남자,2026-02-04,1002153910,52.4,-151614890,-13.1,134561160890,107184,-16918,-13.6,13953353,1563,6045,2026-03-19,2026-08-15 16:05:03
2,0,OLD,20261782,프로젝트 헤일메리,2026-03-18,613563010,32.1,-235543490,-27.7,1494635040,53227,-22776,-30.0,131281,1321,3977,2026-03-19,2026-08-15 16:05:03
3,0,OLD,20241575,메소드연기,2026-03-18,60543900,3.2,-10389370,-14.6,169279740,6991,-1277,-15.4,18847,513,761,2026-03-19,2026-08-15 16:05:03
4,0,OLD,20256283,호퍼스,2026-03-04,44784540,2.3,-5114160,-10.2,5530472890,4621,-586,-11.3,557648,422,606,2026-03-19,2026-08-15 16:05:03
5,0,OLD,20261804,폭탄,2026-03-18,21949100,1.1,-4171000,-16.0,57673200,3194,-589,-15.6,8349,176,312,2026-03-19,2026-08-15 16:05:03
6,0,OLD,20232662,삼악도,2026-03-11,21249100,1.1,-1062600,-4.8,651213200,2543,58,2.3,70711,182,254,2026-03-19,2026-08-15 16:05:03
7,5,OLD,20060033,오만과 편견,2006-03-24,13114600,0.7,4844400,58.6,5715949300,1285,484,60.4,902878,82,120,2026-03-19,2026-08-15 16:05:03
8,0,OLD,20261437,녹나무의 파수꾼,2026-03-18,10394400,0.5,-4013760,-27.9,24802560,1120,-428,-27.6,2668,270,389,2026-03-19,2026-08-15 16:05:03
9,2,OLD,20261694,투어스 브이알 콘서트 : 러쉬로드,2026-03-04,27232000,1.4,-1600000,-5.5,531303500,851,-50,-5.5,16719,1,8,2026-03-19,2026-08-15 16:05:03
10,-1,OLD,19950084,쇼생크 탈출,1995-02-04,8293100,0.4,-3551400,-30.0,517604586,814,-354,-30.3,59591,55,67,2026-03-19,2026-08-15 16:05:03
1,0,OLD,20242837,왕과 사는 남자,2026-02-04,1461726280,51.3,459572370,45.9,136022887170,147734,40550,37.8,14101087,1607,6633,2026-03-20,2026-08-15 16:05:02
2,0,OLD,20261782,프로젝트 헤일메리,2026-03-18,951209620,33.4,337646610,55.0,2445844660,79303,26076,49.0,210584,1337,4166,2026-03-20,2026-08-15 16:05:02
3,1,OLD,20256283,호퍼스,2026-03-04,83407400,2.9,38622860,86.2,5613880290,8278,3657,79.1,565926,482,734,2026-03-20,2026-08-15 16:05:02
4,17,OLD,20253101,극장판 진격의 거인 완결편 더 라스트 어택,2025-03-13,87469500,3.1,84304100,2663.3,10030091660,6712,6463,2595.6,969475,60,130,2026-03-20,2026-08-15 16:05:02
5,-2,OLD,20241575,메소드연기,2026-03-18,59225120,2.1,-1318780,-2.2,228504860,6511,-480,-6.9,25358,514,731,2026-03-20,2026-08-15 16:05:02
6,0,OLD,20232662,삼악도,2026-03-11,28542000,1.0,7292900,34.3,679755200,3011,468,18.4,73722,196,286,2026-03-20,2026-08-15 16:05:02
7,-2,OLD,20261804,폭탄,2026-03-18,22589900,0.8,640800,2.9,80263100,2918,-276,-8.6,11267,185,309,2026-03-20,2026-08-15 16:05:02
8,-1,OLD,20060033,오만과 편견,2006-03-24,14219900,0.5,1105300,8.4,5730169200,1290,5,0.4,904168,90,131,2026-03-20,2026-08-15 16:05:02
9,-1,OLD,20261437,녹나무의 파수꾼,2026-03-18,9758420,0.3,-635980,-6.1,34560980,1044,-76,-6.8,3712,281,381,2026-03-20,2026-08-15 16:05:02
10,0,OLD,19950084,쇼생크 탈출,1995-02-04,10877200,0.4,2584100,31.2,528481786,987,173,21.3,60578,52,68,2026-03-20,2026-08-15 16:05:02
1,0,OLD,20242837,왕과 사는 남자,2026-02-04,3442266110,52.2,1980539830,135.5,139465153280,346538,198804,134.6,14447625,1725,7465,2026-03-21,2026-08-15 16:05:02
2,0,OLD,20261782,프로젝트 헤일메리,2026-03-18,2180500350,33.0,1229290730,129.2,4626345010,190040,110737,139.6,400624,1325,4284,2026-03-21,2026-08-15 16:05:02
3,0,OLD,20256283,호퍼스,2026-03-04,391199800,5.9,307792400,369.0,6005080090,40650,32372,391.1,606576,726,1594,2026-03-21,2026-08-15 16:05:02
4,0,OLD,20253101,극장판 진격의 거인 완결편 더 라스트 어택,2025-03-13,127986000,1.9,40516500,46.3,10158077660,10157,3445,51.3,979632,60,139,2026-03-21,2026-08-15 16:05:02
5,0,OLD,20241575,메소드연기,2026-03-18,98243430,1.5,39018310,65.9,326748290,9772,3261,50.1,35130,482,670,2026-03-21,2026-08-15 16:05:02
6,0,OLD,20232662,삼악도,2026-03-11,43231500,0.7,14689500,51.5,722986700,4403,1392,46.2,78125,181,254,2026-03-21,2026-08-15 16:05:02
7,0,OLD,20261804,폭탄,2026-03-18,30445800,0.5,7855900,34.8,110708900,3707,789,27.0,14974,170,269,2026-03-21,2026-08-15 16:05:02
8,0,NEW,20261906,명탐정 코난: 세기말의 마술사,2026-03-27,29055600,0.4,29055600,100.0,29055600,2186,2186,100.0,2186,13,15,2026-03-21,2026-08-15 16:05:02
9,0,OLD,20261437,녹나무의 파수꾼,2026-03-18,19450600,0.3,9692180,99.3,54011580,1979,935,89.6,5691,265,307,2026-03-21,2026-08-15 16:05:02
10,0,OLD,19950084,쇼생크 탈출,1995-02-04,16139900,0.2,5262700,48.4,544621686,1394,407,41.2,61972,55,60,2026-03-21,2026-08-15 16:05:02
1,0,OLD,20242837,왕과 사는 남자,2026-02-04,3056861030,52.7,-385405080,-11.2,142522014310,309383,-37155,-10.7,14757008,1714,7133,2026-03-22,2026-08-15 16:05:01
2,0,OLD,20261782,프로젝트 헤일메리,2026-03-18,1823666390,31.4,-356833960,-16.4,6450011400,160739,-29301,-15.4,561363,1332,4089,2026-03-22,2026-08-15 16:05:01
3,0,OLD,20256283,호퍼스,2026-03-04,382901380,6.6,-8298420,-2.1,6387981470,39852,-798,-2.0,646428,724,1563,2026-03-22,2026-08-15 16:05:01
4,0,OLD,20253101,극장판 진격의 거인 완결편 더 라스트 어택,2025-03-13,120377700,2.1,-7608300,-5.9,10278455360,9782,-375,-3.7,989414,60,141,2026-03-22,2026-08-15 16:05:01
5,0,OLD,20241575,메소드연기,2026-03-18,86146000,1.5,-12097430,-12.3,412894290,8592,-1180,-12.1,43722,482,645,2026-03-22,2026-08-15 16:05:01
6,0,OLD,20232662,삼악도,2026-03-11,39460900,0.7,-3770600,-8.7,762447600,4432,29,0.7,82557,185,250,2026-03-22,2026-08-15 16:05:01
7,0,OLD,20261804,폭탄,2026-03-18,28625600,0.5,-1820200,-6.0,139334500,3640,-67,-1.8,18614,175,258,2026-03-22,2026-08-15 16:05:01
8,2,OLD,19950084,쇼생크 탈출,1995-02-04,34805500,0.6,18665600,115.6,579427186,2579,1185,85.0,64551,56,60,2026-03-22,2026-08-15 16:05:01
9,10,OLD,20247457,신의악단,2025-12-31,18071170,0.3,10091970,126.5,13700927930,2112,1245,143.6,1438794,56,60,2026-03-22,2026-08-15 16:05:01
10,-1,OLD,20261437,녹나무의 파수꾼,2026-03-18,18392200,0.3,-1058400,-5.4,72403780,1908,-71,-3.6,7599,252,285,2026-03-22,2026-08-15 16:05:01
1,0,OLD,20242837,왕과 사는 남자,2026-02-04,815636140,53.8,-2241224890,-73.3,143337650450,85889,-223494,-72.2,14842897,1516,6055,2026-03-23,2026-08-15 16:05:00
2,0,OLD,20261782,프로젝트 헤일메리,2026-03-18,501860020,33.1,-1321806370,-72.5,6951871420,42609,-118130,-73.5,603972,1237,3567,2026-03-23,2026-08-15 16:05:00
3,0,OLD,20256283,호퍼스,2026-03-04,37730550,2.5,-345170830,-90.1,6425712020,3858,-35994,-90.3,650286,413,595,2026-03-23,2026-08-15 16:05:00
4,1,OLD,20241575,메소드연기,2026-03-18,24631200,1.6,-61514800,-71.4,437525490,2773,-5819,-67.7,46495,414,575,2026-03-23,2026-08-15 16:05:00
5,-1,OLD,20253101,극장판 진격의 거인 완결편 더 라스트 어택,2025-03-13,29564900,1.9,-90812800,-75.4,10308020260,2411,-7371,-75.4,991825,58,133,2026-03-23,2026-08-15 16:05:00
6,0,OLD,20232662,삼악도,2026-03-11,11675300,0.8,-27785600,-70.4,774122900,1076,-3356,-75.7,83633,160,209,2026-03-23,2026-08-15 16:05:00
7,0,OLD,20261804,폭탄,2026-03-18,8972700,0.6,-19652900,-68.7,148307200,895,-2745,-75.4,19509,160,240,2026-03-23,2026-08-15 16:05:00
8,5,OLD,20261694,투어스 브이알 콘서트 : 러쉬로드,2026-03-04,19520000,1.3,-20096000,-50.7,662311500,610,-628,-50.7,20813,1,8,2026-03-23,2026-08-15 16:05:00
9,9,OLD,20060033,오만과 편견,2006-03-24,5369100,0.4,-4093700,-43.3,5757937300,535,-331,-38.2,906766,80,119,2026-03-23,2026-08-15 16:05:00
10,0,OLD,20261437,녹나무의 파수꾼,2026-03-18,4948160,0.3,-13444040,-73.1,77351940,534,-1374,-72.0,8133,208,243,2026-03-23,2026-08-15 16:05:00
1,0,OLD,20242837,왕과 사는 남자,2026-02-04,733675220,51.1,-81960920,-10.0,144071325670,78589,-7300,-8.5,14921486,1550,6041,2026-03-24,2026-08-15 16:05:00
2,0,OLD,20261782,프로젝트 헤일메리,2026-03-18,466788900,32.5,-35071120,-7.0,7418660320,40107,-2502,-5.9,644079,1273,3591,2026-03-24,2026-08-15 16:05:00
3,0,OLD,20256283,호퍼스,2026-03-04,39292200,2.7,1561650,4.1,6465004220,4279,421,10.9,654565,422,601,2026-03-24,2026-08-15 16:05:00
4,0,OLD,20241575,메소드연기,2026-03-18,28070570,2.0,3439370,14.0,465596060,3392,619,22.3,49887,430,582,2026-03-24,2026-08-15 16:05:00
5,0,NEW,20254121,살목지,2026-04-08,26792000,1.9,26792000,100.0,26792000,2784,2784,100.0,2784,13,15,2026-03-24,2026-08-15 16:05:00
6,-1,OLD,20253101,극장판 진격의 거인 완결편 더 라스트 어택,2025-03-13,26269500,1.8,-3295400,-11.1,10334289760,2166,-245,-10.2,993991,58,133,2026-03-24,2026-08-15 16:05:00
7,-1,OLD,20232662,삼악도,2026-03-11,10580800,0.7,-1094500,-9.4,784703700,1008,-68,-6.3,84641,155,206,2026-03-24,2026-08-15 16:05:00
8,-1,OLD,20261804,폭탄,2026-03-18,8619900,0.6,-352800,-3.9,156927100,876,-19,-2.1,20385,152,229,2026-03-24,2026-08-15 16:05:00
9,5,OLD,20241266,휴민트,2026-02-11,7063800,0.5,3076000,77.1,19979047710,748,327,77.7,1979498,112,120,2026-03-24,2026-08-15 16:05:00
10,-1,OLD,20060033,오만과 편견,2006-03-24,6415600,0.4,1046500,19.5,5764352900,618,83,15.5,907384,75,110,2026-03-24,2026-08-15 16:05:00
1,0,OLD,20242837,왕과 사는 남자,2026-02-04,869025260,44.1,135350040,18.4,144940350930,110068,31479,40.1,15031554,1661,6242,2026-03-25,2026-08-15 16:04:59
2,0,OLD,20261782,프로젝트 헤일메리,2026-03-18,673641840,34.2,206852940,44.3,8092302160,73500,33393,83.3,717579,1333,3544,2026-03-25,2026-08-15 16:04:59
3,0,NEW,20253289,극장판 귀멸의 칼날: 무한성편,2025-08-22,70140000,3.6,70140000,100.0,61480313650,7303,7303,100.0,5708262,24,61,2026-03-25,2026-08-15 16:04:59
4,2,OLD,20253101,극장판 진격의 거인 완결편 더 라스트 어택,2025-03-13,54170200,2.7,27900700,106.2,10388459960,5956,3790,175.0,999947,182,329,2026-03-25,2026-08-15 16:04:59
5,-2,OLD,20256283,호퍼스,2026-03-04,44892200,2.3,5600000,14.3,6509896420,5780,1501,35.1,660345,401,504,2026-03-25,2026-08-15 16:04:59
6,0,NEW,20257521,프로텍터,2026-03-25,41669960,2.1,41669960,100.0,43595960,5409,5409,100.0,5623,413,595,2026-03-25,2026-08-15 16:04:59
7,0,NEW,19970100,첨밀밀 ,1997-03-01,32079800,1.6,32079800,100.0,60575800,4006,4006,100.0,6992,125,356,2026-03-25,2026-08-15 16:04:59
8,0,NEW,20128386,라이프 오브 파이,2013-01-01,25953300,1.3,25953300,100.0,16410829400,3065,3065,100.0,1650062,58,126,2026-03-25,2026-08-15 16:04:59
9,-5,OLD,20241575,메소드연기,2026-03-18,14572300,0.7,-13498270,-48.1,480168360,2057,-1335,-39.4,51944,232,289,2026-03-25,2026-08-15 16:04:59
10,13,OLD,19868242,연지구 디 오리지널 4K,2026-03-25,10979500,0.6,8596500,360.7,26519700,1402,1220,670.3,2718,130,175,2026-03-25,2026-08-15 16:04:59
1,0,OLD,20242837,왕과 사는 남자,2026-02-04,678163370,45.5,-190861890,-22.0,145618514300,72421,-37647,-34.2,15103975,1560,5989,2026-03-26,2026-08-15 16:04:45
2,0,OLD,20261782,프로젝트 헤일메리,2026-03-18,489495210,32.8,-184146630,-27.3,8581797370,41233,-32267,-43.9,758812,1290,3513,2026-03-26,2026-08-15 16:04:45
3,0,OLD,20253289,극장판 귀멸의 칼날: 무한성편,2025-08-22,55831400,3.7,-14308600,-20.4,61536145050,4450,-2853,-39.1,5712712,24,60,2026-03-26,2026-08-15 16:04:45
4,2,OLD,20257521,프로텍터,2026-03-25,32364700,2.2,-9305260,-22.3,75960660,3925,-1484,-27.4,9548,374,522,2026-03-26,2026-08-15 16:04:45
5,0,OLD,20256283,호퍼스,2026-03-04,32287740,2.2,-12604460,-28.1,6542184160,3316,-2464,-42.6,663661,369,469,2026-03-26,2026-08-15 16:04:45
6,-2,OLD,20253101,극장판 진격의 거인 완결편 더 라스트 어택,2025-03-13,29336300,2.0,-24833900,-45.8,10417796260,2561,-3395,-57.0,1002508,169,302,2026-03-26,2026-08-15 16:04:45
7,0,OLD,19970100,첨밀밀 ,1997-03-01,18278900,1.2,-13800900,-43.0,78854700,1819,-2187,-54.6,8811,121,349,2026-03-26,2026-08-15 16:04:45
8,3,OLD,20261804,폭탄,2026-03-18,9784900,0.7,285900,3.0,176211000,1433,59,4.3,23192,132,184,2026-03-26,2026-08-15 16:04:45
9,0,OLD,20241575,메소드연기,2026-03-18,10330900,0.7,-4241400,-29.1,490499260,1339,-718,-34.9,53283,211,255,2026-03-26,2026-08-15 16:04:45
10,4,OLD,20232662,삼악도,2026-03-11,8920000,0.6,2081900,30.4,800461800,1073,187,21.1,86600,120,166,2026-03-26,2026-08-15 16:04:45
1,0,OLD,20242837,왕과 사는 남자,2026-02-04,969179640,39.8,291016270,42.9,146587693940,98161,25740,35.5,15202136,1554,6349,2026-03-27,2026-08-15 16:04:44
2,0,OLD,20261782,프로젝트 헤일메리,2026-03-18,866191330,35.6,376696120,77.0,9447988700,71435,30202,73.2,830247,1301,3690,2026-03-27,2026-08-15 16:04:44
3,0,NEW,20261906,명탐정 코난: 세기말의 마술사,2026-03-27,181993900,7.5,181993900,100.0,227472900,17357,17357,100.0,20822,238,727,2026-03-27,2026-08-15 16:04:44
4,-1,OLD,20253289,극장판 귀멸의 칼날: 무한성편,2025-08-22,84037100,3.5,28205700,50.5,61620182150,6359,1909,42.9,5719071,24,77,2026-03-27,2026-08-15 16:04:44
5,0,OLD,20256283,호퍼스,2026-03-04,51695940,2.1,19408200,60.1,6593880100,5265,1949,58.8,668926,384,499,2026-03-27,2026-08-15 16:04:44
6,0,OLD,20253101,극장판 진격의 거인 완결편 더 라스트 어택,2025-03-13,44053000,1.8,14716700,50.2,10461849260,3594,1033,40.3,1006102,163,305,2026-03-27,2026-08-15 16:04:44
7,-3,OLD,20257521,프로텍터,2026-03-25,25782900,1.1,-6581800,-20.3,101743560,3012,-913,-23.3,12560,355,463,2026-03-27,2026-08-15 16:04:44
8,-1,OLD,19970100,첨밀밀 ,1997-03-01,24526000,1.0,6247100,34.2,103380700,2283,464,25.5,11094,126,354,2026-03-27,2026-08-15 16:04:44
9,0,OLD,20241575,메소드연기,2026-03-18,18334900,0.8,8004000,77.5,508834160,1893,554,41.4,55176,203,258,2026-03-27,2026-08-15 16:04:44
10,4,OLD,19868242,연지구 디 오리지널 4K,2026-03-25,13751900,0.6,7667700,126.0,46355800,1375,738,115.9,4730,120,145,2026-03-27,2026-08-15 16:04:44
1,0,OLD,20242837,왕과 사는 남자,2026-02-04,2250771510,43.2,1281591870,132.2,148838465450,225287,127126,129.5,15427423,1583,6890,2026-03-28,2026-08-15 16:04:39
2,0,OLD,20261782,프로젝트 헤일메리,2026-03-18,1999768080,38.4,1133576750,130.9,11447756780,173558,102123,143.0,1003805,1350,4109,2026-03-28,2026-08-15 16:04:39
3,2,OLD,20256283,호퍼스,2026-03-04,196527000,3.8,144831060,280.2,6790407100,19928,14663,278.5,688854,583,1016,2026-03-28,2026-08-15 16:04:39
4,-1,OLD,20261906,명탐정 코난: 세기말의 마술사,2026-03-27,178099600,3.4,-3894300,-2.1,405572500,17249,-108,-0.6,38071,252,621,2026-03-28,2026-08-15 16:04:39
5,-1,OLD,20253289,극장판 귀멸의 칼날: 무한성편,2025-08-22,90784300,1.7,6747200,8.0,61710966450,7564,1205,18.9,5726635,25,51,2026-03-28,2026-08-15 16:04:39
6,0,OLD,20253101,극장판 진격의 거인 완결편 더 라스트 어택,2025-03-13,85136720,1.6,41083720,93.3,10546985980,7200,3606,100.3,1013302,169,269,2026-03-28,2026-08-15 16:04:39
7,0,NEW,20262179,펫 트레인,2026-03-28,44201500,0.8,44201500,100.0,45601500,6012,6012,100.0,6212,182,324,2026-03-28,2026-08-15 16:04:39
8,-1,OLD,20257521,프로텍터,2026-03-25,30367200,0.6,4584300,17.8,132110760,3419,407,13.5,15979,334,427,2026-03-28,2026-08-15 16:04:39
9,5,OLD,20262291,뮤지컬 장수탕 선녀님,2026-03-26,25885500,0.5,19349500,296.0,48220080,2622,1948,289.0,4905,134,197,2026-03-28,2026-08-15 16:04:39
10,0,NEW,20254121,살목지,2026-04-08,30277900,0.6,30277900,100.0,58569900,2524,2524,100.0,5458,80,80,2026-03-28,2026-08-15 16:04:39
1,0,OLD,20242837,왕과 사는 남자,2026-02-04,1869643080,42.2,-381128430,-16.9,150708108530,188432,-36855,-16.4,15615855,1578,6530,2026-03-29,2026-08-15 16:04:38
2,0,OLD,20261782,프로젝트 헤일메리,2026-03-18,1670520370,37.7,-329247710,-16.5,13118277150,146841,-26717,-15.4,1150646,1344,3919,2026-03-29,2026-08-15 16:04:38
3,0,OLD,20256283,호퍼스,2026-03-04,191130740,4.3,-5396260,-2.7,6981537840,19231,-697,-3.5,708085,572,996,2026-03-29,2026-08-15 16:04:38
4,0,OLD,20261906,명탐정 코난: 세기말의 마술사,2026-03-27,141317400,3.2,-36782200,-20.7,546889900,13861,-3388,-19.6,51932,252,589,2026-03-29,2026-08-15 16:04:38
5,0,OLD,20253289,극장판 귀멸의 칼날: 무한성편,2025-08-22,109390800,2.5,18606500,20.5,61820357250,8945,1381,18.3,5735580,25,68,2026-03-29,2026-08-15 16:04:38
6,0,OLD,20253101,극장판 진격의 거인 완결편 더 라스트 어택,2025-03-13,70733400,1.6,-14403320,-16.9,10617719380,6052,-1148,-15.9,1019354,161,264,2026-03-29,2026-08-15 16:04:38
7,0,OLD,20262179,펫 트레인,2026-03-28,42312400,1.0,-1889100,-4.3,87913900,5547,-465,-7.7,11759,184,310,2026-03-29,2026-08-15 16:04:38
8,1,OLD,20262291,뮤지컬 장수탕 선녀님,2026-03-26,29326000,0.7,3440500,13.3,77546080,3027,405,15.4,7932,153,211,2026-03-29,2026-08-15 16:04:38
9,-1,OLD,20257521,프로텍터,2026-03-25,26001000,0.6,-4366200,-14.4,158111760,2929,-490,-14.3,18908,321,404,2026-03-29,2026-08-15 16:04:38
10,0,OLD,20254121,살목지,2026-04-08,28838300,0.7,-1439600,-4.8,87408200,2445,-79,-3.1,7903,80,80,2026-03-29,2026-08-15 16:04:38
1,0,OLD,20242837,왕과 사는 남자,2026-02-04,568106470,43.0,-1301536610,-69.6,151276215000,60583,-127849,-67.8,15676438,1451,5578,2026-03-30,2026-08-15 16:04:19
2,0,OLD,20261782,프로젝트 헤일메리,2026-03-18,492054630,37.3,-1178465740,-70.5,13610331780,42581,-104260,-71.0,1193227,1271,3430,2026-03-30,2026-08-15 16:04:19
3,1,OLD,20261906,명탐정 코난: 세기말의 마술사,2026-03-27,37842700,2.9,-103474700,-73.2,584732600,3715,-10146,-73.2,55647,204,485,2026-03-30,2026-08-15 16:04:19
4,6,OLD,20254121,살목지,2026-04-08,18862500,1.4,-9975800,-34.6,106270700,2515,70,2.9,10418,10,10,2026-03-30,2026-08-15 16:04:19
5,0,OLD,20253289,극장판 귀멸의 칼날: 무한성편,2025-08-22,27618000,2.1,-81772800,-74.8,61847975250,2209,-6736,-75.3,5737789,23,76,2026-03-30,2026-08-15 16:04:19
6,-3,OLD,20256283,호퍼스,2026-03-04,21756800,1.6,-169373940,-88.6,7003294640,2159,-17072,-88.8,710244,301,394,2026-03-30,2026-08-15 16:04:19
7,2,OLD,20257521,프로텍터,2026-03-25,13830400,1.0,-12170600,-46.8,171942160,1609,-1320,-45.1,20517,302,373,2026-03-30,2026-08-15 16:04:19
8,-2,OLD,20253101,극장판 진격의 거인 완결편 더 라스트 어택,2025-03-13,17500140,1.3,-53233260,-75.3,10635219520,1543,-4509,-74.5,1020897,142,242,2026-03-30,2026-08-15 16:04:19
9,6,OLD,20261694,투어스 브이알 콘서트 : 러쉬로드,2026-03-04,38880000,2.9,-4576000,-10.5,895367500,1215,-143,-10.5,28096,1,8,2026-03-30,2026-08-15 16:04:19
10,1,OLD,19970100,첨밀밀 ,1997-03-01,9813600,0.7,-16923300,-63.3,165981800,1010,-1255,-55.4,16739,120,257,2026-03-30,2026-08-15 16:04:19
1,0,OLD,20242837,왕과 사는 남자,2026-02-04,513638460,42.0,-54468010,-9.6,151789853460,55373,-5210,-8.6,15731811,1464,5574,2026-03-31,2026-08-15 16:04:18
2,0,OLD,20261782,프로젝트 헤일메리,2026-03-18,476000190,38.9,-16054440,-3.3,14086331970,41494,-1087,-2.6,1234721,1281,3438,2026-03-31,2026-08-15 16:04:18
3,0,OLD,20261906,명탐정 코난: 세기말의 마술사,2026-03-27,32991300,2.7,-4851400,-12.8,617723900,3283,-432,-11.6,58930,207,463,2026-03-31,2026-08-15 16:04:18
4,2,OLD,20256283,호퍼스,2026-03-04,24377300,2.0,2620500,12.0,7027671940,2566,407,18.9,712810,311,398,2026-03-31,2026-08-15 16:04:18
5,2,OLD,20257521,프로텍터,2026-03-25,18265800,1.5,4435400,32.1,190207960,2268,659,41.0,22785,305,371,2026-03-31,2026-08-15 16:04:18
6,-1,OLD,20253289,극장판 귀멸의 칼날: 무한성편,2025-08-22,22594600,1.8,-5023400,-18.2,61870569850,1819,-390,-17.7,5739608,24,79,2026-03-31,2026-08-15 16:04:18
7,1,OLD,20253101,극장판 진격의 거인 완결편 더 라스트 어택,2025-03-13,16468200,1.3,-1031940,-5.9,10651687720,1460,-83,-5.4,1022357,145,234,2026-03-31,2026-08-15 16:04:18
8,2,OLD,19970100,첨밀밀 ,1997-03-01,11684200,1.0,1870600,19.1,177666000,1212,202,20.0,17951,123,276,2026-03-31,2026-08-15 16:04:18
9,3,OLD,20232662,삼악도,2026-03-11,8007800,0.7,2555700,46.9,851323000,1093,523,91.8,92271,98,122,2026-03-31,2026-08-15 16:04:18
10,1,OLD,20241575,메소드연기,2026-03-18,8890200,0.7,1545300,21.0,552806880,944,50,5.6,59984,160,193,2026-03-31,2026-08-15 16:04:18
1,0,OLD,20242837,왕과 사는 남자,2026-02-04,470692610,33.7,-42945850,-8.4,152260546070,50276,-5097,-9.2,15782087,1408,5158,2026-04-01,2026-08-15 16:03:58
2,0,OLD,20261782,프로젝트 헤일메리,2026-03-18,437951590,31.4,-38048600,-8.0,14524283560,39862,-1632,-3.9,1274583,1244,3291,2026-04-01,2026-08-15 16:03:58
3,0,NEW,20261666,네가 마지막으로 남긴 노래,2026-04-01,104864050,7.5,104864050,100.0,121589350,11414,11414,100.0,12967,560,1408,2026-04-01,2026-08-15 16:03:58
4,2,OLD,20253289,극장판 귀멸의 칼날: 무한성편,2025-08-22,88475500,6.3,65880900,291.6,61959045350,6650,4831,265.6,5746258,90,274,2026-04-01,2026-08-15 16:03:58
5,-2,OLD,20261906,명탐정 코난: 세기말의 마술사,2026-03-27,29376550,2.1,-3614750,-11.0,647100450,2959,-324,-9.9,61889,197,380,2026-04-01,2026-08-15 16:03:58
6,0,NEW,20262101,킬 빌: 더 홀 블러디 어페어,2026-04-01,57152400,4.1,57152400,100.0,71886700,2923,2923,100.0,3733,88,119,2026-04-01,2026-08-15 16:03:58
7,-3,OLD,20256283,호퍼스,2026-03-04,18696770,1.3,-5680530,-23.3,7046368710,1862,-704,-27.4,714672,257,307,2026-04-01,2026-08-15 16:03:58
8,0,NEW,20173226,패왕별희 디 오리지널,2017-03-30,19683500,1.4,19683500,100.0,1436477958,1746,1746,100.0,156608,54,62,2026-04-01,2026-08-15 16:03:58
9,54,OLD,20256757,극장판 체인소 맨: 레제편,2025-09-24,15854800,1.1,15617400,6578.5,36310765300,1366,1347,7089.5,3453440,26,50,2026-04-01,2026-08-15 16:03:58
10,3,OLD,19868242,연지구 디 오리지널 4K,2026-03-25,11758300,0.8,6978900,146.0,86760400,999,495,98.2,8624,85,92,2026-04-01,2026-08-15 16:03:58
1,0,OLD,20242837,왕과 사는 남자,2026-02-04,367575210,29.0,-103117400,-21.9,152628121280,39303,-10973,-21.8,15821390,1340,4614,2026-04-02,2026-08-15 16:03:40
2,0,OLD,20261782,프로젝트 헤일메리,2026-03-18,351881680,27.7,-86069910,-19.7,14876165240,31886,-7976,-20.0,1306469,1166,2987,2026-04-02,2026-08-15 16:03:40
3,71,OLD,20192680,끝장수사,2026-04-02,123343600,9.7,123217600,97791.7,129274600,13957,13942,92946.7,14617,648,1563,2026-04-02,2026-08-15 16:03:40
4,-1,OLD,20261666,네가 마지막으로 남긴 노래,2026-04-01,49742770,3.9,-55121280,-52.6,171332120,5257,-6157,-53.9,18224,489,1031,2026-04-02,2026-08-15 16:03:40
5,-1,OLD,20253289,극장판 귀멸의 칼날: 무한성편,2025-08-22,58475500,4.6,-30000000,-33.9,62017520850,4370,-2280,-34.3,5750628,90,275,2026-04-02,2026-08-15 16:03:40
6,-1,OLD,20261906,명탐정 코난: 세기말의 마술사,2026-03-27,32466300,2.6,3089750,10.5,679566750,3315,356,12.0,65204,183,297,2026-04-02,2026-08-15 16:03:40
7,0,NEW,20262463,오피셜히게단디즘 라이브 앳 스타디움 2025,2026-04-02,79407500,6.3,79407500,100.0,79407500,3178,3178,100.0,3178,58,84,2026-04-02,2026-08-15 16:03:40
8,-1,OLD,20256283,호퍼스,2026-03-04,12088700,1.0,-6608070,-35.3,7058457410,1266,-596,-32.0,715938,196,218,2026-04-02,2026-08-15 16:03:40
9,16,OLD,20247648,내 이름은,2026-04-15,10881000,0.9,8280000,318.3,13482000,1209,920,318.3,1498,4,5,2026-04-02,2026-08-15 16:03:40
10,-4,OLD,20262101,킬 빌: 더 홀 블러디 어페어,2026-04-01,20604300,1.6,-36548100,-63.9,92491000,1047,-1876,-64.2,4780,80,111,2026-04-02,2026-08-15 16:03:40
1,1,OLD,20261782,프로젝트 헤일메리,2026-03-18,660357570,37.8,308475890,87.7,15536522810,58078,26192,82.1,1364547,1305,3459,2026-04-03,2026-08-15 16:03:40
2,-1,OLD,20242837,왕과 사는 남자,2026-02-04,514559310,29.4,146984100,40.0,153142680590,52071,12768,32.5,15873461,1370,4922,2026-04-03,2026-08-15 16:03:40
3,0,OLD,20192680,끝장수사,2026-04-02,109757100,6.3,-13586500,-11.0,239031700,11763,-2194,-15.7,26380,643,1440,2026-04-03,2026-08-15 16:03:40
4,0,OLD,20261666,네가 마지막으로 남긴 노래,2026-04-01,76935700,4.4,27192930,54.7,248267820,7267,2010,38.2,25491,557,1102,2026-04-03,2026-08-15 16:03:40
5,0,OLD,20253289,극장판 귀멸의 칼날: 무한성편,2025-08-22,85049800,4.9,26574300,45.4,62102570650,5903,1533,35.1,5756531,90,264,2026-04-03,2026-08-15 16:03:40
6,0,OLD,20261906,명탐정 코난: 세기말의 마술사,2026-03-27,33057350,1.9,591050,1.8,712624100,3166,-149,-4.5,68370,187,306,2026-04-03,2026-08-15 16:03:40
7,1,OLD,20256283,호퍼스,2026-03-04,16469000,0.9,4380300,36.2,7074926410,1639,373,29.5,717577,212,236,2026-04-03,2026-08-15 16:03:40
8,-1,OLD,20262463,오피셜히게단디즘 라이브 앳 스타디움 2025,2026-04-02,36023500,2.1,-43384000,-54.6,115431000,1441,-1737,-54.7,4619,56,76,2026-04-03,2026-08-15 16:03:40
9,2,OLD,20173226,패왕별희 디 오리지널,2017-03-30,16095100,0.9,4505000,38.9,1464163158,1358,335,32.7,158989,48,57,2026-04-03,2026-08-15 16:03:40
10,5,OLD,20253101,극장판 진격의 거인 완결편 더 라스트 어택,2025-03-13,14174100,0.8,5550100,64.4,10685442670,1110,386,53.3,1025105,51,96,2026-04-03,2026-08-15 16:03:40
1,0,OLD,20261782,프로젝트 헤일메리,2026-03-18,1689901980,40.2,1029544410,155.9,17226424790,153841,95763,164.9,1518388,1401,4099,2026-04-04,2026-08-15 16:03:39
2,0,OLD,20242837,왕과 사는 남자,2026-02-04,1240513800,29.5,725954490,141.1,154383194390,123797,71726,137.7,15997258,1392,5417,2026-04-04,2026-08-15 16:03:39
3,1,OLD,20261666,네가 마지막으로 남긴 노래,2026-04-01,186093850,4.4,109158150,141.9,434361670,16758,9491,130.6,42249,593,1160,2026-04-04,2026-08-15 16:03:39
4,-1,OLD,20192680,끝장수사,2026-04-02,158445050,3.8,48687950,44.4,397476750,16587,4824,41.0,42967,689,1343,2026-04-04,2026-08-15 16:03:39
5,0,OLD,20253289,극장판 귀멸의 칼날: 무한성편,2025-08-22,207259200,4.9,122209400,143.7,62309829850,14918,9015,152.7,5771449,90,256,2026-04-04,2026-08-15 16:03:39
6,1,OLD,20256283,호퍼스,2026-03-04,113403520,2.7,96934520,588.6,7188329930,11402,9763,595.7,728979,463,667,2026-04-04,2026-08-15 16:03:39
7,19,OLD,20254121,살목지,2026-04-08,97336800,2.3,95176800,4406.3,209841500,8058,7788,2884.4,19156,116,144,2026-04-04,2026-08-15 16:03:39
8,-2,OLD,20261906,명탐정 코난: 세기말의 마술사,2026-03-27,62849750,1.5,29792400,90.1,775473850,6311,3145,99.3,74681,196,313,2026-04-04,2026-08-15 16:03:39
9,54,OLD,20262179,펫 트레인,2026-03-28,26819850,0.6,26469350,7551.9,119056450,3565,3525,8812.5,15819,130,166,2026-04-04,2026-08-15 16:03:39
10,1,OLD,20262101,킬 빌: 더 홀 블러디 어페어,2026-04-01,72035500,1.7,51762600,255.3,184799400,3479,2459,241.1,9279,97,122,2026-04-04,2026-08-15 16:03:39
1,0,OLD,20261782,프로젝트 헤일메리,2026-03-18,1287677850,39.8,-402224130,-23.8,18514102640,117008,-36833,-23.9,1635396,1376,3915,2026-04-05,2026-08-15 16:03:38
2,0,OLD,20242837,왕과 사는 남자,2026-02-04,947523480,29.3,-292990320,-23.6,155330717870,94406,-29391,-23.7,16091664,1353,5104,2026-04-05,2026-08-15 16:03:38
3,1,OLD,20192680,끝장수사,2026-04-02,128078710,4.0,-30366340,-19.2,525555460,13346,-3241,-19.5,56313,687,1292,2026-04-05,2026-08-15 16:03:38
4,-1,OLD,20261666,네가 마지막으로 남긴 노래,2026-04-01,125077090,3.9,-61016760,-32.8,559438760,11758,-5000,-29.8,54007,565,1071,2026-04-05,2026-08-15 16:03:38
5,0,OLD,20253289,극장판 귀멸의 칼날: 무한성편,2025-08-22,149204400,4.6,-58054800,-28.0,62459034250,11077,-3841,-25.7,5782526,90,239,2026-04-05,2026-08-15 16:03:38
6,0,OLD,20256283,호퍼스,2026-03-04,92007070,2.8,-21396450,-18.9,7280337000,9077,-2325,-20.4,738056,463,655,2026-04-05,2026-08-15 16:03:38
7,0,OLD,20254121,살목지,2026-04-08,90617700,2.8,-6719100,-6.9,300459200,7565,-493,-6.1,26721,112,140,2026-04-05,2026-08-15 16:03:38
8,0,OLD,20261906,명탐정 코난: 세기말의 마술사,2026-03-27,54478750,1.7,-8371000,-13.3,829952600,5531,-780,-12.4,80212,200,307,2026-04-05,2026-08-15 16:03:38
9,2,OLD,20226489,리바운드,2023-04-05,34514400,1.1,7697230,28.7,6781869188,3029,704,30.3,706398,167,182,2026-04-05,2026-08-15 16:03:38
10,-1,OLD,20262179,펫 트레인,2026-03-28,20880550,0.6,-5939300,-22.1,139937000,2748,-817,-22.9,18567,132,165,2026-04-05,2026-08-15 16:03:38
1,1,OLD,20242837,왕과 사는 남자,2026-02-04,358630150,35.0,-588893330,-62.2,155689348020,37815,-56591,-59.9,16129479,1235,4317,2026-04-06,2026-08-15 16:03:38
2,-1,OLD,20261782,프로젝트 헤일메리,2026-03-18,386273220,37.7,-901404630,-70.0,18900375860,35092,-81916,-70.0,1670488,1232,3232,2026-04-06,2026-08-15 16:03:38
3,0,OLD,20192680,끝장수사,2026-04-02,64805150,6.3,-63273560,-49.4,590360610,7164,-6182,-46.3,63477,580,1153,2026-04-06,2026-08-15 16:03:38
4,0,OLD,20261666,네가 마지막으로 남긴 노래,2026-04-01,35749620,3.5,-89327470,-71.4,595188380,3790,-7968,-67.8,57797,478,844,2026-04-06,2026-08-15 16:03:38
5,0,OLD,20253289,극장판 귀멸의 칼날: 무한성편,2025-08-22,31784500,3.1,-117419900,-78.7,62490818750,2354,-8723,-78.7,5784880,89,233,2026-04-06,2026-08-15 16:03:38
6,2,OLD,20261906,명탐정 코난: 세기말의 마술사,2026-03-27,13469850,1.3,-41008900,-75.3,843422450,1353,-4178,-75.5,81565,161,228,2026-04-06,2026-08-15 16:03:38
7,-1,OLD,20256283,호퍼스,2026-03-04,10599650,1.0,-81407420,-88.5,7290936650,1048,-8029,-88.5,739104,186,206,2026-04-06,2026-08-15 16:03:38
8,4,OLD,20262101,킬 빌: 더 홀 블러디 어페어,2026-04-01,18160000,1.8,-25899700,-58.8,247019100,983,-1096,-52.7,12341,85,109,2026-04-06,2026-08-15 16:03:38
9,4,OLD,20253101,극장판 진격의 거인 완결편 더 라스트 어택,2025-03-13,7873700,0.8,-11710400,-59.8,10739161570,659,-979,-59.8,1029540,51,88,2026-04-06,2026-08-15 16:03:38
10,6,OLD,20261694,투어스 브이알 콘서트 : 러쉬로드,2026-03-04,20416000,2.0,-20416000,-50.0,1087623500,638,-638,-50.0,34104,1,8,2026-04-06,2026-08-15 16:03:38
1,0,OLD,20242837,왕과 사는 남자,2026-02-04,297606260,32.5,-61023890,-17.0,155986954280,32132,-5683,-15.0,16161611,1263,4151,2026-04-07,2026-08-15 16:03:18
2,0,OLD,20261782,프로젝트 헤일메리,2026-03-18,335531460,36.7,-50741760,-13.1,19235907320,30580,-4512,-12.9,1701068,1249,3207,2026-04-07,2026-08-15 16:03:18
3,0,OLD,20192680,끝장수사,2026-04-02,53277550,5.8,-11527600,-17.8,643638160,5932,-1232,-17.2,69409,593,1148,2026-04-07,2026-08-15 16:03:18
4,0,OLD,20261666,네가 마지막으로 남긴 노래,2026-04-01,36436520,4.0,686900,1.9,631624900,4040,250,6.6,61837,487,854,2026-04-07,2026-08-15 16:03:18
5,0,OLD,20253289,극장판 귀멸의 칼날: 무한성편,2025-08-22,28485000,3.1,-3299500,-10.4,62519303750,2090,-264,-11.2,5786970,89,230,2026-04-07,2026-08-15 16:03:18
6,0,OLD,20261906,명탐정 코난: 세기말의 마술사,2026-03-27,12378050,1.4,-1091800,-8.1,855800500,1242,-111,-8.2,82807,158,231,2026-04-07,2026-08-15 16:03:18
7,0,OLD,20256283,호퍼스,2026-03-04,11849000,1.3,1249350,11.8,7302785650,1170,122,11.6,740274,178,195,2026-04-07,2026-08-15 16:03:18
8,4,OLD,20259598,두 검사,2026-04-01,7542050,0.8,1988440,35.8,55791730,941,314,50.1,6171,46,52,2026-04-07,2026-08-15 16:03:18
9,0,OLD,20253101,극장판 진격의 거인 완결편 더 라스트 어택,2025-03-13,10639600,1.2,2765900,35.1,10749801170,892,233,35.4,1030432,51,88,2026-04-07,2026-08-15 16:03:18
10,-2,OLD,20262101,킬 빌: 더 홀 블러디 어페어,2026-04-01,15411700,1.7,-2748300,-15.1,262430800,829,-154,-15.7,13170,84,104,2026-04-07,2026-08-15 16:03:18
1,26,OLD,20254121,살목지,2026-04-08,902587320,48.6,900475320,42636.1,1205158520,89911,89719,46728.6,116824,1191,3873,2026-04-08,2026-08-15 16:03:05
2,0,OLD,20261782,프로젝트 헤일메리,2026-03-18,354308230,19.1,18776770,5.6,19590215550,32139,1559,5.1,1733207,1139,2967,2026-04-08,2026-08-15 16:03:05
3,-2,OLD,20242837,왕과 사는 남자,2026-02-04,255872660,13.8,-41733600,-14.0,156242826940,27524,-4608,-14.3,16189135,1040,3203,2026-04-08,2026-08-15 16:03:05
4,0,NEW,20261622,위 리브 인 타임,2026-04-08,35874900,1.9,35874900,100.0,41012900,5337,5337,100.0,6071,220,437,2026-04-08,2026-08-15 16:03:05
5,0,NEW,20262343,크라임 101,2026-04-08,23454460,1.3,23454460,100.0,31086460,3513,3513,100.0,4025,208,436,2026-04-08,2026-08-15 16:03:05
6,-3,OLD,20192680,끝장수사,2026-04-02,30160150,1.6,-23117400,-43.4,673798310,3498,-2434,-41.0,72907,411,567,2026-04-08,2026-08-15 16:03:05
7,0,NEW,20147727,그랜드 부다페스트 호텔,2014-03-20,34028960,1.8,34028960,100.0,6552734482,3077,3077,100.0,838769,81,152,2026-04-08,2026-08-15 16:03:05
8,-4,OLD,20261666,네가 마지막으로 남긴 노래,2026-04-01,25648950,1.4,-10787570,-29.6,657273850,2835,-1205,-29.8,64672,298,366,2026-04-08,2026-08-15 16:03:05
9,0,NEW,20070602,마녀배달부 키키,2007-11-22,41756000,2.2,41756000,100.0,494581104,2497,2497,100.0,62970,27,54,2026-04-08,2026-08-15 16:03:05
10,-5,OLD,20253289,극장판 귀멸의 칼날: 무한성편,2025-08-22,15759000,0.8,-12726000,-44.7,62535062750,1208,-882,-42.2,5788178,79,115,2026-04-08,2026-08-15 16:03:05
1,0,OLD,20254121,살목지,2026-04-08,713827430,43.0,-188759890,-20.9,1918985950,70759,-19152,-21.3,187583,1219,3974,2026-04-09,2026-08-15 16:03:05
2,0,OLD,20261782,프로젝트 헤일메리,2026-03-18,373716480,22.5,19408250,5.5,19963932030,33951,1812,5.6,1767158,1163,3013,2026-04-09,2026-08-15 16:03:05
3,0,OLD,20242837,왕과 사는 남자,2026-02-04,302668130,18.2,46795470,18.3,156545495070,32842,5318,19.3,16221977,1062,3241,2026-04-09,2026-08-15 16:03:05
4,0,OLD,20261622,위 리브 인 타임,2026-04-08,26511750,1.6,-9363150,-26.1,67524650,3638,-1699,-31.8,9709,221,437,2026-04-09,2026-08-15 16:03:05
5,1,OLD,20192680,끝장수사,2026-04-02,24555920,1.5,-5604230,-18.6,698354230,2734,-764,-21.8,75641,350,510,2026-04-09,2026-08-15 16:03:05
6,-1,OLD,20262343,크라임 101,2026-04-08,15062860,0.9,-8391600,-35.8,46149320,2161,-1352,-38.5,6186,194,384,2026-04-09,2026-08-15 16:03:05
7,1,OLD,20261666,네가 마지막으로 남긴 노래,2026-04-01,19102200,1.2,-6546750,-25.5,676376050,2143,-692,-24.4,66815,306,376,2026-04-09,2026-08-15 16:03:05
8,4,OLD,20261906,명탐정 코난: 세기말의 마술사,2026-03-27,15312450,0.9,5407150,54.6,881018250,1681,638,61.2,85531,132,162,2026-04-09,2026-08-15 16:03:05
9,1,OLD,20253289,극장판 귀멸의 칼날: 무한성편,2025-08-22,16849000,1.0,1090000,6.9,62551911750,1297,89,7.4,5789475,77,114,2026-04-09,2026-08-15 16:03:05
10,11,OLD,20173226,패왕별희 디 오리지널,2017-03-30,10596750,0.6,6308750,147.1,1550001108,1069,656,158.8,166168,42,49,2026-04-09,2026-08-15 16:03:05
1,0,OLD,20254121,살목지,2026-04-08,1181170280,46.8,467342850,65.5,3100156230,111766,41007,58.0,299349,1359,4681,2026-04-10,2026-08-15 16:02:56
2,0,OLD,20261782,프로젝트 헤일메리,2026-03-18,642763830,25.5,269047350,72.0,20606695860,56387,22436,66.1,1823545,1215,3296,2026-04-10,2026-08-15 16:02:56
3,0,OLD,20242837,왕과 사는 남자,2026-02-04,380872970,15.1,78204840,25.8,156926368040,38623,5781,17.6,16260600,1050,3371,2026-04-10,2026-08-15 16:02:56
4,0,OLD,20261622,위 리브 인 타임,2026-04-08,30071500,1.2,3559750,13.4,97596150,3657,19,0.5,13366,242,438,2026-04-10,2026-08-15 16:02:56
5,0,OLD,20192680,끝장수사,2026-04-02,23663600,0.9,-892320,-3.6,722017830,2544,-190,-6.9,78185,337,461,2026-04-10,2026-08-15 16:02:56
6,1,OLD,20261666,네가 마지막으로 남긴 노래,2026-04-01,23589460,0.9,4487260,23.5,699965510,2499,356,16.6,69314,313,395,2026-04-10,2026-08-15 16:02:56
7,-1,OLD,20262343,크라임 101,2026-04-08,17704430,0.7,2641570,17.5,63853750,2409,248,11.5,8595,192,400,2026-04-10,2026-08-15 16:02:56
8,1,OLD,20253289,극장판 귀멸의 칼날: 무한성편,2025-08-22,27713000,1.1,10864000,64.5,62579624750,2039,742,57.2,5791514,77,119,2026-04-10,2026-08-15 16:02:56
9,-1,OLD,20261906,명탐정 코난: 세기말의 마술사,2026-03-27,14605350,0.6,-707100,-4.6,895623600,1474,-207,-12.3,87005,138,170,2026-04-10,2026-08-15 16:02:56
10,0,NEW,20241941,좀비딸,2025-07-30,10602000,0.4,10602000,100.0,53149934990,1178,1178,100.0,5641601,5,5,2026-04-10,2026-08-15 16:02:56
1,0,OLD,20254121,살목지,2026-04-08,2379280370,47.1,1198110090,101.4,5479436600,226983,115217,103.1,526332,1463,5463,2026-04-11,2026-08-15 16:02:53
2,0,OLD,20261782,프로젝트 헤일메리,2026-03-18,1342573330,26.6,699809500,108.9,21949269190,121246,64859,115.0,1944791,1264,3643,2026-04-11,2026-08-15 16:02:53
3,0,OLD,20242837,왕과 사는 남자,2026-02-04,713738900,14.1,332865930,87.4,157640106940,70653,32030,82.9,16331253,1052,3416,2026-04-11,2026-08-15 16:02:53
4,0,NEW,20262648,런닝맨: 라이트&쉐도우,2026-04-11,55888450,1.1,55888450,100.0,59409450,6701,6701,100.0,7204,196,345,2026-04-11,2026-08-15 16:02:53
5,7,OLD,20256283,호퍼스,2026-03-04,57027450,1.1,48749650,588.9,7380355450,5725,4865,565.7,748222,296,380,2026-04-11,2026-08-15 16:02:53
6,2,OLD,20253289,극장판 귀멸의 칼날: 무한성편,2025-08-22,71631500,1.4,43918500,158.5,62651256250,5467,3428,168.1,5796981,77,126,2026-04-11,2026-08-15 16:02:53
7,-3,OLD,20261622,위 리브 인 타임,2026-04-08,35201900,0.7,5130400,17.1,132798050,4089,432,11.8,17455,230,379,2026-04-11,2026-08-15 16:02:53
8,-2,OLD,20261666,네가 마지막으로 남긴 노래,2026-04-01,36237950,0.7,12648490,53.6,736203460,3544,1045,41.8,72858,292,351,2026-04-11,2026-08-15 16:02:53
9,-2,OLD,20262343,크라임 101,2026-04-08,24338670,0.5,6634240,37.5,88192420,3351,942,39.1,11946,182,349,2026-04-11,2026-08-15 16:02:53
10,-5,OLD,20192680,끝장수사,2026-04-02,25826650,0.5,2163050,9.1,747844480,2655,111,4.4,80840,288,411,2026-04-11,2026-08-15 16:02:53
1,0,OLD,20254121,살목지,2026-04-08,2064364090,47.4,-314916280,-13.2,7543800690,197669,-29314,-12.9,724001,1434,5326,2026-04-12,2026-08-15 16:02:40
2,0,OLD,20261782,프로젝트 헤일메리,2026-03-18,1072023060,24.6,-270550270,-20.2,23021292250,97319,-23927,-19.7,2042110,1234,3499,2026-04-12,2026-08-15 16:02:40
3,0,OLD,20242837,왕과 사는 남자,2026-02-04,658868480,15.1,-54870420,-7.7,158298975420,65969,-4684,-6.6,16397222,1019,3253,2026-04-12,2026-08-15 16:02:40
4,0,OLD,20262648,런닝맨: 라이트&쉐도우,2026-04-11,49530250,1.1,-6358200,-11.4,108939700,5851,-850,-12.7,13055,193,345,2026-04-12,2026-08-15 16:02:40
5,0,OLD,20256283,호퍼스,2026-03-04,59100600,1.4,2073150,3.6,7439456050,5824,99,1.7,754046,308,396,2026-04-12,2026-08-15 16:02:40
6,0,OLD,20253289,극장판 귀멸의 칼날: 무한성편,2025-08-22,62355400,1.4,-9276100,-12.9,62713611650,4846,-621,-11.4,5801827,75,120,2026-04-12,2026-08-15 16:02:40
7,0,OLD,20261622,위 리브 인 타임,2026-04-08,28533900,0.7,-6668000,-18.9,161331950,3776,-313,-7.7,21231,224,359,2026-04-12,2026-08-15 16:02:40
8,0,OLD,20261666,네가 마지막으로 남긴 노래,2026-04-01,34035690,0.8,-2202260,-6.1,770239150,3342,-202,-5.7,76200,283,336,2026-04-12,2026-08-15 16:02:40
9,2,OLD,20261906,명탐정 코난: 세기말의 마술사,2026-03-27,27130900,0.6,1019950,3.9,948865450,2623,106,4.2,92145,143,165,2026-04-12,2026-08-15 16:02:40
9,0,OLD,20262343,크라임 101,2026-04-08,18693220,0.4,-5645450,-23.2,106885640,2623,-728,-21.7,14569,182,345,2026-04-12,2026-08-15 16:02:40
1,0,OLD,20254121,살목지,2026-04-08,752287270,55.0,-1312076820,-63.6,8296087960,73629,-124040,-62.8,797630,1279,4566,2026-04-13,2026-08-15 16:02:36
2,1,OLD,20242837,왕과 사는 남자,2026-02-04,224412330,16.4,-434456150,-65.9,158523387750,23806,-42163,-63.9,16421028,926,2865,2026-04-13,2026-08-15 16:02:36
3,-1,OLD,20261782,프로젝트 헤일메리,2026-03-18,266329670,19.5,-805693390,-75.2,23287621920,23672,-73647,-75.7,2065782,1087,2811,2026-04-13,2026-08-15 16:02:36
4,5,OLD,20262343,크라임 101,2026-04-08,8075580,0.6,-10617640,-56.8,114961220,1299,-1324,-50.5,15868,138,264,2026-04-13,2026-08-15 16:02:36
5,3,OLD,20261666,네가 마지막으로 남긴 노래,2026-04-01,10060050,0.7,-23975640,-70.4,780299200,1115,-2227,-66.6,77315,227,274,2026-04-13,2026-08-15 16:02:36
6,5,OLD,20192680,끝장수사,2026-04-02,9610670,0.7,-10913330,-53.2,777979150,1070,-1102,-50.7,84082,220,285,2026-04-13,2026-08-15 16:02:36
7,-1,OLD,20253289,극장판 귀멸의 칼날: 무한성편,2025-08-22,11723500,0.9,-50631900,-81.2,62725335150,928,-3918,-80.9,5802755,69,98,2026-04-13,2026-08-15 16:02:36
8,-1,OLD,20261622,위 리브 인 타임,2026-04-08,8908850,0.7,-19625050,-68.8,170240800,921,-2855,-75.6,22152,179,283,2026-04-13,2026-08-15 16:02:36
9,14,OLD,20247648,내 이름은,2026-04-15,7290000,0.5,2670000,57.8,62316000,729,275,60.6,6375,2,2,2026-04-13,2026-08-15 16:02:36
10,-1,OLD,20261906,명탐정 코난: 세기말의 마술사,2026-03-27,5879750,0.4,-21251150,-78.3,954745200,599,-2024,-77.2,92744,117,133,2026-04-13,2026-08-15 16:02:36
1,0,OLD,20254121,살목지,2026-04-08,655595720,52.2,-96691550,-12.9,8951683680,64686,-8943,-12.1,862316,1312,4589,2026-04-14,2026-08-15 16:02:35
2,0,OLD,20242837,왕과 사는 남자,2026-02-04,215149460,17.1,-9262870,-4.1,158738537210,23854,48,0.2,16444882,957,2823,2026-04-14,2026-08-15 16:02:35
3,0,OLD,20261782,프로젝트 헤일메리,2026-03-18,238224110,19.0,-28105560,-10.6,23525846030,21035,-2637,-11.1,2086817,1083,2704,2026-04-14,2026-08-15 16:02:35
4,5,OLD,20247648,내 이름은,2026-04-15,17505000,1.4,10215000,140.1,79821000,1945,1216,166.8,8320,10,10,2026-04-14,2026-08-15 16:02:35
5,-1,OLD,20262343,크라임 101,2026-04-08,10339850,0.8,2264270,28.0,125301070,1878,579,44.6,17746,158,294,2026-04-14,2026-08-15 16:02:35
6,-1,OLD,20261666,네가 마지막으로 남긴 노래,2026-04-01,12706270,1.0,2646220,26.3,793005470,1472,357,32.0,78787,253,298,2026-04-14,2026-08-15 16:02:35
7,-1,OLD,20192680,끝장수사,2026-04-02,9973500,0.8,362830,3.8,787952650,1107,37,3.5,85189,250,315,2026-04-14,2026-08-15 16:02:35
8,-1,OLD,20253289,극장판 귀멸의 칼날: 무한성편,2025-08-22,12356000,1.0,632500,5.4,62737691150,949,21,2.3,5803704,68,102,2026-04-14,2026-08-15 16:02:35
9,-1,OLD,20261622,위 리브 인 타임,2026-04-08,7354350,0.6,-1554500,-17.4,177595150,763,-158,-17.2,22915,179,284,2026-04-14,2026-08-15 16:02:35
10,2,OLD,20259598,두 검사,2026-04-01,5365270,0.4,1173100,28.0,99909940,573,116,25.4,10800,35,39,2026-04-14,2026-08-15 16:02:35
1,0,OLD,20254121,살목지,2026-04-08,693399620,42.2,37803900,5.8,9645083300,68743,4057,6.3,931059,1324,4776,2026-04-15,2026-08-15 16:02:23
2,1,OLD,20261782,프로젝트 헤일메리,2026-03-18,235913980,14.3,-2310130,-1.0,23761760010,21338,303,1.4,2108155,966,2387,2026-04-15,2026-08-15 16:02:23
3,-1,OLD,20242837,왕과 사는 남자,2026-02-04,184510230,11.2,-30639230,-14.2,158923047440,20422,-3432,-14.4,16465304,777,2047,2026-04-15,2026-08-15 16:02:23
4,0,OLD,20247648,내 이름은,2026-04-15,142110180,8.6,124605180,711.8,221931180,17069,15124,777.6,25389,667,1594,2026-04-15,2026-08-15 16:02:23
5,10,OLD,20070602,마녀배달부 키키,2007-11-22,113331250,6.9,107009750,1692.8,696163854,9821,9465,2658.7,77563,346,547,2026-04-15,2026-08-15 16:02:23
6,0,NEW,20262383,쉘터,2026-04-15,25533300,1.6,25533300,100.0,25533300,3789,3789,100.0,3789,174,298,2026-04-15,2026-08-15 16:02:23
7,0,NEW,20249507,극장판 하이큐!! 쓰레기장의 결전,2024-05-15,29562600,1.8,29562600,100.0,7675507067,2336,2336,100.0,748321,108,153,2026-04-15,2026-08-15 16:02:23
8,1,OLD,20261622,위 리브 인 타임,2026-04-08,13409300,0.8,6054950,82.3,191004450,2282,1519,199.1,25197,134,176,2026-04-15,2026-08-15 16:02:23
9,0,NEW,19980231,트루먼 쇼,1998-10-24,22443050,1.4,22443050,100.0,167480550,2101,2101,100.0,22092,69,164,2026-04-15,2026-08-15 16:02:23
10,0,NEW,20259339,힌드의 목소리,2026-04-15,14327150,0.9,14327150,100.0,44614420,1742,1742,100.0,4592,116,145,2026-04-15,2026-08-15 16:02:23
1,0,OLD,20254121,살목지,2026-04-08,593089560,43.4,-100310060,-14.5,10238172860,58662,-10081,-14.7,989721,1322,4732,2026-04-16,2026-08-15 16:01:56
2,1,OLD,20242837,왕과 사는 남자,2026-02-04,170766100,12.5,-13744130,-7.4,159093813540,19251,-1171,-5.7,16484555,769,2011,2026-04-16,2026-08-15 16:01:56
3,-1,OLD,20261782,프로젝트 헤일메리,2026-03-18,220868640,16.2,-15045340,-6.4,23982628650,19228,-2110,-9.9,2127383,932,2328,2026-04-16,2026-08-15 16:01:56
4,0,OLD,20247648,내 이름은,2026-04-15,117996340,8.6,-24113840,-17.0,339927520,13799,-3270,-19.2,39188,667,1566,2026-04-16,2026-08-15 16:01:56
5,0,OLD,20070602,마녀배달부 키키,2007-11-22,31878240,2.3,-81453010,-71.9,728042094,3043,-6778,-69.0,80606,326,484,2026-04-16,2026-08-15 16:01:56
6,0,NEW,20262811,"극장판 총집편 걸즈 밴드 크라이 있잖아, 미래.",2026-04-16,30334020,2.2,30334020,100.0,30334020,2920,2920,100.0,2920,100,136,2026-04-16,2026-08-15 16:01:56
7,-1,OLD,20262383,쉘터,2026-04-15,18448800,1.4,-7084500,-27.7,43982100,2840,-949,-25.0,6629,167,284,2026-04-16,2026-08-15 16:01:56
8,0,NEW,20240532,짱구,2026-04-22,25128000,1.8,25128000,100.0,27729000,2792,2792,100.0,3081,13,14,2026-04-16,2026-08-15 16:01:56
9,-1,OLD,20261622,위 리브 인 타임,2026-04-08,11511550,0.8,-1897750,-14.2,202516000,1890,-392,-17.2,27087,127,171,2026-04-16,2026-08-15 16:01:56
10,0,OLD,20259339,힌드의 목소리,2026-04-15,11371300,0.8,-2955850,-20.6,55985720,1368,-374,-21.5,5960,105,135,2026-04-16,2026-08-15 16:01:56
1,0,OLD,20254121,살목지,2026-04-08,1038291850,49.2,445202290,75.1,11276464710,98966,40304,68.7,1088687,1375,5168,2026-04-17,2026-08-15 16:01:55
2,1,OLD,20261782,프로젝트 헤일메리,2026-03-18,387715390,18.4,166846750,75.5,24370344040,32892,13664,71.1,2160275,1005,2563,2026-04-17,2026-08-15 16:01:55
3,-1,OLD,20242837,왕과 사는 남자,2026-02-04,231546470,11.0,60780370,35.6,159325360010,23919,4668,24.2,16508474,771,2073,2026-04-17,2026-08-15 16:01:55
4,0,OLD,20247648,내 이름은,2026-04-15,142820790,6.8,24824450,21.0,482748310,16192,2393,17.3,55380,660,1489,2026-04-17,2026-08-15 16:01:55
5,0,OLD,20070602,마녀배달부 키키,2007-11-22,42360070,2.0,10481830,32.9,770402164,3916,873,28.7,84522,327,459,2026-04-17,2026-08-15 16:01:55
6,0,NEW,20262907,고트: 더 레전드,2026-04-17,21409250,1.0,21409250,100.0,22768250,2472,2472,100.0,2623,339,423,2026-04-17,2026-08-15 16:01:55
7,92,OLD,20262639,노멀,2026-04-17,17046850,0.8,17030350,103214.2,20789350,2366,2364,118200.0,2898,129,246,2026-04-17,2026-08-15 16:01:55
8,-1,OLD,20262383,쉘터,2026-04-15,16216800,0.8,-2232000,-12.1,60198900,2291,-549,-19.3,8920,167,264,2026-04-17,2026-08-15 16:01:55
9,2,OLD,19980231,트루먼 쇼,1998-10-24,18314350,0.9,5819800,46.6,198289450,1624,459,39.4,24881,70,150,2026-04-17,2026-08-15 16:01:55
10,-1,OLD,20261622,위 리브 인 타임,2026-04-08,9877500,0.5,-1634050,-14.2,212393500,1343,-547,-28.9,28430,134,168,2026-04-17,2026-08-15 16:01:55
1,0,OLD,20254121,살목지,2026-04-08,2188439110,51.2,1150147260,110.8,13464903820,211494,112528,113.7,1300181,1511,6142,2026-04-18,2026-08-15 16:01:54
2,0,OLD,20261782,프로젝트 헤일메리,2026-03-18,871270050,20.4,483554660,124.7,25241614090,76956,44064,134.0,2237231,1053,2832,2026-04-18,2026-08-15 16:01:54
3,0,OLD,20242837,왕과 사는 남자,2026-02-04,445427830,10.4,213881360,92.4,159770787840,43814,19895,83.2,16552288,807,2200,2026-04-18,2026-08-15 16:01:54
4,0,OLD,20247648,내 이름은,2026-04-15,223015860,5.2,80195070,56.2,705764170,23796,7604,47.0,79176,694,1454,2026-04-18,2026-08-15 16:01:54
5,1,OLD,20262907,고트: 더 레전드,2026-04-17,68904800,1.6,47495550,221.8,91673050,7729,5257,212.7,10352,505,789,2026-04-18,2026-08-15 16:01:54
6,-1,OLD,20070602,마녀배달부 키키,2007-11-22,91162220,2.1,48802150,115.2,861564384,7306,3390,86.6,91828,361,450,2026-04-18,2026-08-15 16:01:54
7,1,OLD,20262383,쉘터,2026-04-15,22799600,0.5,6582800,40.6,82998500,3125,834,36.4,12045,167,243,2026-04-18,2026-08-15 16:01:54
8,1,OLD,19980231,트루먼 쇼,1998-10-24,31815600,0.7,13501250,73.7,230105050,2557,933,57.5,27438,88,138,2026-04-18,2026-08-15 16:01:54
9,-2,OLD,20262639,노멀,2026-04-17,17827450,0.4,780600,4.6,38616800,2471,105,4.4,5369,133,239,2026-04-18,2026-08-15 16:01:54
10,5,OLD,20249507,극장판 하이큐!! 쓰레기장의 결전,2024-05-15,28963600,0.7,16656600,135.3,7728897467,2244,1331,145.8,752424,92,113,2026-04-18,2026-08-15 16:01:54
1,0,OLD,20254121,살목지,2026-04-08,1664648140,49.2,-523790970,-23.9,15129551960,161640,-49854,-23.6,1461821,1465,5882,2026-04-19,2026-08-15 16:01:54
2,0,OLD,20261782,프로젝트 헤일메리,2026-03-18,683373850,20.2,-187896200,-21.6,25924987940,60871,-16085,-20.9,2298102,1039,2734,2026-04-19,2026-08-15 16:01:54
3,0,OLD,20242837,왕과 사는 남자,2026-02-04,373704980,11.0,-71722850,-16.1,160144492820,37222,-6592,-15.0,16589510,812,2106,2026-04-19,2026-08-15 16:01:54
4,0,OLD,20247648,내 이름은,2026-04-15,194944920,5.8,-28070940,-12.6,900709090,20963,-2833,-11.9,100139,681,1426,2026-04-19,2026-08-15 16:01:54
5,0,OLD,20262907,고트: 더 레전드,2026-04-17,78643730,2.3,9738930,14.1,170316780,8682,953,12.3,19034,496,800,2026-04-19,2026-08-15 16:01:54
6,0,OLD,20070602,마녀배달부 키키,2007-11-22,72982610,2.2,-18179610,-19.9,934546994,5666,-1640,-22.4,97494,351,435,2026-04-19,2026-08-15 16:01:54
7,0,OLD,20262383,쉘터,2026-04-15,22517350,0.7,-282250,-1.2,105515850,3286,161,5.2,15331,172,250,2026-04-19,2026-08-15 16:01:54
8,2,OLD,20249507,극장판 하이큐!! 쓰레기장의 결전,2024-05-15,29425800,0.9,462200,1.6,7758323267,2313,69,3.1,754737,93,110,2026-04-19,2026-08-15 16:01:54
9,0,OLD,20262639,노멀,2026-04-17,15617250,0.5,-2210200,-12.4,54234050,2183,-288,-11.7,7552,121,217,2026-04-19,2026-08-15 16:01:54
10,1,OLD,20253289,극장판 귀멸의 칼날: 무한성편,2025-08-22,24984200,0.7,-1431500,-5.4,62808149050,2147,-23,-1.1,5809650,57,61,2026-04-19,2026-08-15 16:01:54
1,0,OLD,20254121,살목지,2026-04-08,473283220,48.3,-1191364920,-71.6,15602835180,46984,-114656,-70.9,1508805,1258,4669,2026-04-20,2026-08-15 16:01:29
2,0,OLD,20261782,프로젝트 헤일메리,2026-03-18,179914270,18.3,-503459580,-73.7,26104902210,16038,-44833,-73.7,2314140,905,2179,2026-04-20,2026-08-15 16:01:29
3,0,OLD,20242837,왕과 사는 남자,2026-02-04,133738030,13.6,-239966950,-64.2,160278230850,14322,-22900,-61.5,16603832,700,1779,2026-04-20,2026-08-15 16:01:29
4,0,OLD,20247648,내 이름은,2026-04-15,74533540,7.6,-120411380,-61.8,975242630,8714,-12249,-58.4,108853,585,1311,2026-04-20,2026-08-15 16:01:29
5,1,OLD,20070602,마녀배달부 키키,2007-11-22,16513650,1.7,-56468960,-77.4,951060644,1521,-4145,-73.2,99015,270,336,2026-04-20,2026-08-15 16:01:29
6,3,OLD,20262639,노멀,2026-04-17,6923650,0.7,-8693600,-55.7,61157700,965,-1218,-55.8,8517,109,186,2026-04-20,2026-08-15 16:01:29
7,-2,OLD,20262907,고트: 더 레전드,2026-04-17,7016900,0.7,-71626830,-91.1,177333680,854,-7828,-90.2,19888,240,274,2026-04-20,2026-08-15 16:01:29
8,-1,OLD,20262383,쉘터,2026-04-15,7082200,0.7,-15435150,-68.5,112598050,851,-2435,-74.1,16182,146,217,2026-04-20,2026-08-15 16:01:29
9,5,OLD,20259339,힌드의 목소리,2026-04-15,5728410,0.6,-5379640,-48.4,101992580,696,-542,-43.8,11161,99,112,2026-04-20,2026-08-15 16:01:29
10,2,OLD,19980231,트루먼 쇼,1998-10-24,5747700,0.6,-16153950,-73.8,257754400,540,-1274,-70.2,29792,74,122,2026-04-20,2026-08-15 16:01:29
1,0,OLD,20254121,살목지,2026-04-08,399760410,42.8,-73522810,-15.5,16002595590,39689,-7295,-15.5,1548494,1253,4516,2026-04-21,2026-08-15 16:01:19
2,0,OLD,20261782,프로젝트 헤일메리,2026-03-18,168700350,18.1,-11213920,-6.2,26273602560,14892,-1146,-7.1,2329032,900,2144,2026-04-21,2026-08-15 16:01:19
3,0,OLD,20242837,왕과 사는 남자,2026-02-04,125060270,13.4,-8677760,-6.5,160403291120,13628,-694,-4.8,16617460,706,1752,2026-04-21,2026-08-15 16:01:19
4,0,OLD,20247648,내 이름은,2026-04-15,78723810,8.4,4190270,5.6,1053966440,9798,1084,12.4,118651,624,1358,2026-04-21,2026-08-15 16:01:19
5,1,OLD,20262639,노멀,2026-04-17,11581600,1.2,4657950,67.3,72739300,1922,957,99.2,10439,124,214,2026-04-21,2026-08-15 16:01:19
6,-1,OLD,20070602,마녀배달부 키키,2007-11-22,18736330,2.0,2222680,13.5,969796974,1806,285,18.7,100821,271,326,2026-04-21,2026-08-15 16:01:19
7,1,OLD,20262383,쉘터,2026-04-15,11131850,1.2,4049650,57.2,123729900,1714,863,101.4,17896,159,233,2026-04-21,2026-08-15 16:01:19
8,1,OLD,20259339,힌드의 목소리,2026-04-15,9423560,1.0,3695150,64.5,111416140,1185,489,70.3,12346,112,130,2026-04-21,2026-08-15 16:01:19
9,-2,OLD,20262907,고트: 더 레전드,2026-04-17,7328370,0.8,311470,4.4,184662050,891,37,4.3,20779,238,276,2026-04-21,2026-08-15 16:01:19
10,6,OLD,20250411,미야자키 하야오의 그대들은 어떻게 살 것인가,2026-04-15,4761800,0.5,2004400,72.7,44711510,798,439,122.3,6091,78,96,2026-04-21,2026-08-15 16:01:19
1,0,OLD,20254121,살목지,2026-04-08,435423360,24.8,35662950,8.9,16438018950,43400,3711,9.4,1591894,1172,4155,2026-04-22,2026-08-15 16:01:18
2,0,NEW,20262685,란 12.3,2026-04-22,371416510,21.2,371416510,100.0,382479510,37037,37037,100.0,38078,842,2156,2026-04-22,2026-08-15 16:01:18
3,0,NEW,20240532,짱구,2026-04-22,246020890,14.0,246020890,100.0,298155690,26848,26848,100.0,31893,693,1672,2026-04-22,2026-08-15 16:01:18
4,-2,OLD,20261782,프로젝트 헤일메리,2026-03-18,202128560,11.5,33428210,19.8,26475731120,17656,2764,18.6,2346688,718,1657,2026-04-22,2026-08-15 16:01:18
5,-2,OLD,20242837,왕과 사는 남자,2026-02-04,102077760,5.8,-22982510,-18.4,160505368880,10893,-2735,-20.1,16628353,611,1333,2026-04-22,2026-08-15 16:01:18
6,-2,OLD,20247648,내 이름은,2026-04-15,73581450,4.2,-5142360,-6.5,1127547890,8333,-1465,-15.0,126984,552,977,2026-04-22,2026-08-15 16:01:18
7,0,NEW,20262657,리 크로닌의 미이라,2026-04-22,65681090,3.7,65681090,100.0,78486090,6378,6378,100.0,7652,368,610,2026-04-22,2026-08-15 16:01:18
8,0,NEW,20262775,기동전사 건담: 섬광의 하사웨이 키르케의 마녀,2026-04-22,78196000,4.5,78196000,100.0,78196000,5076,5076,100.0,5076,90,149,2026-04-22,2026-08-15 16:01:18
9,0,NEW,20262776,르누아르,2026-04-22,21917500,1.2,21917500,100.0,29474500,3468,3468,100.0,4209,127,239,2026-04-22,2026-08-15 16:01:18
10,-4,OLD,20070602,마녀배달부 키키,2007-11-22,29680400,1.7,10944070,58.4,999477374,3253,1447,80.1,104074,119,141,2026-04-22,2026-08-15 16:01:18
1,0,OLD,20254121,살목지,2026-04-08,491825750,34.4,56402390,13.0,16929844700,48405,5005,11.5,1640299,1150,4090,2026-04-23,2026-08-15 16:01:17
2,1,OLD,20240532,짱구,2026-04-22,191648240,13.4,-54372650,-22.1,489803930,20639,-6209,-23.1,52532,678,1584,2026-04-23,2026-08-15 16:01:17
3,-1,OLD,20262685,란 12.3,2026-04-22,170903750,11.9,-200512760,-54.0,553383260,17231,-19806,-53.5,55309,787,1990,2026-04-23,2026-08-15 16:01:17
4,0,OLD,20261782,프로젝트 헤일메리,2026-03-18,177415070,12.4,-24713490,-12.2,26653146190,15223,-2433,-13.8,2361911,721,1664,2026-04-23,2026-08-15 16:01:17
5,0,OLD,20242837,왕과 사는 남자,2026-02-04,103385170,7.2,1307410,1.3,160608754050,11285,392,3.6,16639638,642,1346,2026-04-23,2026-08-15 16:01:17
6,0,OLD,20247648,내 이름은,2026-04-15,61750050,4.3,-11831400,-16.1,1189297940,7089,-1244,-14.9,134073,532,903,2026-04-23,2026-08-15 16:01:17
7,0,OLD,20262657,리 크로닌의 미이라,2026-04-22,46734280,3.3,-18946810,-28.8,125220370,4459,-1919,-30.1,12111,346,561,2026-04-23,2026-08-15 16:01:17
8,95,OLD,20088147,줄무늬 파자마를 입은 소년,2026-04-23,19611100,1.4,19585100,75327.3,23448700,3270,3267,108900.0,3604,153,213,2026-04-23,2026-08-15 16:01:17
9,-1,OLD,20262775,기동전사 건담: 섬광의 하사웨이 키르케의 마녀,2026-04-22,39252000,2.7,-38944000,-49.8,117448000,2539,-2537,-50.0,7615,90,149,2026-04-23,2026-08-15 16:01:17
10,1,OLD,20262639,노멀,2026-04-17,9932100,0.7,541300,5.8,92062200,1744,100,6.1,13827,91,108,2026-04-23,2026-08-15 16:01:17
1,0,OLD,20254121,살목지,2026-04-08,914624580,42.9,422798830,86.0,17844469280,86527,38122,78.8,1726826,1263,4783,2026-04-24,2026-08-15 16:01:16
2,2,OLD,20261782,프로젝트 헤일메리,2026-03-18,315679320,14.8,138264250,77.9,26968825510,26138,10915,71.7,2388049,748,1838,2026-04-24,2026-08-15 16:01:16
3,-1,OLD,20240532,짱구,2026-04-22,241048860,11.3,49400620,25.8,730852790,24822,4183,20.3,77354,733,1728,2026-04-24,2026-08-15 16:01:16
4,-1,OLD,20262685,란 12.3,2026-04-22,180305910,8.5,9402160,5.5,733689170,17228,-3,0.0,72537,739,1933,2026-04-24,2026-08-15 16:01:16
5,0,OLD,20242837,왕과 사는 남자,2026-02-04,142824230,6.7,39439060,38.1,160751578280,14695,3410,30.2,16654333,663,1443,2026-04-24,2026-08-15 16:01:16
6,0,OLD,20247648,내 이름은,2026-04-15,59941000,2.8,-1809050,-2.9,1249238940,6550,-539,-7.6,140623,546,916,2026-04-24,2026-08-15 16:01:16
7,0,OLD,20262657,리 크로닌의 미이라,2026-04-22,55164170,2.6,8429890,18.0,180384540,4854,395,8.9,16965,366,582,2026-04-24,2026-08-15 16:01:16
8,1,OLD,20262775,기동전사 건담: 섬광의 하사웨이 키르케의 마녀,2026-04-22,46815500,2.2,7563500,19.3,164263500,2842,303,11.9,10457,90,147,2026-04-24,2026-08-15 16:01:16
9,2,OLD,20070602,마녀배달부 키키,2007-11-22,17183330,0.8,2098350,13.9,1031745684,1783,124,7.5,107516,123,147,2026-04-24,2026-08-15 16:01:16
10,0,OLD,20262639,노멀,2026-04-17,9612600,0.5,-319500,-3.2,101674800,1775,31,1.8,15602,52,66,2026-04-24,2026-08-15 16:01:16
1,0,OLD,20254121,살목지,2026-04-08,1544389690,40.1,629765110,68.9,19388858970,147850,61323,70.9,1874676,1378,5625,2026-04-25,2026-08-15 16:01:15
2,0,OLD,20261782,프로젝트 헤일메리,2026-03-18,667492690,17.3,351813370,111.4,27636318200,56289,30151,115.4,2444338,800,2084,2026-04-25,2026-08-15 16:01:15
3,0,OLD,20240532,짱구,2026-04-22,444352600,11.5,203303740,84.3,1175205390,44479,19657,79.2,121833,857,1938,2026-04-25,2026-08-15 16:01:15
4,0,OLD,20262685,란 12.3,2026-04-22,337920310,8.8,157614400,87.4,1071609480,32762,15534,90.2,105299,652,1972,2026-04-25,2026-08-15 16:01:15
5,0,OLD,20242837,왕과 사는 남자,2026-02-04,279696810,7.3,136872580,95.8,161031275090,27383,12688,86.3,16681716,687,1644,2026-04-25,2026-08-15 16:01:15
6,0,OLD,20247648,내 이름은,2026-04-15,99718500,2.6,39777500,66.4,1348957440,10368,3818,58.3,150991,562,912,2026-04-25,2026-08-15 16:01:15
7,0,OLD,20262657,리 크로닌의 미이라,2026-04-22,72656260,1.9,17492090,31.7,253040800,6491,1637,33.7,23456,345,499,2026-04-25,2026-08-15 16:01:15
8,0,OLD,20262775,기동전사 건담: 섬광의 하사웨이 키르케의 마녀,2026-04-22,67305600,1.7,20490100,43.8,231569100,4441,1599,56.3,14898,90,147,2026-04-25,2026-08-15 16:01:15
9,0,OLD,20070602,마녀배달부 키키,2007-11-22,50437950,1.3,33254620,193.5,1082183634,4302,2519,141.3,111818,146,172,2026-04-25,2026-08-15 16:01:15
10,8,OLD,20262907,고트: 더 레전드,2026-04-17,32711310,0.8,28389060,656.8,231799350,3617,3097,595.6,26148,335,432,2026-04-25,2026-08-15 16:01:15
1,0,OLD,20254121,살목지,2026-04-08,1133087750,35.9,-411301940,-26.6,20521946720,109078,-38772,-26.2,1983754,1349,5326,2026-04-26,2026-08-15 16:01:14
2,0,OLD,20261782,프로젝트 헤일메리,2026-03-18,541382840,17.2,-126109850,-18.9,28177701040,46552,-9737,-17.3,2490890,796,2008,2026-04-26,2026-08-15 16:01:14
3,0,OLD,20240532,짱구,2026-04-22,421721840,13.4,-22630760,-5.1,1596927230,42065,-2414,-5.4,163898,878,1925,2026-04-26,2026-08-15 16:01:14
4,0,OLD,20262685,란 12.3,2026-04-22,289701060,9.2,-48219250,-14.3,1361310540,28349,-4413,-13.5,133648,647,1865,2026-04-26,2026-08-15 16:01:14
5,0,OLD,20242837,왕과 사는 남자,2026-02-04,254317380,8.1,-25379430,-9.1,161285592470,25080,-2303,-8.4,16706796,674,1576,2026-04-26,2026-08-15 16:01:14
6,0,OLD,20247648,내 이름은,2026-04-15,99366130,3.2,-352370,-0.4,1448323570,10615,247,2.4,161606,558,883,2026-04-26,2026-08-15 16:01:14
7,0,OLD,20262657,리 크로닌의 미이라,2026-04-22,53875420,1.7,-18780840,-25.8,306916220,4731,-1760,-27.1,28187,332,471,2026-04-26,2026-08-15 16:01:14
8,2,OLD,20262907,고트: 더 레전드,2026-04-17,35797310,1.1,3086000,9.4,267596660,3908,291,8.0,30056,330,415,2026-04-26,2026-08-15 16:01:14
9,0,OLD,20070602,마녀배달부 키키,2007-11-22,50343200,1.6,-94750,-0.2,1132526834,3877,-425,-9.9,115695,128,155,2026-04-26,2026-08-15 16:01:14
10,-2,OLD,20262775,기동전사 건담: 섬광의 하사웨이 키르케의 마녀,2026-04-22,51733000,1.6,-15572600,-23.1,283302100,3513,-928,-20.9,18411,90,146,2026-04-26,2026-08-15 16:01:14
1,0,OLD,20254121,살목지,2026-04-08,432784450,38.6,-700303300,-61.8,20954731170,41902,-67176,-61.6,2025656,1114,4129,2026-04-27,2026-08-15 16:01:14
2,1,OLD,20240532,짱구,2026-04-22,151815590,13.5,-269906250,-64.0,1748742820,15630,-26435,-62.8,179528,680,1690,2026-04-27,2026-08-15 16:01:14
3,-1,OLD,20261782,프로젝트 헤일메리,2026-03-18,177733770,15.9,-363649070,-67.2,28355434810,15612,-30940,-66.5,2506502,686,1660,2026-04-27,2026-08-15 16:01:14
4,1,OLD,20242837,왕과 사는 남자,2026-02-04,97179210,8.7,-157138170,-61.8,161382771680,10114,-14966,-59.7,16716910,599,1323,2026-04-27,2026-08-15 16:01:14
5,-1,OLD,20262685,란 12.3,2026-04-22,71385200,6.4,-218315860,-75.4,1432695740,7279,-21070,-74.3,140927,576,1530,2026-04-27,2026-08-15 16:01:14
6,0,OLD,20247648,내 이름은,2026-04-15,36130300,3.2,-63235830,-63.6,1484453870,4074,-6541,-61.6,165680,450,767,2026-04-27,2026-08-15 16:01:14
7,0,OLD,20262657,리 크로닌의 미이라,2026-04-22,29366870,2.6,-24508550,-45.5,336283090,2758,-1973,-41.7,30945,314,450,2026-04-27,2026-08-15 16:01:14
8,2,OLD,20262775,기동전사 건담: 섬광의 하사웨이 키르케의 마녀,2026-04-22,19936000,1.8,-31797000,-61.5,303238100,1329,-2184,-62.2,19740,88,138,2026-04-27,2026-08-15 16:01:14
9,0,NEW,20259791,악마는 프라다를 입는다 2,2026-04-29,9009000,0.8,9009000,100.0,9009000,1001,1001,100.0,1001,3,4,2026-04-27,2026-08-15 16:01:14
10,-1,OLD,20070602,마녀배달부 키키,2007-11-22,8928950,0.8,-41414250,-82.3,1141455784,949,-2928,-75.5,116644,106,128,2026-04-27,2026-08-15 16:01:14
1,0,OLD,20254121,살목지,2026-04-08,516037650,41.1,83253200,19.2,21470768820,51175,9273,22.1,2076831,1152,4209,2026-04-28,2026-08-15 16:01:13
2,1,OLD,20261782,프로젝트 헤일메리,2026-03-18,187617430,14.9,9883660,5.6,28543052240,16822,1210,7.8,2523324,705,1671,2026-04-28,2026-08-15 16:01:13
3,-1,OLD,20240532,짱구,2026-04-22,148879770,11.9,-2935820,-1.9,1897622590,15554,-76,-0.5,195082,691,1717,2026-04-28,2026-08-15 16:01:13
4,0,OLD,20242837,왕과 사는 남자,2026-02-04,108013420,8.6,10834210,11.1,161490785100,11671,1557,15.4,16728581,614,1343,2026-04-28,2026-08-15 16:01:13
5,0,OLD,20262685,란 12.3,2026-04-22,78977470,6.3,7592270,10.6,1511673210,8011,732,10.1,148938,581,1528,2026-04-28,2026-08-15 16:01:13
6,0,OLD,20247648,내 이름은,2026-04-15,44141750,3.5,8011450,22.2,1528595620,5077,1003,24.6,170757,491,826,2026-04-28,2026-08-15 16:01:13
7,0,OLD,20262657,리 크로닌의 미이라,2026-04-22,29566140,2.4,199270,0.7,365849230,2746,-12,-0.4,33691,316,450,2026-04-28,2026-08-15 16:01:13
8,3,OLD,20262776,르누아르,2026-04-22,9449780,0.8,3346670,54.8,108415470,1942,1074,123.7,13670,132,216,2026-04-28,2026-08-15 16:01:13
9,-1,OLD,20262775,기동전사 건담: 섬광의 하사웨이 키르케의 마녀,2026-04-22,21470500,1.7,1534500,7.7,324708600,1449,120,9.0,21189,88,136,2026-04-28,2026-08-15 16:01:13
10,0,OLD,20070602,마녀배달부 키키,2007-11-22,11750000,0.9,2821050,31.6,1153205784,1292,343,36.1,117936,114,140,2026-04-28,2026-08-15 16:01:13
1,0,NEW,20259791,악마는 프라다를 입는다 2,2026-04-29,1228075630,45.4,1228075630,100.0,1237084630,150767,150767,100.0,151768,1578,6165,2026-04-29,2026-08-15 16:01:12
2,0,NEW,20259773,슈퍼 마리오 갤럭시,2026-04-29,516365150,19.1,516365150,100.0,554479150,60433,60433,100.0,63460,1166,4173,2026-04-29,2026-08-15 16:01:12
3,-2,OLD,20254121,살목지,2026-04-08,474448900,17.5,-41588750,-8.1,21945217720,59050,7875,15.4,2135881,845,2113,2026-04-29,2026-08-15 16:01:12
4,-2,OLD,20261782,프로젝트 헤일메리,2026-03-18,123609740,4.6,-64007690,-34.1,28666661980,13393,-3429,-20.4,2536717,407,548,2026-04-29,2026-08-15 16:01:12
5,-2,OLD,20240532,짱구,2026-04-22,107524750,4.0,-41355020,-27.8,2005147340,13237,-2317,-14.9,208319,523,826,2026-04-29,2026-08-15 16:01:12
6,-1,OLD,20262685,란 12.3,2026-04-22,51844760,1.9,-27132710,-34.4,1563517970,6002,-2009,-25.1,154940,382,511,2026-04-29,2026-08-15 16:01:12
7,-3,OLD,20242837,왕과 사는 남자,2026-02-04,48142500,1.8,-59870920,-55.4,161538927600,5848,-5823,-49.9,16734429,245,331,2026-04-29,2026-08-15 16:01:12
8,-2,OLD,20247648,내 이름은,2026-04-15,43230850,1.6,-910900,-2.1,1571826470,5752,675,13.3,176509,217,296,2026-04-29,2026-08-15 16:01:12
9,0,OLD,20262775,기동전사 건담: 섬광의 하사웨이 키르케의 마녀,2026-04-22,21421100,0.8,-49400,-0.2,346129700,3083,1634,112.8,24272,94,127,2026-04-29,2026-08-15 16:01:12
10,0,OLD,20070602,마녀배달부 키키,2007-11-22,17069060,0.6,5319060,45.3,1170274844,2037,745,57.7,119973,70,74,2026-04-29,2026-08-15 16:01:12
1,2,OLD,20254121,살목지,2026-04-08,994936100,31.6,520487200,109.7,22940153820,102147,43097,73.0,2238028,957,2477,2026-04-30,2026-08-15 16:01:11
2,-1,OLD,20259791,악마는 프라다를 입는다 2,2026-04-29,1000524880,31.8,-227550750,-18.5,2237609510,101438,-49329,-32.7,253206,1540,6202,2026-04-30,2026-08-15 16:01:11
3,-1,OLD,20259773,슈퍼 마리오 갤럭시,2026-04-29,462243870,14.7,-54121280,-10.5,1016723020,47020,-13413,-22.2,110480,1162,4000,2026-04-30,2026-08-15 16:01:11
4,0,OLD,20261782,프로젝트 헤일메리,2026-03-18,181900540,5.8,58290800,47.2,28848562520,16797,3404,25.4,2553514,449,606,2026-04-30,2026-08-15 16:01:11
5,0,OLD,20240532,짱구,2026-04-22,147456310,4.7,39931560,37.1,2152603650,16278,3041,23.0,224597,539,886,2026-04-30,2026-08-15 16:01:11
6,0,OLD,20262685,란 12.3,2026-04-22,65626860,2.1,13782100,26.6,1629144830,7005,1003,16.7,161945,373,514,2026-04-30,2026-08-15 16:01:11
7,0,OLD,20242837,왕과 사는 남자,2026-02-04,60838460,1.9,12695960,26.4,161599766060,6652,804,13.7,16741081,271,370,2026-04-30,2026-08-15 16:01:11
8,0,NEW,20259626,마이클,2026-05-13,60048000,1.9,60048000,100.0,70656000,6378,6378,100.0,7002,34,34,2026-04-30,2026-08-15 16:01:11
9,-1,OLD,20247648,내 이름은,2026-04-15,39611900,1.3,-3618950,-8.4,1611438370,4506,-1246,-21.7,181015,212,297,2026-04-30,2026-08-15 16:01:11
10,0,OLD,20070602,마녀배달부 키키,2007-11-22,33607350,1.1,16538290,96.9,1203882194,2882,845,41.5,122855,76,85,2026-04-30,2026-08-15 16:01:11
1,2,OLD,20259773,슈퍼 마리오 갤럭시,2026-04-29,2266937540,33.4,1804693670,390.4,3283660560,231103,184083,391.5,341583,1577,6184,2026-05-01,2026-08-15 16:01:10
2,0,OLD,20259791,악마는 프라다를 입는다 2,2026-04-29,1896598430,27.9,896073550,89.6,4134207940,183788,82350,81.2,436994,1418,5804,2026-05-01,2026-08-15 16:01:10
3,-2,OLD,20254121,살목지,2026-04-08,1513571410,22.3,518635310,52.1,24453725230,146272,44125,43.2,2384300,1164,3003,2026-05-01,2026-08-15 16:01:10
4,0,OLD,20261782,프로젝트 헤일메리,2026-03-18,395468670,5.8,213568130,117.4,29244031190,32974,16177,96.3,2586488,422,580,2026-05-01,2026-08-15 16:01:10
5,0,OLD,20240532,짱구,2026-04-22,248391180,3.7,100934870,68.5,2400994830,24579,8301,51.0,249176,473,748,2026-05-01,2026-08-15 16:01:10
6,0,OLD,20262685,란 12.3,2026-04-22,135132260,2.0,69505400,105.9,1764277090,13643,6638,94.8,175588,274,334,2026-05-01,2026-08-15 16:01:10
7,0,OLD,20242837,왕과 사는 남자,2026-02-04,119421970,1.8,58583510,96.3,161719188030,12119,5467,82.2,16753200,252,322,2026-05-01,2026-08-15 16:01:10
8,1,OLD,20247648,내 이름은,2026-04-15,33859250,0.5,-5752650,-14.5,1645297620,3634,-872,-19.4,184649,177,221,2026-05-01,2026-08-15 16:01:10
9,0,NEW,20263327,사랑의 하츄핑 특별판,2026-05-01,31612550,0.5,31612550,100.0,31612550,3321,3321,100.0,3321,295,352,2026-05-01,2026-08-15 16:01:10
10,1,OLD,20262775,기동전사 건담: 섬광의 하사웨이 키르케의 마녀,2026-04-22,24853100,0.4,5203550,26.5,390632350,2365,-91,-3.7,29093,84,100,2026-05-01,2026-08-15 16:01:10
1,0,OLD,20259773,슈퍼 마리오 갤럭시,2026-04-29,1568221270,28.4,-698716270,-30.8,4851881830,157833,-73270,-31.7,499416,1608,6089,2026-05-02,2026-08-15 16:01:10
2,0,OLD,20259791,악마는 프라다를 입는다 2,2026-04-29,1596603230,28.9,-299995200,-15.8,5730811170,153936,-29852,-16.2,590930,1368,5318,2026-05-02,2026-08-15 16:01:10
3,0,OLD,20254121,살목지,2026-04-08,1320311580,23.9,-193259830,-12.8,25774036810,128023,-18249,-12.5,2512323,1318,3490,2026-05-02,2026-08-15 16:01:10
4,0,OLD,20261782,프로젝트 헤일메리,2026-03-18,376655680,6.8,-18812990,-4.8,29620686870,31577,-1397,-4.2,2618065,464,643,2026-05-02,2026-08-15 16:01:10
5,0,OLD,20240532,짱구,2026-04-22,244209220,4.4,-4181960,-1.7,2645204050,24202,-377,-1.5,273378,509,798,2026-05-02,2026-08-15 16:01:10
6,1,OLD,20242837,왕과 사는 남자,2026-02-04,115444720,2.1,-3977250,-3.3,161834632750,11581,-538,-4.4,16764781,290,378,2026-05-02,2026-08-15 16:01:10
7,-1,OLD,20262685,란 12.3,2026-04-22,110344450,2.0,-24787810,-18.3,1874621540,11115,-2528,-18.5,186703,280,343,2026-05-02,2026-08-15 16:01:10
8,0,OLD,20247648,내 이름은,2026-04-15,32751400,0.6,-1107850,-3.3,1678049020,3423,-211,-5.8,188072,169,209,2026-05-02,2026-08-15 16:01:10
9,1,OLD,20262775,기동전사 건담: 섬광의 하사웨이 키르케의 마녀,2026-04-22,24016600,0.4,-836500,-3.4,414648950,2250,-115,-4.9,31343,84,96,2026-05-02,2026-08-15 16:01:10
10,2,OLD,20070602,마녀배달부 키키,2007-11-22,21331400,0.4,6746300,46.3,1239798694,1967,586,42.4,126203,55,57,2026-05-02,2026-08-15 16:01:10
1,0,OLD,20259773,슈퍼 마리오 갤럭시,2026-04-29,1826682060,32.2,258460790,16.5,6678563890,186521,28688,18.2,685937,1589,5900,2026-05-03,2026-08-15 16:01:09
2,0,OLD,20259791,악마는 프라다를 입는다 2,2026-04-29,1493406370,26.3,-103196860,-6.5,7224217540,145089,-8847,-5.7,736019,1332,5081,2026-05-03,2026-08-15 16:01:09
3,0,OLD,20254121,살목지,2026-04-08,1265932690,22.3,-54378890,-4.1,27039969500,123702,-4321,-3.4,2636025,1349,3589,2026-05-03,2026-08-15 16:01:09
4,0,OLD,20261782,프로젝트 헤일메리,2026-03-18,370072580,6.5,-6583100,-1.7,29990759450,31520,-57,-0.2,2649585,486,686,2026-05-03,2026-08-15 16:01:09
5,0,OLD,20240532,짱구,2026-04-22,252956770,4.5,8747550,3.6,2898160820,25123,921,3.8,298501,535,826,2026-05-03,2026-08-15 16:01:09
6,0,OLD,20242837,왕과 사는 남자,2026-02-04,145790330,2.6,30345610,26.3,161980423080,14719,3138,27.1,16779500,322,416,2026-05-03,2026-08-15 16:01:09
7,0,OLD,20262685,란 12.3,2026-04-22,122765160,2.2,12420710,11.3,1997386700,12395,1280,11.5,199098,320,409,2026-05-03,2026-08-15 16:01:09
8,0,OLD,20247648,내 이름은,2026-04-15,35268260,0.6,2516860,7.7,1713317280,3901,478,14.0,191973,177,215,2026-05-03,2026-08-15 16:01:09
9,2,OLD,20263327,사랑의 하츄핑 특별판,2026-05-01,23627760,0.4,6648310,39.2,72219760,2471,720,41.1,7543,252,280,2026-05-03,2026-08-15 16:01:09
10,2,OLD,20262906,극장판 반짝반짝 달님이: 싱어롱 파티,2026-05-01,17458400,0.3,6157300,54.5,56111300,1833,629,52.2,5950,164,235,2026-05-03,2026-08-15 16:01:09
1,0,OLD,20259773,슈퍼 마리오 갤럭시,2026-04-29,1296316620,33.4,-530365440,-29.0,7974880510,141462,-45059,-24.2,827399,1487,5546,2026-05-04,2026-08-15 16:01:08
2,0,OLD,20259791,악마는 프라다를 입는다 2,2026-04-29,959650750,24.7,-533755620,-35.7,8183868290,98410,-46679,-32.2,834429,1252,4778,2026-05-04,2026-08-15 16:01:08
3,0,OLD,20254121,살목지,2026-04-08,892403820,23.0,-373528870,-29.5,27932373320,91937,-31765,-25.7,2727962,1216,3695,2026-05-04,2026-08-15 16:01:08
4,0,OLD,20261782,프로젝트 헤일메리,2026-03-18,293826210,7.6,-76246370,-20.6,30284585660,26249,-5271,-16.7,2675834,522,755,2026-05-04,2026-08-15 16:01:08
5,0,OLD,20240532,짱구,2026-04-22,149130540,3.8,-103826230,-41.0,3047291360,15623,-9500,-37.8,314124,497,797,2026-05-04,2026-08-15 16:01:08
6,0,OLD,20242837,왕과 사는 남자,2026-02-04,99629370,2.6,-46160960,-31.7,162080052450,10724,-3995,-27.1,16790224,325,437,2026-05-04,2026-08-15 16:01:08
7,0,OLD,20262685,란 12.3,2026-04-22,64661800,1.7,-58103360,-47.3,2062048500,6817,-5578,-45.0,205915,330,430,2026-05-04,2026-08-15 16:01:08
8,0,OLD,20247648,내 이름은,2026-04-15,21690300,0.6,-13577960,-38.5,1735007580,2220,-1681,-43.1,194193,146,185,2026-05-04,2026-08-15 16:01:08
9,0,OLD,20263327,사랑의 하츄핑 특별판,2026-05-01,13780700,0.4,-9847060,-41.7,86000460,1496,-975,-39.5,9039,213,237,2026-05-04,2026-08-15 16:01:08
10,1,OLD,20262775,기동전사 건담: 섬광의 하사웨이 키르케의 마녀,2026-04-22,13365900,0.3,-5540400,-29.3,446921150,1436,-330,-18.7,34545,85,96,2026-05-04,2026-08-15 16:01:08
1,0,OLD,20259773,슈퍼 마리오 갤럭시,2026-04-29,2732284910,45.1,1435968290,110.8,10707165420,283280,141818,100.3,1110679,1847,6853,2026-05-05,2026-08-15 16:00:55
2,0,OLD,20259791,악마는 프라다를 입는다 2,2026-04-29,1270274500,21.0,310623750,32.4,9454142790,124686,26276,26.7,959115,1199,4038,2026-05-05,2026-08-15 16:00:55
3,0,OLD,20254121,살목지,2026-04-08,1105314490,18.2,212910670,23.9,29037687810,108212,16275,17.7,2836174,1233,3333,2026-05-05,2026-08-15 16:00:55
4,0,OLD,20261782,프로젝트 헤일메리,2026-03-18,357831060,5.9,64004850,21.8,30642416720,30809,4560,17.4,2706643,496,708,2026-05-05,2026-08-15 16:00:55
5,0,OLD,20240532,짱구,2026-04-22,188177010,3.1,39046470,26.2,3235468370,19000,3377,21.6,333124,505,754,2026-05-05,2026-08-15 16:00:55
6,0,OLD,20242837,왕과 사는 남자,2026-02-04,131301150,2.2,31671780,31.8,162211353600,13309,2585,24.1,16803533,350,455,2026-05-05,2026-08-15 16:00:55
7,0,OLD,20262685,란 12.3,2026-04-22,86380500,1.4,21718700,33.6,2148429000,8889,2072,30.4,214804,268,330,2026-05-05,2026-08-15 16:00:55
8,1,OLD,20263327,사랑의 하츄핑 특별판,2026-05-01,31415900,0.5,17635200,128.0,117416360,3284,1788,119.5,12323,254,299,2026-05-05,2026-08-15 16:00:55
9,2,OLD,20262906,극장판 반짝반짝 달님이: 싱어롱 파티,2026-05-01,22656650,0.4,11928850,111.2,89495750,2342,1119,91.5,9515,169,238,2026-05-05,2026-08-15 16:00:55
10,-2,OLD,20247648,내 이름은,2026-04-15,19394600,0.3,-2295700,-10.6,1754402180,2073,-147,-6.6,196266,140,165,2026-05-05,2026-08-15 16:00:55
1,1,OLD,20259791,악마는 프라다를 입는다 2,2026-04-29,353401880,33.7,-916872620,-72.2,9807544670,35509,-89177,-71.5,994624,1158,3912,2026-05-06,2026-08-15 16:00:48
2,1,OLD,20254121,살목지,2026-04-08,213027110,20.3,-892287380,-80.7,29250714920,20988,-87224,-80.6,2857162,961,2874,2026-05-06,2026-08-15 16:00:48
3,-2,OLD,20259773,슈퍼 마리오 갤럭시,2026-04-29,129249190,12.3,-2603035720,-95.3,10836414610,13523,-269757,-95.2,1124202,900,2280,2026-05-06,2026-08-15 16:00:48
4,0,OLD,20261782,프로젝트 헤일메리,2026-03-18,105995390,10.1,-251835670,-70.4,30748412110,9281,-21528,-69.9,2715924,488,807,2026-05-06,2026-08-15 16:00:48
5,0,OLD,20240532,짱구,2026-04-22,64895270,6.2,-123281740,-65.5,3300363640,7081,-11919,-62.7,340205,448,722,2026-05-06,2026-08-15 16:00:48
6,0,OLD,20242837,왕과 사는 남자,2026-02-04,30149800,2.9,-101151350,-77.0,162241503400,3299,-10010,-75.2,16806832,324,438,2026-05-06,2026-08-15 16:00:48
7,0,NEW,20262947,모탈 컴뱃 2,2026-05-06,27663250,2.6,27663250,100.0,29157250,2543,2543,100.0,2709,365,592,2026-05-06,2026-08-15 16:00:48
8,-1,OLD,20262685,란 12.3,2026-04-22,21038300,2.0,-65342200,-75.6,2169467300,2227,-6662,-74.9,217031,253,335,2026-05-06,2026-08-15 16:00:48
9,0,NEW,20261943,올 그린스,2026-05-06,15269950,1.5,15269950,100.0,19079950,2194,2194,100.0,2694,133,201,2026-05-06,2026-08-15 16:00:48
10,3,OLD,20262775,기동전사 건담: 섬광의 하사웨이 키르케의 마녀,2026-04-22,13234400,1.3,1691350,14.7,471698600,1954,880,81.9,37573,55,61,2026-05-06,2026-08-15 16:00:48
1,0,OLD,20259791,악마는 프라다를 입는다 2,2026-04-29,313116700,31.4,-40285180,-11.4,10120661370,31480,-4029,-11.3,1026104,1173,3792,2026-05-07,2026-08-15 16:00:48
2,0,OLD,20254121,살목지,2026-04-08,185687020,18.6,-27340090,-12.8,29436401940,18283,-2705,-12.9,2875445,929,2748,2026-05-07,2026-08-15 16:00:48
3,0,OLD,20259773,슈퍼 마리오 갤럭시,2026-04-29,101582780,10.2,-27666410,-21.4,10937997390,10471,-3052,-22.6,1134673,880,2003,2026-05-07,2026-08-15 16:00:48
4,0,OLD,20261782,프로젝트 헤일메리,2026-03-18,98177580,9.8,-7817810,-7.4,30846589690,8492,-789,-8.5,2724416,543,859,2026-05-07,2026-08-15 16:00:48
5,0,NEW,20259626,마이클,2026-05-13,73401000,7.4,73401000,100.0,144057000,8113,8113,100.0,15115,45,45,2026-05-07,2026-08-15 16:00:48
6,-1,OLD,20240532,짱구,2026-04-22,49583740,5.0,-15311530,-23.6,3349947380,5142,-1939,-27.4,345347,457,734,2026-05-07,2026-08-15 16:00:48
7,-1,OLD,20242837,왕과 사는 남자,2026-02-04,34783450,3.5,4633650,15.4,162276286850,3922,623,18.9,16810754,361,494,2026-05-07,2026-08-15 16:00:48
8,0,OLD,20262685,란 12.3,2026-04-22,22746200,2.3,1707900,8.1,2192213500,2431,204,9.2,219462,275,381,2026-05-07,2026-08-15 16:00:48
9,-2,OLD,20262947,모탈 컴뱃 2,2026-05-06,17902650,1.8,-9760600,-35.3,47059900,1706,-837,-32.9,4415,358,515,2026-05-07,2026-08-15 16:00:48
10,1,OLD,20247648,내 이름은,2026-04-15,13816050,1.4,-1926850,-12.2,1783961130,1592,-153,-8.8,199603,126,167,2026-05-07,2026-08-15 16:00:48
1,0,OLD,20259791,악마는 프라다를 입는다 2,2026-04-29,439076090,33.8,125959390,40.2,10559737460,42875,11395,36.2,1068979,1182,4046,2026-05-08,2026-08-15 16:00:28
2,0,OLD,20254121,살목지,2026-04-08,276930830,21.3,91243810,49.1,29713332770,26377,8094,44.3,2901822,996,3233,2026-05-08,2026-08-15 16:00:28
3,0,OLD,20259773,슈퍼 마리오 갤럭시,2026-04-29,168721020,13.0,67138240,66.1,11106718410,17524,7053,67.4,1152197,924,2350,2026-05-08,2026-08-15 16:00:28
4,0,OLD,20261782,프로젝트 헤일메리,2026-03-18,151858280,11.7,53680700,54.7,30998447970,12485,3993,47.0,2736901,568,955,2026-05-08,2026-08-15 16:00:28
5,1,OLD,20240532,짱구,2026-04-22,61352800,4.7,11769060,23.7,3411300180,6118,976,19.0,351465,473,813,2026-05-08,2026-08-15 16:00:28
6,1,OLD,20242837,왕과 사는 남자,2026-02-04,54004050,4.2,19220600,55.3,162330290900,5823,1901,48.5,16816577,424,598,2026-05-08,2026-08-15 16:00:28
7,1,OLD,20262685,란 12.3,2026-04-22,24332350,1.9,1586150,7.0,2216545850,2393,-38,-1.6,221855,301,414,2026-05-08,2026-08-15 16:00:28
8,1,OLD,20262947,모탈 컴뱃 2,2026-05-06,24040050,1.9,6137400,34.3,71099950,2135,429,25.1,6550,362,526,2026-05-08,2026-08-15 16:00:28
9,1,OLD,20247648,내 이름은,2026-04-15,17033600,1.3,3217550,23.3,1800994730,2056,464,29.1,201659,106,144,2026-05-08,2026-08-15 16:00:28
10,2,OLD,20262775,기동전사 건담: 섬광의 하사웨이 키르케의 마녀,2026-04-22,6347700,0.5,-754900,-10.6,485148900,757,-219,-22.4,39306,52,58,2026-05-08,2026-08-15 16:00:28
1,0,OLD,20259791,악마는 프라다를 입는다 2,2026-04-29,880958490,27.9,441882400,100.6,11440695950,84302,41427,96.6,1153281,1162,4165,2026-05-09,2026-08-15 16:00:27
2,1,OLD,20259773,슈퍼 마리오 갤럭시,2026-04-29,817825580,25.9,649104560,384.7,11924543990,84026,66502,379.5,1236223,1435,4789,2026-05-09,2026-08-15 16:00:27
3,-1,OLD,20254121,살목지,2026-04-08,672255250,21.3,395324420,142.8,30385588020,64731,38354,145.4,2966553,1083,3863,2026-05-09,2026-08-15 16:00:27
4,0,OLD,20261782,프로젝트 헤일메리,2026-03-18,319634340,10.1,167776060,110.5,31318082310,25296,12811,102.6,2762197,605,1107,2026-05-09,2026-08-15 16:00:27
5,0,OLD,20240532,짱구,2026-04-22,132699780,4.2,71346980,116.3,3543999960,12913,6795,111.1,364378,498,900,2026-05-09,2026-08-15 16:00:27
6,0,OLD,20242837,왕과 사는 남자,2026-02-04,87749830,2.8,33745780,62.5,162418040730,8658,2835,48.7,16825235,400,596,2026-05-09,2026-08-15 16:00:27
7,0,OLD,20262685,란 12.3,2026-04-22,43943760,1.4,19611410,80.6,2260489610,4322,1929,80.6,226177,305,405,2026-05-09,2026-08-15 16:00:27
8,0,OLD,20262947,모탈 컴뱃 2,2026-05-06,37534140,1.2,13494090,56.1,108634090,3159,1024,48.0,9709,365,447,2026-05-09,2026-08-15 16:00:27
9,0,OLD,20247648,내 이름은,2026-04-15,13772500,0.4,-3261100,-19.1,1814767230,1545,-511,-24.9,203204,104,127,2026-05-09,2026-08-15 16:00:27
10,2,OLD,20261943,올 그린스,2026-05-06,11126200,0.4,4537400,68.9,45345750,1228,485,65.3,5847,120,147,2026-05-09,2026-08-15 16:00:27
1,1,OLD,20259773,슈퍼 마리오 갤럭시,2026-04-29,799922360,28.9,-17903220,-2.2,12724466350,82482,-1544,-1.8,1318705,1422,4618,2026-05-10,2026-08-15 16:00:26
2,-1,OLD,20259791,악마는 프라다를 입는다 2,2026-04-29,709762320,25.6,-171196170,-19.4,12150458270,68336,-15966,-18.9,1221617,1132,3898,2026-05-10,2026-08-15 16:00:26
3,0,OLD,20254121,살목지,2026-04-08,581454750,21.0,-90800500,-13.5,30967042770,56204,-8527,-13.2,3022757,1088,3653,2026-05-10,2026-08-15 16:00:26
4,0,OLD,20261782,프로젝트 헤일메리,2026-03-18,257972810,9.3,-61661530,-19.3,31576055120,20769,-4527,-17.9,2782966,608,1047,2026-05-10,2026-08-15 16:00:26
5,0,OLD,20240532,짱구,2026-04-22,125904100,4.5,-6795680,-5.1,3669904060,12231,-682,-5.3,376609,494,869,2026-05-10,2026-08-15 16:00:26
6,0,OLD,20242837,왕과 사는 남자,2026-02-04,83398400,3.0,-4351430,-5.0,162501439130,8286,-372,-4.3,16833521,385,566,2026-05-10,2026-08-15 16:00:26
7,0,OLD,20262685,란 12.3,2026-04-22,41936150,1.5,-2007610,-4.6,2302425760,4210,-112,-2.6,230387,297,398,2026-05-10,2026-08-15 16:00:26
8,0,OLD,20262947,모탈 컴뱃 2,2026-05-06,27477950,1.0,-10056190,-26.8,136112040,2340,-819,-25.9,12049,335,404,2026-05-10,2026-08-15 16:00:26
9,0,OLD,20247648,내 이름은,2026-04-15,13356750,0.5,-415750,-3.0,1828123980,1540,-5,-0.3,204744,97,122,2026-05-10,2026-08-15 16:00:26
10,1,OLD,20262775,기동전사 건담: 섬광의 하사웨이 키르케의 마녀,2026-04-22,8243550,0.3,-2494900,-23.2,504130900,819,-330,-28.7,41274,50,53,2026-05-10,2026-08-15 16:00:26
1,1,OLD,20259791,악마는 프라다를 입는다 2,2026-04-29,250692610,34.1,-459069710,-64.7,12401150880,24856,-43480,-63.6,1246473,1079,3498,2026-05-11,2026-08-15 16:00:14
2,1,OLD,20254121,살목지,2026-04-08,149637230,20.4,-431817520,-74.3,31116680000,14561,-41643,-74.1,3037318,878,2641,2026-05-11,2026-08-15 16:00:14
3,-2,OLD,20259773,슈퍼 마리오 갤럭시,2026-04-29,72856350,9.9,-727066010,-90.9,12797322700,7191,-75291,-91.3,1325896,733,1685,2026-05-11,2026-08-15 16:00:14
4,0,OLD,20261782,프로젝트 헤일메리,2026-03-18,86328020,11.7,-171644790,-66.5,31662383140,7049,-13720,-66.1,2790015,546,934,2026-05-11,2026-08-15 16:00:14
5,0,OLD,20240532,짱구,2026-04-22,43781220,6.0,-82122880,-65.2,3713685280,4447,-7784,-63.6,381056,429,785,2026-05-11,2026-08-15 16:00:14
6,0,OLD,20242837,왕과 사는 남자,2026-02-04,31877200,4.3,-51521200,-61.8,162533316330,3446,-4840,-58.4,16836967,372,555,2026-05-11,2026-08-15 16:00:14
7,0,OLD,20262685,란 12.3,2026-04-22,15206950,2.1,-26729200,-63.7,2317632710,1590,-2620,-62.2,231977,271,360,2026-05-11,2026-08-15 16:00:14
8,5,OLD,20259626,마이클,2026-05-13,16200000,2.2,3348000,26.1,188341000,1506,750,99.2,18371,4,4,2026-05-11,2026-08-15 16:00:14
9,-1,OLD,20262947,모탈 컴뱃 2,2026-05-06,12540250,1.7,-14937700,-54.4,148652290,1168,-1172,-50.1,13217,314,410,2026-05-11,2026-08-15 16:00:14
10,-1,OLD,20247648,내 이름은,2026-04-15,8243200,1.1,-5113550,-38.3,1836367180,896,-644,-41.8,205640,99,128,2026-05-11,2026-08-15 16:00:14
1,0,OLD,20259791,악마는 프라다를 입는다 2,2026-04-29,233015130,32.0,-17677480,-7.1,12634166010,23289,-1567,-6.3,1269762,1099,3484,2026-05-12,2026-08-15 16:00:07
2,0,OLD,20254121,살목지,2026-04-08,135801390,18.7,-13835840,-9.2,31252481390,13398,-1163,-8.0,3050716,891,2632,2026-05-12,2026-08-15 16:00:07
3,1,OLD,20261782,프로젝트 헤일메리,2026-03-18,92794180,12.8,6466160,7.5,31755177320,7512,463,6.6,2797527,545,961,2026-05-12,2026-08-15 16:00:07
4,-1,OLD,20259773,슈퍼 마리오 갤럭시,2026-04-29,72908300,10.0,51950,0.1,12870231000,7350,159,2.2,1333246,730,1641,2026-05-12,2026-08-15 16:00:07
5,1,OLD,20242837,왕과 사는 남자,2026-02-04,42324220,5.8,10447020,32.8,162575640550,4875,1429,41.5,16841842,398,592,2026-05-12,2026-08-15 16:00:07
6,-1,OLD,20240532,짱구,2026-04-22,41101850,5.7,-2679370,-6.1,3754787130,4170,-277,-6.2,385226,436,791,2026-05-12,2026-08-15 16:00:07
7,0,OLD,20262685,란 12.3,2026-04-22,22971150,3.2,7764200,51.1,2340603860,2566,976,61.4,234543,275,375,2026-05-12,2026-08-15 16:00:07
8,1,OLD,20262947,모탈 컴뱃 2,2026-05-06,12890900,1.8,350650,2.8,161543190,1216,48,4.1,14433,316,404,2026-05-12,2026-08-15 16:00:07
9,1,OLD,20247648,내 이름은,2026-04-15,8668500,1.2,425300,5.2,1845035680,1069,173,19.3,206709,103,136,2026-05-12,2026-08-15 16:00:07
10,2,OLD,20261943,올 그린스,2026-05-06,4909500,0.7,396900,8.8,62722550,554,70,14.5,7695,107,139,2026-05-12,2026-08-15 16:00:07
1,19,OLD,20259626,마이클,2026-05-13,1048765650,55.2,1046770650,52469.7,1239101650,99902,99687,46366.0,118488,1734,6157,2026-05-13,2026-08-15 16:00:06
2,-1,OLD,20259791,악마는 프라다를 입는다 2,2026-04-29,292037450,15.4,59022320,25.3,12926203460,29970,6681,28.7,1299732,817,2285,2026-05-13,2026-08-15 16:00:06
3,-1,OLD,20254121,살목지,2026-04-08,158754100,8.4,22952710,16.9,31411235490,16441,3043,22.7,3067157,728,1841,2026-05-13,2026-08-15 16:00:06
4,-1,OLD,20261782,프로젝트 헤일메리,2026-03-18,70766810,3.7,-22027370,-23.7,31825944130,7048,-464,-6.2,2804575,356,495,2026-05-13,2026-08-15 16:00:06
5,-1,OLD,20259773,슈퍼 마리오 갤럭시,2026-04-29,59740620,3.1,-13167680,-18.1,12929971620,6561,-789,-10.7,1339807,519,838,2026-05-13,2026-08-15 16:00:06
6,-1,OLD,20242837,왕과 사는 남자,2026-02-04,37597000,2.0,-4727220,-11.2,162613237550,4625,-250,-5.1,16846467,266,335,2026-05-13,2026-08-15 16:00:06
7,0,NEW,20252801,교생실습,2026-05-13,32963550,1.7,32963550,100.0,48736550,3707,3707,100.0,5801,253,394,2026-05-13,2026-08-15 16:00:06
8,-2,OLD,20240532,짱구,2026-04-22,30379100,1.6,-10722750,-26.1,3785166230,3306,-864,-20.7,388532,324,445,2026-05-13,2026-08-15 16:00:06
9,0,NEW,20040695,이프 온리,2004-10-29,30361050,1.6,30361050,100.0,6983325760,2988,2988,100.0,1040634,223,309,2026-05-13,2026-08-15 16:00:06
10,0,NEW,20194376,탑건: 매버릭,2022-06-22,27551250,1.5,27551250,100.0,88564987444,2718,2718,100.0,8252163,111,174,2026-05-13,2026-08-15 16:00:06
1,0,OLD,20259626,마이클,2026-05-13,653730300,46.9,-395035350,-37.7,1892831950,59035,-40867,-40.9,177523,1687,5731,2026-05-14,2026-08-15 15:59:46
2,0,OLD,20259791,악마는 프라다를 입는다 2,2026-04-29,252564470,18.1,-39472980,-13.5,13178767930,23909,-6061,-20.2,1323641,826,2301,2026-05-14,2026-08-15 15:59:46
3,0,OLD,20254121,살목지,2026-04-08,124792170,9.0,-33961930,-21.4,31536027660,11588,-4853,-29.5,3078745,715,1763,2026-05-14,2026-08-15 15:59:46
4,1,OLD,20259773,슈퍼 마리오 갤럭시,2026-04-29,57093380,4.1,-2647240,-4.4,12987065000,6117,-444,-6.8,1345924,515,805,2026-05-14,2026-08-15 15:59:46
5,-1,OLD,20261782,프로젝트 헤일메리,2026-03-18,56127050,4.0,-14639760,-20.7,31882071180,5192,-1856,-26.3,2809767,381,519,2026-05-14,2026-08-15 15:59:46
6,0,OLD,20242837,왕과 사는 남자,2026-02-04,33632950,2.4,-3964050,-10.5,162646870500,3739,-886,-19.2,16850206,261,326,2026-05-14,2026-08-15 15:59:46
7,0,OLD,20252801,교생실습,2026-05-13,24873900,1.8,-8089650,-24.5,73610450,3484,-223,-6.0,9285,237,396,2026-05-14,2026-08-15 15:59:46
8,0,OLD,20240532,짱구,2026-04-22,27491600,2.0,-2887500,-9.5,3812657830,2885,-421,-12.7,391417,296,407,2026-05-14,2026-08-15 15:59:46
9,0,OLD,20040695,이프 온리,2004-10-29,27762100,2.0,-2598950,-8.6,7011087860,2474,-514,-17.2,1043108,231,320,2026-05-14,2026-08-15 15:59:46
10,0,OLD,20194376,탑건: 매버릭,2022-06-22,25112800,1.8,-2438450,-8.9,88590100244,2087,-631,-23.2,8254250,125,198,2026-05-14,2026-08-15 15:59:46
1,0,OLD,20259626,마이클,2026-05-13,1011694630,49.3,357964330,54.8,2904526580,86922,27887,47.2,264445,1718,6216,2026-05-15,2026-08-15 15:59:25
2,0,OLD,20259791,악마는 프라다를 입는다 2,2026-04-29,335660670,16.4,83096200,32.9,13514428600,30518,6609,27.6,1354159,843,2487,2026-05-15,2026-08-15 15:59:25
3,0,OLD,20254121,살목지,2026-04-08,221876930,10.8,97084760,77.8,31757904590,20009,8421,72.7,3098754,743,2011,2026-05-15,2026-08-15 15:59:25
4,0,OLD,20259773,슈퍼 마리오 갤럭시,2026-04-29,90325930,4.4,33232550,58.2,13077390930,9229,3112,50.9,1355153,579,944,2026-05-15,2026-08-15 15:59:25
5,0,OLD,20261782,프로젝트 헤일메리,2026-03-18,92849590,4.5,36722540,65.4,31974920770,8386,3194,61.5,2818153,414,598,2026-05-15,2026-08-15 15:59:25
6,0,OLD,20242837,왕과 사는 남자,2026-02-04,39141120,1.9,5508170,16.4,162686011620,4155,416,11.1,16854361,276,346,2026-05-15,2026-08-15 15:59:25
7,0,OLD,20252801,교생실습,2026-05-13,27754250,1.4,2880350,11.6,101364700,3378,-106,-3.0,12663,240,385,2026-05-15,2026-08-15 15:59:25
8,1,OLD,20040695,이프 온리,2004-10-29,37642710,1.8,9880610,35.6,7048730570,3187,713,28.8,1046295,231,328,2026-05-15,2026-08-15 15:59:25
9,-1,OLD,20240532,짱구,2026-04-22,31154620,1.5,3663020,13.3,3843812450,3080,195,6.8,394497,306,438,2026-05-15,2026-08-15 15:59:25
10,0,OLD,20194376,탑건: 매버릭,2022-06-22,39314500,1.9,14201700,56.6,88629414744,3061,974,46.7,8257311,131,204,2026-05-15,2026-08-15 15:59:25
1,0,OLD,20259626,마이클,2026-05-13,2384957140,51.9,1373262510,135.7,5289483720,204422,117500,135.2,468867,1696,6808,2026-05-16,2026-08-15 15:59:07
2,2,OLD,20259773,슈퍼 마리오 갤럭시,2026-04-29,559033840,12.2,468707910,518.9,13636424770,55266,46037,498.8,1410419,902,2198,2026-05-16,2026-08-15 15:59:07
3,-1,OLD,20259791,악마는 프라다를 입는다 2,2026-04-29,562367290,12.2,226706620,67.5,14076795890,49883,19365,63.5,1404042,870,2621,2026-05-16,2026-08-15 15:59:07
4,-1,OLD,20254121,살목지,2026-04-08,432101080,9.4,210224150,94.7,32190005670,38823,18814,94.0,3137577,751,2170,2026-05-16,2026-08-15 15:59:07
5,0,OLD,20261782,프로젝트 헤일메리,2026-03-18,180963400,3.9,88113810,94.9,32155884170,15867,7481,89.2,2834020,437,623,2026-05-16,2026-08-15 15:59:07
6,4,OLD,20194376,탑건: 매버릭,2022-06-22,90978610,2.0,51664110,131.4,88720393354,7199,4138,135.2,8264510,133,207,2026-05-16,2026-08-15 15:59:07
7,0,OLD,20252801,교생실습,2026-05-13,47693350,1.0,19939100,71.8,149058050,5250,1872,55.4,17913,237,350,2026-05-16,2026-08-15 15:59:07
8,1,OLD,20240532,짱구,2026-04-22,49866370,1.1,18711750,60.1,3893678820,4684,1604,52.1,399181,284,408,2026-05-16,2026-08-15 15:59:07
9,-3,OLD,20242837,왕과 사는 남자,2026-02-04,49144000,1.1,10002880,25.6,162735155620,4664,509,12.3,16859025,249,328,2026-05-16,2026-08-15 15:59:07
10,-2,OLD,20040695,이프 온리,2004-10-29,51651810,1.1,14009100,37.2,7100382380,4475,1288,40.4,1050770,232,291,2026-05-16,2026-08-15 15:59:07
1,0,OLD,20259626,마이클,2026-05-13,2041192250,50.9,-343764890,-14.4,7330675970,179025,-25397,-12.4,647892,1661,6416,2026-05-17,2026-08-15 15:59:06
2,0,OLD,20259773,슈퍼 마리오 갤럭시,2026-04-29,597054380,14.9,38020540,6.8,14233479150,59067,3801,6.9,1469486,903,2169,2026-05-17,2026-08-15 15:59:06
3,0,OLD,20259791,악마는 프라다를 입는다 2,2026-04-29,450656330,11.2,-111710960,-19.9,14527452220,40144,-9739,-19.5,1444186,847,2516,2026-05-17,2026-08-15 15:59:06
4,0,OLD,20254121,살목지,2026-04-08,353002090,8.8,-79098990,-18.3,32543007760,32131,-6692,-17.2,3169708,743,2010,2026-05-17,2026-08-15 15:59:06
5,0,OLD,20261782,프로젝트 헤일메리,2026-03-18,146776040,3.7,-34187360,-18.9,32302660210,13124,-2743,-17.3,2847144,424,598,2026-05-17,2026-08-15 15:59:06
6,0,OLD,20194376,탑건: 매버릭,2022-06-22,74198600,1.8,-16780010,-18.4,88794591954,6030,-1169,-16.2,8270540,135,195,2026-05-17,2026-08-15 15:59:06
7,2,OLD,20242837,왕과 사는 남자,2026-02-04,50713170,1.3,1569170,3.2,162785868790,4854,190,4.1,16863879,252,330,2026-05-17,2026-08-15 15:59:06
8,2,OLD,20040695,이프 온리,2004-10-29,55535390,1.4,3883580,7.5,7155917770,4820,345,7.7,1055590,242,302,2026-05-17,2026-08-15 15:59:06
9,-1,OLD,20240532,짱구,2026-04-22,49453400,1.2,-412970,-0.8,3943132220,4676,-8,-0.2,403857,284,407,2026-05-17,2026-08-15 15:59:06
10,-3,OLD,20252801,교생실습,2026-05-13,36358800,0.9,-11334550,-23.8,185416850,4109,-1141,-21.7,22022,237,340,2026-05-17,2026-08-15 15:59:06
1,0,OLD,20259626,마이클,2026-05-13,479831820,47.6,-1561360430,-76.5,7810507790,43653,-135372,-75.6,691545,1534,5202,2026-05-18,2026-08-15 15:59:06
2,1,OLD,20259791,악마는 프라다를 입는다 2,2026-04-29,151073870,15.0,-299582460,-66.5,14678526090,14277,-25867,-64.4,1458463,774,2200,2026-05-18,2026-08-15 15:59:06
3,1,OLD,20254121,살목지,2026-04-08,95426650,9.5,-257575440,-73.0,32638434410,8793,-23338,-72.6,3178501,622,1583,2026-05-18,2026-08-15 15:59:06
4,1,OLD,20261782,프로젝트 헤일메리,2026-03-18,43297140,4.3,-103478900,-70.5,32345957350,3965,-9159,-69.8,2851109,391,580,2026-05-18,2026-08-15 15:59:06
5,-3,OLD,20259773,슈퍼 마리오 갤럭시,2026-04-29,36799980,3.6,-560254400,-93.8,14270279130,3642,-55425,-93.8,1473128,444,685,2026-05-18,2026-08-15 15:59:06
6,0,NEW,20248252,와일드 씽,2026-06-03,22216000,2.2,22216000,100.0,24210000,2440,2440,100.0,2652,8,9,2026-05-18,2026-08-15 15:59:06
7,0,OLD,20242837,왕과 사는 남자,2026-02-04,22702700,2.2,-28010470,-55.2,162808571490,2426,-2428,-50.0,16866305,261,348,2026-05-18,2026-08-15 15:59:06
8,0,NEW,20252402,군체,2026-05-21,20498000,2.0,20498000,100.0,24308000,1941,1941,100.0,2347,9,9,2026-05-18,2026-08-15 15:59:06
9,-1,OLD,20040695,이프 온리,2004-10-29,20203150,2.0,-35332240,-63.6,7176120920,1830,-2990,-62.0,1057420,210,290,2026-05-18,2026-08-15 15:59:06
10,-1,OLD,20240532,짱구,2026-04-22,17974100,1.8,-31479300,-63.7,3961106320,1790,-2886,-61.7,405647,264,364,2026-05-18,2026-08-15 15:59:06
1,0,OLD,20259626,마이클,2026-05-13,410908860,44.1,-68922960,-14.4,8221416650,38032,-5621,-12.9,729577,1526,5059,2026-05-19,2026-08-15 15:59:05
2,0,OLD,20259791,악마는 프라다를 입는다 2,2026-04-29,144264530,15.5,-6809340,-4.5,14822790620,13783,-494,-3.5,1472246,772,2174,2026-05-19,2026-08-15 15:59:05
3,0,OLD,20254121,살목지,2026-04-08,85084100,9.1,-10342550,-10.8,32723518510,7973,-820,-9.3,3186474,613,1541,2026-05-19,2026-08-15 15:59:05
4,1,OLD,20259773,슈퍼 마리오 갤럭시,2026-04-29,36829940,4.0,29960,0.1,14307109070,3890,248,6.8,1477018,442,666,2026-05-19,2026-08-15 15:59:05
5,-1,OLD,20261782,프로젝트 헤일메리,2026-03-18,41028280,4.4,-2268860,-5.2,32386985630,3750,-215,-5.4,2854859,401,578,2026-05-19,2026-08-15 15:59:05
6,1,OLD,20242837,왕과 사는 남자,2026-02-04,26663250,2.9,3960550,17.4,162835234740,3014,588,24.2,16869319,261,353,2026-05-19,2026-08-15 15:59:05
7,3,OLD,20240532,짱구,2026-04-22,19875800,2.1,1901700,10.6,3980982120,2144,354,19.8,407791,265,366,2026-05-19,2026-08-15 15:59:05
8,0,OLD,20252402,군체,2026-05-21,21062000,2.3,564000,2.8,45370000,1953,12,0.6,4300,9,9,2026-05-19,2026-08-15 15:59:05
9,0,OLD,20040695,이프 온리,2004-10-29,20509050,2.2,305900,1.5,7196629970,1833,3,0.2,1059253,211,291,2026-05-19,2026-08-15 15:59:05
10,1,OLD,20194376,탑건: 매버릭,2022-06-22,21837720,2.3,1541800,7.6,88836725594,1830,149,8.9,8274051,130,184,2026-05-19,2026-08-15 15:59:05
1,0,OLD,20259626,마이클,2026-05-13,522751410,38.7,111842550,27.2,8744168060,48844,10812,28.4,778421,1563,5288,2026-05-20,2026-08-15 15:59:04
2,0,OLD,20259791,악마는 프라다를 입는다 2,2026-04-29,169166720,12.5,24902190,17.3,14991957340,15939,2156,15.6,1488185,752,2137,2026-05-20,2026-08-15 15:59:04
3,5,OLD,20252402,군체,2026-05-21,135623000,10.0,114561000,543.9,180993000,14212,12259,627.7,18512,68,70,2026-05-20,2026-08-15 15:59:04
4,0,NEW,20262975,신극장판 은혼: 요시와라 대염상,2026-05-20,131275280,9.7,131275280,100.0,152998450,11687,11687,100.0,13475,440,901,2026-05-20,2026-08-15 15:59:04
5,-2,OLD,20254121,살목지,2026-04-08,101787700,7.5,16703600,19.6,32825306210,9620,1647,20.7,3196094,644,1560,2026-05-20,2026-08-15 15:59:04
6,-1,OLD,20261782,프로젝트 헤일메리,2026-03-18,52963600,3.9,11935320,29.1,32439949230,4949,1199,32.0,2859808,370,537,2026-05-20,2026-08-15 15:59:04
7,-3,OLD,20259773,슈퍼 마리오 갤럭시,2026-04-29,34344910,2.5,-2485030,-6.7,14341453980,3741,-149,-3.8,1480759,392,531,2026-05-20,2026-08-15 15:59:04
8,0,NEW,20263344,너바나 더 밴드 : 전설적 밴드 ‘너바나’와는 별 관련 없는 ‘너바나 더 밴드’의 콤비 맷과 제이. 어느 날 공연을 위해 타임머신을 만드는 황당한 작전을 세우고 처음 만났던 17년 전으로 돌,2026-05-20,41492300,3.1,41492300,100.0,57821300,3635,3635,100.0,5154,155,273,2026-05-20,2026-08-15 15:59:04
9,-3,OLD,20242837,왕과 사는 남자,2026-02-04,31056600,2.3,4393350,16.5,162866291340,3521,507,16.8,16872840,251,344,2026-05-20,2026-08-15 15:59:04
10,0,OLD,20194376,탑건: 매버릭,2022-06-22,22155540,1.6,317820,1.5,88858881134,1915,85,4.6,8275966,93,147,2026-05-20,2026-08-15 15:59:04
1,2,OLD,20252402,군체,2026-05-21,2134346400,74.6,1998723400,1473.7,2315339400,199762,185550,1305.6,218274,1964,8118,2026-05-21,2026-08-15 15:59:04
2,-1,OLD,20259626,마이클,2026-05-13,306013710,10.7,-216737700,-41.5,9050181770,29285,-19559,-40.0,807706,868,2623,2026-05-21,2026-08-15 15:59:04
3,-1,OLD,20259791,악마는 프라다를 입는다 2,2026-04-29,100808750,3.5,-68357970,-40.4,15092766090,9413,-6526,-40.9,1497598,529,1108,2026-05-21,2026-08-15 15:59:04
4,0,OLD,20262975,신극장판 은혼: 요시와라 대염상,2026-05-20,45314610,1.6,-85960670,-65.5,198313060,4093,-7594,-65.0,17568,373,603,2026-05-21,2026-08-15 15:59:04
5,0,NEW,20263253,극장판 내 마음의 위험한 녀석,2026-05-21,43427110,1.5,43427110,100.0,43427110,3895,3895,100.0,3895,115,205,2026-05-21,2026-08-15 15:59:04
6,0,NEW,20263363,리마인더스 오브 힘,2026-05-27,21000000,0.7,21000000,100.0,21000000,3000,3000,100.0,3000,17,17,2026-05-21,2026-08-15 15:59:04
7,-2,OLD,20254121,살목지,2026-04-08,32064850,1.1,-69722850,-68.5,32857371060,2914,-6706,-69.7,3199008,384,545,2026-05-21,2026-08-15 15:59:04
8,0,OLD,20263344,너바나 더 밴드 : 전설적 밴드 ‘너바나’와는 별 관련 없는 ‘너바나 더 밴드’의 콤비 맷과 제이. 어느 날 공연을 위해 타임머신을 만드는 황당한 작전을 세우고 처음 만났던 17년 전으로 돌,2026-05-20,31733050,1.1,-9759250,-23.5,89554350,2674,-961,-26.4,7828,133,212,2026-05-21,2026-08-15 15:59:04
9,-2,OLD,20259773,슈퍼 마리오 갤럭시,2026-04-29,19872600,0.7,-14472310,-42.1,14361326580,2518,-1223,-32.7,1483277,200,234,2026-05-21,2026-08-15 15:59:04
10,-1,OLD,20242837,왕과 사는 남자,2026-02-04,18803950,0.7,-12252650,-39.5,162885095290,2334,-1187,-33.7,16875174,137,161,2026-05-21,2026-08-15 15:59:04
1,0,OLD,20252402,군체,2026-05-21,2579467970,73.4,445121570,20.9,4894807370,230039,30277,15.2,448313,2026,8607,2026-05-22,2026-08-15 15:59:03
2,0,OLD,20259626,마이클,2026-05-13,463522440,13.2,157508730,51.5,9513704210,41008,11723,40.0,848714,874,2796,2026-05-22,2026-08-15 15:59:03
3,0,OLD,20259791,악마는 프라다를 입는다 2,2026-04-29,131440680,3.7,30631930,30.4,15224206770,11684,2271,24.1,1509282,544,1174,2026-05-22,2026-08-15 15:59:03
4,3,OLD,20254121,살목지,2026-04-08,56039500,1.6,23974650,74.8,32913410560,4841,1927,66.1,3203849,446,667,2026-05-22,2026-08-15 15:59:03
5,-1,OLD,20262975,신극장판 은혼: 요시와라 대염상,2026-05-20,56722090,1.6,11407480,25.2,255035150,4779,686,16.8,22347,378,607,2026-05-22,2026-08-15 15:59:03
6,3,OLD,20259773,슈퍼 마리오 갤럭시,2026-04-29,33194200,0.9,13321600,67.0,14394520780,3594,1076,42.7,1486871,237,288,2026-05-22,2026-08-15 15:59:03
7,1,OLD,20263344,너바나 더 밴드 : 전설적 밴드 ‘너바나’와는 별 관련 없는 ‘너바나 더 밴드’의 콤비 맷과 제이. 어느 날 공연을 위해 타임머신을 만드는 황당한 작전을 세우고 처음 만났던 17년 전으로 돌,2026-05-20,33818900,1.0,2085850,6.6,123373250,2850,176,6.6,10678,138,220,2026-05-22,2026-08-15 15:59:03
8,3,OLD,20261782,프로젝트 헤일메리,2026-03-18,30616450,0.9,11761730,62.4,32489420400,2654,953,56.0,2864163,181,221,2026-05-22,2026-08-15 15:59:03
9,-4,OLD,20263253,극장판 내 마음의 위험한 녀석,2026-05-21,29917080,0.9,-13510030,-31.1,73344190,2543,-1352,-34.7,6438,109,181,2026-05-22,2026-08-15 15:59:03
10,0,OLD,20242837,왕과 사는 남자,2026-02-04,14060700,0.4,-4743250,-25.2,162899155990,1500,-834,-35.7,16876674,129,150,2026-05-22,2026-08-15 15:59:03
1,0,OLD,20252402,군체,2026-05-21,5335378380,70.5,2755910410,106.8,10230185750,475783,245744,106.8,924096,2103,9523,2026-05-23,2026-08-15 15:59:03
2,0,OLD,20259626,마이클,2026-05-13,1168618310,15.4,705095870,152.1,10682322520,103652,62644,152.8,952366,856,2839,2026-05-23,2026-08-15 15:59:03
3,3,OLD,20259773,슈퍼 마리오 갤럭시,2026-04-29,247923560,3.3,214729360,646.9,14642444340,24347,20753,577.4,1511218,610,1039,2026-05-23,2026-08-15 15:59:03
4,-1,OLD,20259791,악마는 프라다를 입는다 2,2026-04-29,181320550,2.4,49879870,37.9,15405527320,15980,4296,36.8,1525262,521,931,2026-05-23,2026-08-15 15:59:03
5,0,OLD,20262975,신극장판 은혼: 요시와라 대염상,2026-05-20,133851900,1.8,77129810,136.0,388887050,11699,6920,144.8,34046,397,552,2026-05-23,2026-08-15 15:59:03
6,-2,OLD,20254121,살목지,2026-04-08,97702190,1.3,41662690,74.3,33011112750,8638,3797,78.4,3212487,414,560,2026-05-23,2026-08-15 15:59:03
7,0,NEW,20263222,극장판 호빵맨: 세균맨과 그림책의 루룬,2026-05-23,57552900,0.8,57552900,100.0,60359900,6708,6708,100.0,7109,221,372,2026-05-23,2026-08-15 15:59:03
8,0,OLD,20261782,프로젝트 헤일메리,2026-03-18,63618250,0.8,33001800,107.8,32553038650,5490,2836,106.9,2869653,171,211,2026-05-23,2026-08-15 15:59:03
9,-2,OLD,20263344,너바나 더 밴드 : 전설적 밴드 ‘너바나’와는 별 관련 없는 ‘너바나 더 밴드’의 콤비 맷과 제이. 어느 날 공연을 위해 타임머신을 만드는 황당한 작전을 세우고 처음 만났던 17년 전으로 돌,2026-05-20,61579400,0.8,27760500,82.1,184952650,5283,2433,85.4,15961,155,204,2026-05-23,2026-08-15 15:59:03
10,-1,OLD,20263253,극장판 내 마음의 위험한 녀석,2026-05-21,59098130,0.8,29181050,97.5,132442320,4873,2330,91.6,11311,124,182,2026-05-23,2026-08-15 15:59:03
1,0,OLD,20252402,군체,2026-05-21,6429675700,72.4,1094297320,20.5,16659861450,577520,101737,21.4,1501616,2110,9509,2026-05-24,2026-08-15 15:59:02
2,0,OLD,20259626,마이클,2026-05-13,1372312100,15.5,203693790,17.4,12054634620,122847,19195,18.5,1075213,922,2924,2026-05-24,2026-08-15 15:59:02
3,0,OLD,20259773,슈퍼 마리오 갤럭시,2026-04-29,282533780,3.2,34610220,14.0,14924978120,27591,3244,13.3,1538809,621,1059,2026-05-24,2026-08-15 15:59:02
4,0,OLD,20259791,악마는 프라다를 입는다 2,2026-04-29,191649900,2.2,10329350,5.7,15597177220,16996,1016,6.4,1542258,524,904,2026-05-24,2026-08-15 15:59:02
5,1,OLD,20254121,살목지,2026-04-08,113065900,1.3,15363710,15.7,33124178650,9998,1360,15.7,3222485,404,565,2026-05-24,2026-08-15 15:59:02
6,-1,OLD,20262975,신극장판 은혼: 요시와라 대염상,2026-05-20,98825670,1.1,-35026230,-26.2,487712720,8702,-2997,-25.6,42748,375,525,2026-05-24,2026-08-15 15:59:02
7,1,OLD,20261782,프로젝트 헤일메리,2026-03-18,80397000,0.9,16778750,26.4,32633435650,6975,1485,27.0,2876628,170,207,2026-05-24,2026-08-15 15:59:02
8,-1,OLD,20263222,극장판 호빵맨: 세균맨과 그림책의 루룬,2026-05-23,47976700,0.5,-9576200,-16.6,108336600,5355,-1353,-20.2,12464,220,354,2026-05-24,2026-08-15 15:59:02
9,0,OLD,20263344,너바나 더 밴드 : 전설적 밴드 ‘너바나’와는 별 관련 없는 ‘너바나 더 밴드’의 콤비 맷과 제이. 어느 날 공연을 위해 타임머신을 만드는 황당한 작전을 세우고 처음 만났던 17년 전으로 돌,2026-05-20,53486500,0.6,-8092900,-13.1,238439150,4591,-692,-13.1,20552,153,196,2026-05-24,2026-08-15 15:59:02
10,0,OLD,20263253,극장판 내 마음의 위험한 녀석,2026-05-21,54555100,0.6,-4543030,-7.7,186997420,4429,-444,-9.1,15740,124,181,2026-05-24,2026-08-15 15:59:02
1,0,OLD,20252402,군체,2026-05-21,5669413710,71.0,-760261990,-11.8,22329275160,516987,-60533,-10.5,2018603,2060,9008,2026-05-25,2026-08-15 15:59:01
2,0,OLD,20259626,마이클,2026-05-13,1189096280,14.9,-183215820,-13.4,13243730900,109377,-13470,-11.0,1184590,901,2773,2026-05-25,2026-08-15 15:59:01
3,0,OLD,20259773,슈퍼 마리오 갤럭시,2026-04-29,386686540,4.8,104152760,36.9,15311664660,38095,10504,38.1,1576904,585,1027,2026-05-25,2026-08-15 15:59:01
4,0,OLD,20259791,악마는 프라다를 입는다 2,2026-04-29,181207340,2.3,-10442560,-5.4,15778384560,16318,-678,-4.0,1558576,495,842,2026-05-25,2026-08-15 15:59:01
5,0,OLD,20254121,살목지,2026-04-08,90076350,1.1,-22989550,-20.3,33214255000,8147,-1851,-18.5,3230632,384,514,2026-05-25,2026-08-15 15:59:01
6,0,OLD,20262975,신극장판 은혼: 요시와라 대염상,2026-05-20,81767710,1.0,-17057960,-17.3,569480430,7308,-1394,-16.0,50056,368,501,2026-05-25,2026-08-15 15:59:01
7,0,OLD,20261782,프로젝트 헤일메리,2026-03-18,76218220,1.0,-4178780,-5.2,32709653870,6880,-95,-1.4,2883508,176,209,2026-05-25,2026-08-15 15:59:01
8,0,OLD,20263222,극장판 호빵맨: 세균맨과 그림책의 루룬,2026-05-23,61517600,0.8,13540900,28.2,169854200,6682,1327,24.8,19146,221,350,2026-05-25,2026-08-15 15:59:01
9,0,OLD,20263344,너바나 더 밴드 : 전설적 밴드 ‘너바나’와는 별 관련 없는 ‘너바나 더 밴드’의 콤비 맷과 제이. 어느 날 공연을 위해 타임머신을 만드는 황당한 작전을 세우고 처음 만났던 17년 전으로 돌,2026-05-20,67013600,0.8,13527100,25.3,305452750,5652,1061,23.1,26204,153,201,2026-05-25,2026-08-15 15:59:01
10,1,OLD,20242837,왕과 사는 남자,2026-02-04,27949860,0.3,2013260,7.8,162971925860,2802,299,11.9,16883799,117,144,2026-05-25,2026-08-15 15:59:01
1,0,OLD,20252402,군체,2026-05-21,1585100740,76.8,-4084312970,-72.0,23914375900,150488,-366499,-70.9,2169091,1858,7855,2026-05-26,2026-08-15 15:59:01
2,0,OLD,20259626,마이클,2026-05-13,212201670,10.3,-976894610,-82.2,13455932570,20593,-88784,-81.2,1205183,809,2436,2026-05-26,2026-08-15 15:59:01
3,1,OLD,20259791,악마는 프라다를 입는다 2,2026-04-29,62754630,3.0,-118452710,-65.4,15841139190,5821,-10497,-64.3,1564397,487,992,2026-05-26,2026-08-15 15:59:01
4,5,OLD,20263344,너바나 더 밴드 : 전설적 밴드 ‘너바나’와는 별 관련 없는 ‘너바나 더 밴드’의 콤비 맷과 제이. 어느 날 공연을 위해 타임머신을 만드는 황당한 작전을 세우고 처음 만났던 17년 전으로 돌,2026-05-20,37500550,1.8,-29513050,-44.0,342953300,3192,-2460,-43.5,29396,142,211,2026-05-26,2026-08-15 15:59:01
5,0,OLD,20254121,살목지,2026-04-08,24665900,1.2,-65410450,-72.6,33238920900,2196,-5951,-73.0,3232828,331,464,2026-05-26,2026-08-15 15:59:01
6,1,OLD,20261782,프로젝트 헤일메리,2026-03-18,23103620,1.1,-53114600,-69.7,32732757490,2107,-4773,-69.4,2885615,198,268,2026-05-26,2026-08-15 15:59:01
7,-1,OLD,20262975,신극장판 은혼: 요시와라 대염상,2026-05-20,21791930,1.1,-59975780,-73.3,591272360,2006,-5302,-72.6,52062,335,471,2026-05-26,2026-08-15 15:59:01
8,-5,OLD,20259773,슈퍼 마리오 갤럭시,2026-04-29,11154100,0.5,-375532440,-97.1,15322818760,1198,-36897,-96.9,1578102,176,204,2026-05-26,2026-08-15 15:59:01
9,1,OLD,20242837,왕과 사는 남자,2026-02-04,10669250,0.5,-17280610,-61.8,162982595110,1181,-1621,-57.9,16884980,134,152,2026-05-26,2026-08-15 15:59:01
10,10,OLD,20262972,남태령,2026-05-20,5858650,0.3,2560250,77.6,41725250,706,361,104.6,4761,54,64,2026-05-26,2026-08-15 15:59:01
1,0,OLD,20252402,군체,2026-05-21,2017347160,58.1,432246420,27.3,25931723060,209405,58917,39.2,2378496,1813,6970,2026-05-27,2026-08-15 15:58:42
2,0,NEW,20263030,백룸,2026-05-27,527833890,15.2,527833890,100.0,535603890,54103,54103,100.0,54631,688,1609,2026-05-27,2026-08-15 15:58:42
3,-1,OLD,20259626,마이클,2026-05-13,339208030,9.8,127006360,59.9,13795140600,34487,13894,67.5,1239670,809,1879,2026-05-27,2026-08-15 15:58:42
4,0,NEW,20258236,만달로리안과 그로구,2026-05-27,290204530,8.4,290204530,100.0,314300530,26242,26242,100.0,27634,809,2103,2026-05-27,2026-08-15 15:58:42
5,-2,OLD,20259791,악마는 프라다를 입는다 2,2026-04-29,52984700,1.5,-9769930,-15.6,15894123890,5333,-488,-8.4,1569730,304,452,2026-05-27,2026-08-15 15:58:42
6,-2,OLD,20263344,너바나 더 밴드 : 전설적 밴드 ‘너바나’와는 별 관련 없는 ‘너바나 더 밴드’의 콤비 맷과 제이. 어느 날 공연을 위해 타임머신을 만드는 황당한 작전을 세우고 처음 만났던 17년 전으로 돌,2026-05-20,33738100,1.0,-3762450,-10.0,376691400,3533,341,10.7,32929,149,178,2026-05-27,2026-08-15 15:58:42
7,0,OLD,20262975,신극장판 은혼: 요시와라 대염상,2026-05-20,30452850,0.9,8660920,39.7,621725210,2935,929,46.3,54997,166,195,2026-05-27,2026-08-15 15:58:42
8,0,NEW,20258837,뒷자리에 태워줘,2026-05-27,19684900,0.6,19684900,100.0,36459100,2045,2045,100.0,3674,155,201,2026-05-27,2026-08-15 15:58:42
9,-3,OLD,20261782,프로젝트 헤일메리,2026-03-18,14555450,0.4,-8548170,-37.0,32747312940,1398,-709,-33.6,2887013,106,126,2026-05-27,2026-08-15 15:58:42
10,0,NEW,20263644,미세스 그린 애플 매지컬 10주년 기념 라이브 ~피오르드~ 온 스크린,2026-05-27,31975000,0.9,31975000,100.0,31975000,1279,1279,100.0,1279,21,21,2026-05-27,2026-08-15 15:58:42
1,0,OLD,20252402,군체,2026-05-21,1297081510,55.2,-720265650,-35.7,27228804570,125432,-83973,-40.1,2503928,1773,6887,2026-05-28,2026-08-15 15:58:41
2,0,OLD,20263030,백룸,2026-05-27,362902140,15.5,-164931750,-31.2,898506030,33233,-20870,-38.6,87864,716,1691,2026-05-28,2026-08-15 15:58:41
3,0,OLD,20259626,마이클,2026-05-13,193972910,8.3,-145235120,-42.8,13989113510,18579,-15908,-46.1,1258249,750,1805,2026-05-28,2026-08-15 15:58:41
4,0,OLD,20258236,만달로리안과 그로구,2026-05-27,142624350,6.1,-147580180,-50.9,456924880,12037,-14205,-54.1,39671,714,1720,2026-05-28,2026-08-15 15:58:41
5,0,NEW,20261766,상자 속의 양,2026-06-10,48672000,2.1,48672000,100.0,48672000,5408,5408,100.0,5408,32,32,2026-05-28,2026-08-15 15:58:41
6,0,NEW,20263521,카드캡터 체리 극장판,2026-05-28,47883110,2.0,47883110,100.0,47883110,4456,4456,100.0,4456,162,238,2026-05-28,2026-08-15 15:58:41
7,-2,OLD,20259791,악마는 프라다를 입는다 2,2026-04-29,38536350,1.6,-14448350,-27.3,15932660240,3695,-1638,-30.7,1573425,291,424,2026-05-28,2026-08-15 15:58:41
8,-2,OLD,20263344,너바나 더 밴드 : 전설적 밴드 ‘너바나’와는 별 관련 없는 ‘너바나 더 밴드’의 콤비 맷과 제이. 어느 날 공연을 위해 타임머신을 만드는 황당한 작전을 세우고 처음 만났던 17년 전으로 돌,2026-05-20,25996800,1.1,-7741300,-22.9,402688200,2275,-1258,-35.6,35204,139,171,2026-05-28,2026-08-15 15:58:41
9,0,NEW,20248252,와일드 씽,2026-06-03,17897000,0.8,17897000,100.0,46040000,1988,1988,100.0,5077,10,10,2026-05-28,2026-08-15 15:58:41
10,-2,OLD,20258837,뒷자리에 태워줘,2026-05-27,14032650,0.6,-5652250,-28.7,50491750,1634,-411,-20.1,5308,142,191,2026-05-28,2026-08-15 15:58:41
1,0,OLD,20252402,군체,2026-05-21,1976592280,56.5,679510770,52.4,29205396850,182224,56792,45.3,2686152,1854,7389,2026-05-29,2026-08-15 15:58:40
2,0,OLD,20263030,백룸,2026-05-27,657402110,18.8,294499970,81.2,1555908140,57805,24572,73.9,145669,773,1851,2026-05-29,2026-08-15 15:58:40
3,0,OLD,20259626,마이클,2026-05-13,261377230,7.5,67404320,34.7,14250490740,23414,4835,26.0,1281663,771,1811,2026-05-29,2026-08-15 15:58:40
4,0,OLD,20258236,만달로리안과 그로구,2026-05-27,191356780,5.5,48732430,34.2,648281660,15000,2963,24.6,54671,699,1670,2026-05-29,2026-08-15 15:58:40
5,88,OLD,20263512,이상한 과자 가게 전천당,2026-05-29,57947950,1.7,57887100,95130.8,80011150,6683,6677,111283.3,8630,485,738,2026-05-29,2026-08-15 15:58:40
6,3,OLD,20248252,와일드 씽,2026-06-03,61953000,1.8,44056000,246.2,107993000,6217,4229,212.7,11294,33,33,2026-05-29,2026-08-15 15:58:40
7,0,OLD,20259791,악마는 프라다를 입는다 2,2026-04-29,47553490,1.4,9017140,23.4,15980213730,4255,560,15.2,1577680,265,390,2026-05-29,2026-08-15 15:58:40
8,0,OLD,20263344,너바나 더 밴드 : 전설적 밴드 ‘너바나’와는 별 관련 없는 ‘너바나 더 밴드’의 콤비 맷과 제이. 어느 날 공연을 위해 타임머신을 만드는 황당한 작전을 세우고 처음 만났던 17년 전으로 돌,2026-05-20,31051750,0.9,5054950,19.4,433739950,2538,263,11.6,37742,138,166,2026-05-29,2026-08-15 15:58:40
9,1,OLD,20258837,뒷자리에 태워줘,2026-05-27,18367900,0.5,4335250,30.9,68859650,1715,81,5.0,7023,140,187,2026-05-29,2026-08-15 15:58:40
10,2,OLD,20262975,신극장판 은혼: 요시와라 대염상,2026-05-20,18956200,0.5,2544180,15.5,657093430,1628,125,8.3,58128,140,155,2026-05-29,2026-08-15 15:58:40
1,0,OLD,20252402,군체,2026-05-21,4520456510,57.2,2543864230,128.7,33725853360,423314,241090,132.3,3109466,1991,8490,2026-05-30,2026-08-15 15:58:39
2,0,OLD,20263030,백룸,2026-05-27,1442411690,18.3,785009580,119.4,2998319830,132437,74632,129.1,278106,909,2234,2026-05-30,2026-08-15 15:58:39
3,0,OLD,20259626,마이클,2026-05-13,645717010,8.2,384339780,147.0,14896207750,58073,34659,148.0,1339736,775,1789,2026-05-30,2026-08-15 15:58:39
4,0,OLD,20258236,만달로리안과 그로구,2026-05-27,429094260,5.4,237737480,124.2,1077375920,33808,18808,125.4,88479,687,1445,2026-05-30,2026-08-15 15:58:39
5,0,OLD,20263512,이상한 과자 가게 전천당,2026-05-29,229950070,2.9,172002120,296.8,309961220,24240,17557,262.7,32870,516,866,2026-05-30,2026-08-15 15:58:39
6,9,OLD,20259773,슈퍼 마리오 갤럭시,2026-04-29,121608290,1.5,112967990,1307.5,15469276670,12164,11114,1058.5,1593343,393,539,2026-05-30,2026-08-15 15:58:39
7,-1,OLD,20248252,와일드 씽,2026-06-03,45752760,0.6,-16200240,-26.1,153745760,4963,-1254,-20.2,16257,52,60,2026-05-30,2026-08-15 15:58:39
8,-1,OLD,20259791,악마는 프라다를 입는다 2,2026-04-29,46850140,0.6,-703350,-1.5,16027063870,4223,-32,-0.8,1581903,163,198,2026-05-30,2026-08-15 15:58:39
9,-1,OLD,20263344,너바나 더 밴드 : 전설적 밴드 ‘너바나’와는 별 관련 없는 ‘너바나 더 밴드’의 콤비 맷과 제이. 어느 날 공연을 위해 타임머신을 만드는 황당한 작전을 세우고 처음 만났던 17년 전으로 돌,2026-05-20,48306150,0.6,17254400,55.6,482046100,4201,1663,65.5,41943,132,153,2026-05-30,2026-08-15 15:58:39
10,3,OLD,20263222,극장판 호빵맨: 세균맨과 그림책의 루룬,2026-05-23,32217200,0.4,24169350,300.3,217643800,4012,2674,199.9,25460,166,216,2026-05-30,2026-08-15 15:58:39
1,0,OLD,20252402,군체,2026-05-21,3743279750,56.1,-777176760,-17.2,37469133110,365458,-57856,-13.7,3474924,1950,7981,2026-05-31,2026-08-15 15:58:38
2,0,OLD,20263030,백룸,2026-05-27,1207138430,18.1,-235273260,-16.3,4205458260,112952,-19485,-14.7,391058,1014,2423,2026-05-31,2026-08-15 15:58:38
3,0,OLD,20259626,마이클,2026-05-13,595519380,8.9,-50197630,-7.8,15491727130,55194,-2879,-5.0,1394930,757,1686,2026-05-31,2026-08-15 15:58:38
4,0,OLD,20258236,만달로리안과 그로구,2026-05-27,346068670,5.2,-83025590,-19.3,1423444590,28241,-5567,-16.5,116720,680,1326,2026-05-31,2026-08-15 15:58:38
5,0,OLD,20263512,이상한 과자 가게 전천당,2026-05-29,255206580,3.8,25256510,11.0,565167800,27551,3311,13.7,60421,515,830,2026-05-31,2026-08-15 15:58:38
6,0,OLD,20259773,슈퍼 마리오 갤럭시,2026-04-29,127807430,1.9,6199140,5.1,15597084100,12984,820,6.7,1606327,365,493,2026-05-31,2026-08-15 15:58:38
7,3,OLD,20263222,극장판 호빵맨: 세균맨과 그림책의 루룬,2026-05-23,35612550,0.5,3395350,10.5,253256350,4876,864,21.5,30336,181,230,2026-05-31,2026-08-15 15:58:38
8,1,OLD,20263344,너바나 더 밴드 : 전설적 밴드 ‘너바나’와는 별 관련 없는 ‘너바나 더 밴드’의 콤비 맷과 제이. 어느 날 공연을 위해 타임머신을 만드는 황당한 작전을 세우고 처음 만났던 17년 전으로 돌,2026-05-20,41761450,0.6,-6544700,-13.5,523807550,3730,-471,-11.2,45673,130,149,2026-05-31,2026-08-15 15:58:38
9,-2,OLD,20248252,와일드 씽,2026-06-03,34592150,0.5,-11160610,-24.4,188337910,3724,-1239,-25.0,19981,50,57,2026-05-31,2026-08-15 15:58:38
10,-2,OLD,20259791,악마는 프라다를 입는다 2,2026-04-29,37310900,0.6,-9539240,-20.4,16064374770,3502,-721,-17.1,1585405,148,181,2026-05-31,2026-08-15 15:58:38
1,0,OLD,20252402,군체,2026-05-21,1001853570,58.7,-2741426180,-73.2,38470986680,101982,-263476,-72.1,3576906,1732,6914,2026-06-01,2026-08-15 15:58:37
2,0,OLD,20263030,백룸,2026-05-27,297731370,17.4,-909407060,-75.3,4503189630,28523,-84429,-74.7,419581,762,2138,2026-06-01,2026-08-15 15:58:37
3,0,OLD,20259626,마이클,2026-05-13,144152970,8.4,-451366410,-75.8,15635880100,14792,-40402,-73.2,1409722,660,1536,2026-06-01,2026-08-15 15:58:37
4,0,OLD,20258236,만달로리안과 그로구,2026-05-27,95106040,5.6,-250962630,-72.5,1518550630,8136,-20105,-71.2,124856,598,1167,2026-06-01,2026-08-15 15:58:37
5,5,OLD,20259791,악마는 프라다를 입는다 2,2026-04-29,20968700,1.2,-16342200,-43.8,16085343470,2098,-1404,-40.1,1587503,207,262,2026-06-01,2026-08-15 15:58:37
6,-1,OLD,20263512,이상한 과자 가게 전천당,2026-05-29,17079100,1.0,-238127480,-93.3,582246900,2039,-25512,-92.6,62460,344,449,2026-06-01,2026-08-15 15:58:37
7,1,OLD,20263344,너바나 더 밴드 : 전설적 밴드 ‘너바나’와는 별 관련 없는 ‘너바나 더 밴드’의 콤비 맷과 제이. 어느 날 공연을 위해 타임머신을 만드는 황당한 작전을 세우고 처음 만났던 17년 전으로 돌,2026-05-20,14826800,0.9,-26934650,-64.5,538634350,1473,-2257,-60.5,47146,127,154,2026-06-01,2026-08-15 15:58:37
8,3,OLD,20262975,신극장판 은혼: 요시와라 대염상,2026-05-20,10055100,0.6,-26576000,-72.6,743758500,950,-2418,-71.8,66009,121,133,2026-06-01,2026-08-15 15:58:37
9,3,OLD,20261782,프로젝트 헤일메리,2026-03-18,9407150,0.6,-12300350,-56.7,32834535140,921,-1076,-53.9,2894974,98,109,2026-06-01,2026-08-15 15:58:37
10,10,OLD,20242837,왕과 사는 남자,2026-02-04,6944200,0.4,83250,1.2,163024866730,893,159,21.7,16889947,53,60,2026-06-01,2026-08-15 15:58:37
1,0,OLD,20252402,군체,2026-05-21,1317421020,56.4,315567450,31.5,39788407700,135387,33405,32.8,3712293,1811,7383,2026-06-02,2026-08-15 15:58:37
2,0,OLD,20263030,백룸,2026-05-27,399877380,17.1,102146010,34.3,4903067010,39057,10534,36.9,458638,841,2349,2026-06-02,2026-08-15 15:58:37
3,0,OLD,20259626,마이클,2026-05-13,205796710,8.8,61643740,42.8,15841676810,21071,6279,42.4,1430793,694,1653,2026-06-02,2026-08-15 15:58:37
4,0,OLD,20258236,만달로리안과 그로구,2026-05-27,151445420,6.5,56339380,59.2,1669996050,13751,5615,69.0,138607,641,1267,2026-06-02,2026-08-15 15:58:37
5,0,NEW,20261766,상자 속의 양,2026-06-10,45207000,1.9,45207000,100.0,93879000,5023,5023,100.0,10431,28,28,2026-06-02,2026-08-15 15:58:37
6,0,OLD,20263512,이상한 과자 가게 전천당,2026-05-29,24879540,1.1,7800440,45.7,607126440,3005,966,47.4,65465,354,478,2026-06-02,2026-08-15 15:58:37
7,-2,OLD,20259791,악마는 프라다를 입는다 2,2026-04-29,27144850,1.2,6176150,29.5,16112488320,2797,699,33.3,1590300,226,281,2026-06-02,2026-08-15 15:58:37
8,-1,OLD,20263344,너바나 더 밴드 : 전설적 밴드 ‘너바나’와는 별 관련 없는 ‘너바나 더 밴드’의 콤비 맷과 제이. 어느 날 공연을 위해 타임머신을 만드는 황당한 작전을 세우고 처음 만났던 17년 전으로 돌,2026-05-20,26022750,1.1,11195950,75.5,564657100,2386,913,62.0,49532,133,159,2026-06-02,2026-08-15 15:58:37
9,0,OLD,20261782,프로젝트 헤일메리,2026-03-18,17916550,0.8,8509400,90.5,32852451690,1804,883,95.9,2896778,105,121,2026-06-02,2026-08-15 15:58:37
10,0,OLD,20242837,왕과 사는 남자,2026-02-04,9564150,0.4,2619950,37.7,163034430880,1191,298,33.4,16891138,58,69,2026-06-02,2026-08-15 15:58:37
1,0,OLD,20252402,군체,2026-05-21,3341082720,43.5,2023661700,153.6,43129490420,331471,196084,144.8,4043764,1516,5783,2026-06-03,2026-08-15 15:58:36
2,9,OLD,20248252,와일드 씽,2026-06-03,1547446960,20.1,1536736960,14348.6,1747844870,160756,159566,13408.9,182077,1351,5470,2026-06-03,2026-08-15 15:58:36
3,-1,OLD,20263030,백룸,2026-05-27,1189241000,15.5,789363620,197.4,6092308010,114102,75045,192.1,572740,872,2302,2026-06-03,2026-08-15 15:58:36
4,-1,OLD,20259626,마이클,2026-05-13,384637210,5.0,178840500,86.9,16226314020,37148,16077,76.3,1467941,524,788,2026-06-03,2026-08-15 15:58:36
5,1,OLD,20263512,이상한 과자 가게 전천당,2026-05-29,274439010,3.6,249559470,1003.1,881565450,30346,27341,909.9,95811,531,714,2026-06-03,2026-08-15 15:58:36
6,-2,OLD,20258236,만달로리안과 그로구,2026-05-27,230458320,3.0,79012900,52.2,1900454370,17876,4125,30.0,156483,308,437,2026-06-03,2026-08-15 15:58:36
7,0,NEW,20263761,플레이브 아시아 투어 [대쉬: 퀀텀 리프] 앙코르 인 시네마,2026-06-03,264470000,3.4,264470000,100.0,266126000,11499,11499,100.0,11571,62,112,2026-06-03,2026-08-15 15:58:36
8,10,OLD,20259773,슈퍼 마리오 갤럭시,2026-04-29,111860290,1.5,107223290,2312.3,15717653990,11396,10821,1881.9,1618765,196,217,2026-06-03,2026-08-15 15:58:36
9,0,NEW,20263272,돌핀보이: 푸른 바다의 수호자,2026-06-03,48894050,0.6,48894050,100.0,50950050,5419,5419,100.0,5634,222,242,2026-06-03,2026-08-15 15:58:36
10,2,OLD,20262975,신극장판 은혼: 요시와라 대염상,2026-05-20,35994570,0.5,26521840,280.0,789225800,3475,2571,284.4,70388,60,68,2026-06-03,2026-08-15 15:58:36
1,0,OLD,20252402,군체,2026-05-21,796309120,43.9,-2544773600,-76.2,43925799540,79915,-251556,-75.9,4123679,1419,5284,2026-06-04,2026-08-15 15:58:36
2,0,OLD,20248252,와일드 씽,2026-06-03,371313110,20.5,-1176133850,-76.0,2119157980,40464,-120292,-74.8,222541,1253,4715,2026-06-04,2026-08-15 15:58:36
3,0,OLD,20263030,백룸,2026-05-27,278092200,15.3,-911148800,-76.6,6370400210,27071,-87031,-76.3,599811,775,1991,2026-06-04,2026-08-15 15:58:36
4,0,OLD,20259626,마이클,2026-05-13,84382320,4.7,-300254890,-78.1,16310696340,8681,-28467,-76.6,1476622,517,784,2026-06-04,2026-08-15 15:58:36
5,1,OLD,20258236,만달로리안과 그로구,2026-05-27,38527540,2.1,-191930780,-83.3,1938981910,4174,-13702,-76.7,160657,284,363,2026-06-04,2026-08-15 15:58:36
6,0,NEW,20040734,노트북,2004-11-26,36310600,2.0,36310600,100.0,6393779290,3279,3279,100.0,830924,77,142,2026-06-04,2026-08-15 15:58:36
7,0,OLD,20263761,플레이브 아시아 투어 [대쉬: 퀀텀 리프] 앙코르 인 시네마,2026-06-03,74612000,4.1,-189858000,-71.8,340738000,3244,-8255,-71.8,14815,62,110,2026-06-04,2026-08-15 15:58:36
8,-3,OLD,20263512,이상한 과자 가게 전천당,2026-05-29,14818660,0.8,-259620350,-94.6,896384110,1897,-28449,-93.7,97708,267,301,2026-06-04,2026-08-15 15:58:36
9,3,OLD,20263344,너바나 더 밴드 : 전설적 밴드 ‘너바나’와는 별 관련 없는 ‘너바나 더 밴드’의 콤비 맷과 제이. 어느 날 공연을 위해 타임머신을 만드는 황당한 작전을 세우고 처음 만났던 17년 전으로 돌,2026-05-20,11874850,0.7,-19178300,-61.8,607585100,1237,-1797,-59.2,53803,81,90,2026-06-04,2026-08-15 15:58:36
10,5,OLD,20258837,뒷자리에 태워줘,2026-05-27,7614850,0.4,-4018300,-34.5,145393550,1205,-137,-10.2,15323,70,70,2026-06-04,2026-08-15 15:58:36
1,0,OLD,20252402,군체,2026-05-21,1224944030,45.8,428634910,53.8,45150743570,117728,37813,47.3,4241407,1518,5810,2026-06-05,2026-08-15 15:58:35
2,0,OLD,20248252,와일드 씽,2026-06-03,582031730,21.8,210718620,56.7,2701189710,60413,19949,49.3,282954,1211,4731,2026-06-05,2026-08-15 15:58:35
3,0,OLD,20263030,백룸,2026-05-27,421418940,15.8,143326740,51.5,6791819150,38942,11871,43.9,638753,821,2294,2026-06-05,2026-08-15 15:58:35
4,0,OLD,20259626,마이클,2026-05-13,114114700,4.3,29732380,35.2,16424811040,11048,2367,27.3,1487670,528,789,2026-06-05,2026-08-15 15:58:35
5,0,NEW,20263941,마스터즈 오브 유니버스,2026-06-05,39104100,1.5,39104100,100.0,40238100,4615,4615,100.0,4741,214,281,2026-06-05,2026-08-15 15:58:35
6,-1,OLD,20258236,만달로리안과 그로구,2026-05-27,46304490,1.7,7776950,20.2,1985286400,4480,306,7.3,165137,297,385,2026-06-05,2026-08-15 15:58:35
7,-1,OLD,20040734,노트북,2004-11-26,36857950,1.4,547350,1.5,6430637240,3156,-123,-3.8,834080,86,145,2026-06-05,2026-08-15 15:58:35
8,-1,OLD,20263761,플레이브 아시아 투어 [대쉬: 퀀텀 리프] 앙코르 인 시네마,2026-06-03,53751000,2.0,-20861000,-28.0,394489000,2337,-907,-28.0,17152,62,108,2026-06-05,2026-08-15 15:58:35
9,-1,OLD,20263512,이상한 과자 가게 전천당,2026-05-29,14347750,0.5,-470910,-3.2,910731860,1696,-201,-10.6,99404,273,307,2026-06-05,2026-08-15 15:58:35
10,-1,OLD,20263344,너바나 더 밴드 : 전설적 밴드 ‘너바나’와는 별 관련 없는 ‘너바나 더 밴드’의 콤비 맷과 제이. 어느 날 공연을 위해 타임머신을 만드는 황당한 작전을 세우고 처음 만났던 17년 전으로 돌,2026-05-20,14778250,0.6,2903400,24.4,622363350,1450,213,17.2,55253,80,88,2026-06-05,2026-08-15 15:58:35
1,0,OLD,20252402,군체,2026-05-21,2892689760,44.7,1667745730,136.1,48043433330,281917,164189,139.5,4523324,1614,6470,2026-06-06,2026-08-15 15:58:34
2,0,OLD,20248252,와일드 씽,2026-06-03,1476114300,22.8,894082570,153.6,4177304010,149033,88620,146.7,431987,1164,4565,2026-06-06,2026-08-15 15:58:34
3,0,OLD,20263030,백룸,2026-05-27,986139400,15.2,564720460,134.0,7777958550,93068,54126,139.0,731821,908,2680,2026-06-06,2026-08-15 15:58:34
4,0,OLD,20259626,마이클,2026-05-13,304925010,4.7,190810310,167.2,16729736050,28968,17920,162.2,1516638,550,848,2026-06-06,2026-08-15 15:58:34
5,4,OLD,20263512,이상한 과자 가게 전천당,2026-05-29,170455630,2.6,156107880,1088.0,1081187490,19011,17315,1020.9,118415,537,809,2026-06-06,2026-08-15 15:58:34
6,0,OLD,20258236,만달로리안과 그로구,2026-05-27,200435290,3.1,154130800,332.9,2185721690,14861,10381,231.7,179998,311,456,2026-06-06,2026-08-15 15:58:34
7,19,OLD,20259773,슈퍼 마리오 갤럭시,2026-04-29,54862900,0.8,53101650,3015.0,15777119290,5551,5279,1940.8,1624970,189,212,2026-06-06,2026-08-15 15:58:34
8,0,OLD,20263761,플레이브 아시아 투어 [대쉬: 퀀텀 리프] 앙코르 인 시네마,2026-06-03,78193000,1.2,24442000,45.5,472682000,3400,1063,45.5,20552,62,108,2026-06-06,2026-08-15 15:58:34
9,6,OLD,20263272,돌핀보이: 푸른 바다의 수호자,2026-06-03,29045450,0.4,23594850,432.9,92902150,3273,2602,387.8,10502,215,226,2026-06-06,2026-08-15 15:58:34
10,-5,OLD,20263941,마스터즈 오브 유니버스,2026-06-05,28721370,0.4,-10382730,-26.6,68959470,3170,-1445,-31.3,7911,210,248,2026-06-06,2026-08-15 15:58:34
1,0,OLD,20252402,군체,2026-05-21,2094426990,43.1,-798262770,-27.6,50137860320,204211,-77706,-27.6,4727535,1598,6170,2026-06-07,2026-08-15 15:58:34
2,0,OLD,20248252,와일드 씽,2026-06-03,1106637280,22.8,-369477020,-25.0,5283941290,111725,-37308,-25.0,543712,1161,4304,2026-06-07,2026-08-15 15:58:34
3,0,OLD,20263030,백룸,2026-05-27,720664040,14.8,-265475360,-26.9,8498622590,67802,-25266,-27.1,799623,884,2500,2026-06-07,2026-08-15 15:58:34
4,0,OLD,20259626,마이클,2026-05-13,247022640,5.1,-57902370,-19.0,16976758690,23504,-5464,-18.9,1540142,554,834,2026-06-07,2026-08-15 15:58:34
5,0,OLD,20263512,이상한 과자 가게 전천당,2026-05-29,164903040,3.4,-5552590,-3.3,1246090530,18402,-609,-3.2,136817,521,790,2026-06-07,2026-08-15 15:58:34
6,0,OLD,20258236,만달로리안과 그로구,2026-05-27,155230350,3.2,-45204940,-22.6,2340952040,11841,-3020,-20.3,191839,308,448,2026-06-07,2026-08-15 15:58:34
7,0,OLD,20259773,슈퍼 마리오 갤럭시,2026-04-29,55020060,1.1,157160,0.3,15832139350,5566,15,0.3,1630536,180,200,2026-06-07,2026-08-15 15:58:34
8,1,OLD,20263272,돌핀보이: 푸른 바다의 수호자,2026-06-03,28062900,0.6,-982550,-3.4,120965050,3115,-158,-4.8,13617,211,223,2026-06-07,2026-08-15 15:58:34
9,3,OLD,20040734,노트북,2004-11-26,38720000,0.8,11782650,43.7,6496294590,3037,723,31.2,839431,72,83,2026-06-07,2026-08-15 15:58:34
10,0,OLD,20263941,마스터즈 오브 유니버스,2026-06-05,21591870,0.4,-7129500,-24.8,90551340,2412,-758,-23.9,10323,195,232,2026-06-07,2026-08-15 15:58:34
1,0,OLD,20252402,군체,2026-05-21,524659440,42.8,-1569767550,-74.9,50662519760,52032,-152179,-74.5,4779567,1386,5260,2026-06-08,2026-08-15 15:58:33
2,0,OLD,20248252,와일드 씽,2026-06-03,297263190,24.2,-809374090,-73.1,5581204480,31702,-80023,-71.6,575414,1026,3774,2026-06-08,2026-08-15 15:58:33
3,0,OLD,20263030,백룸,2026-05-27,186738060,15.2,-533925980,-74.1,8685360650,17838,-49964,-73.7,817461,720,2087,2026-06-08,2026-08-15 15:58:33
4,0,OLD,20259626,마이클,2026-05-13,61120300,5.0,-185902340,-75.3,17037878990,6224,-17280,-73.5,1546366,492,770,2026-06-08,2026-08-15 15:58:33
5,1,OLD,20258236,만달로리안과 그로구,2026-05-27,20340550,1.7,-134889800,-86.9,2361292590,1956,-9885,-83.5,193795,232,302,2026-06-08,2026-08-15 15:58:33
6,4,OLD,20263941,마스터즈 오브 유니버스,2026-06-05,11183050,0.9,-10408820,-48.2,101734390,1304,-1108,-45.9,11627,185,210,2026-06-08,2026-08-15 15:58:33
7,2,OLD,20040734,노트북,2004-11-26,13044700,1.1,-25675300,-66.3,6509339290,1170,-1867,-61.5,840601,76,118,2026-06-08,2026-08-15 15:58:33
8,0,NEW,20248484,신사: 악귀의 속삭임,2026-06-17,10676000,0.9,10676000,100.0,10676000,1114,1114,100.0,1114,4,5,2026-06-08,2026-08-15 15:58:33
9,3,OLD,20263344,너바나 더 밴드 : 전설적 밴드 ‘너바나’와는 별 관련 없는 ‘너바나 더 밴드’의 콤비 맷과 제이. 어느 날 공연을 위해 타임머신을 만드는 황당한 작전을 세우고 처음 만났던 17년 전으로 돌,2026-05-20,10054450,0.8,-15044900,-59.9,690657550,1023,-1294,-55.8,61705,70,84,2026-06-08,2026-08-15 15:58:33
10,-5,OLD,20263512,이상한 과자 가게 전천당,2026-05-29,6910150,0.6,-157992890,-95.8,1253000680,813,-17589,-95.6,137630,206,234,2026-06-08,2026-08-15 15:58:33
1,0,OLD,20252402,군체,2026-05-21,446723550,38.7,-77935890,-14.9,51109243310,44402,-7630,-14.7,4823969,1412,5188,2026-06-09,2026-08-15 15:58:32
2,0,OLD,20248252,와일드 씽,2026-06-03,282266420,24.5,-14996770,-5.0,5863470900,30279,-1423,-4.5,605693,1050,3729,2026-06-09,2026-08-15 15:58:32
3,0,OLD,20263030,백룸,2026-05-27,168838540,14.6,-17899520,-9.6,8854199190,16153,-1685,-9.4,833614,739,2049,2026-06-09,2026-08-15 15:58:32
4,0,OLD,20259626,마이클,2026-05-13,67274370,5.8,6154070,10.1,17105153360,6737,513,8.2,1553103,516,798,2026-06-09,2026-08-15 15:58:32
5,0,OLD,20258236,만달로리안과 그로구,2026-05-27,23745470,2.1,3404920,16.7,2385038060,2372,416,21.3,196167,263,334,2026-06-09,2026-08-15 15:58:32
6,0,OLD,20263941,마스터즈 오브 유니버스,2026-06-05,11334050,1.0,151000,1.4,113068440,1341,37,2.8,12968,196,221,2026-06-09,2026-08-15 15:58:32
7,0,OLD,20040734,노트북,2004-11-26,14705000,1.3,1660300,12.7,6524044290,1319,149,12.7,841920,76,120,2026-06-09,2026-08-15 15:58:32
8,26,OLD,20263262,맘보 점보,2026-06-03,8259500,0.7,7411600,874.1,54050850,1166,1055,950.5,6125,34,34,2026-06-09,2026-08-15 15:58:32
9,1,OLD,20263512,이상한 과자 가게 전천당,2026-05-29,8904650,0.8,1994500,28.9,1261905330,1107,294,36.2,138737,217,237,2026-06-09,2026-08-15 15:58:32
10,-1,OLD,20263344,너바나 더 밴드 : 전설적 밴드 ‘너바나’와는 별 관련 없는 ‘너바나 더 밴드’의 콤비 맷과 제이. 어느 날 공연을 위해 타임머신을 만드는 황당한 작전을 세우고 처음 만났던 17년 전으로 돌,2026-05-20,8527400,0.7,-1527050,-15.2,699184950,865,-158,-15.4,62570,75,89,2026-06-09,2026-08-15 15:58:32
1,10,OLD,20250655,디스클로저 데이,2026-06-10,583986980,31.2,571371980,4529.3,596601980,56083,55236,6521.4,56930,1072,2962,2026-06-10,2026-08-15 15:58:31
2,-1,OLD,20252402,군체,2026-05-21,436806660,23.3,-9916890,-2.2,51546049970,47224,2822,6.4,4871193,1227,4223,2026-06-10,2026-08-15 15:58:31
3,-1,OLD,20248252,와일드 씽,2026-06-03,282672990,15.1,406570,0.1,6146143890,32253,1974,6.5,637946,910,2754,2026-06-10,2026-08-15 15:58:31
4,-1,OLD,20263030,백룸,2026-05-27,169899810,9.1,1061270,0.6,9024099000,17742,1589,9.8,851356,732,1668,2026-06-10,2026-08-15 15:58:31
5,0,NEW,20261766,상자 속의 양,2026-06-10,75124700,4.0,75124700,100.0,182805500,8751,8751,100.0,20229,456,745,2026-06-10,2026-08-15 15:58:31
6,-2,OLD,20259626,마이클,2026-05-13,41377090,2.2,-25897280,-38.5,17146530450,4336,-2401,-35.6,1557439,363,471,2026-06-10,2026-08-15 15:58:31
7,6,OLD,20263761,플레이브 아시아 투어 [대쉬: 퀀텀 리프] 앙코르 인 시네마,2026-06-03,90436000,4.8,75302000,497.6,649000000,3932,3274,497.6,28218,64,123,2026-06-10,2026-08-15 15:58:31
8,0,NEW,20163018,싱 스트리트,2016-05-19,25440600,1.4,25440600,100.0,4600534872,3089,3089,100.0,578687,137,162,2026-06-10,2026-08-15 15:58:31
9,0,NEW,20264226,쏜애플 '나의 세기' 익스텐디드 플레이 필름, ,24000000,1.3,24000000,100.0,24000000,2000,2000,100.0,2000,29,60,2026-06-10,2026-08-15 15:58:31
10,-5,OLD,20258236,만달로리안과 그로구,2026-05-27,17566790,0.9,-6178680,-26.0,2402604850,1797,-575,-24.2,197964,123,154,2026-06-10,2026-08-15 15:58:31
1,1,OLD,20252402,군체,2026-05-21,403511460,28.3,-33295200,-7.6,51949561430,40619,-6605,-14.0,4911812,1210,4225,2026-06-11,2026-08-15 15:58:31
2,1,OLD,20248252,와일드 씽,2026-06-03,248136770,17.4,-34536220,-12.2,6394280660,26678,-5575,-17.3,664624,887,2689,2026-06-11,2026-08-15 15:58:31
3,-2,OLD,20250655,디스클로저 데이,2026-06-10,269092210,18.9,-314894770,-53.9,865694190,25356,-30727,-54.8,82286,1014,2756,2026-06-11,2026-08-15 15:58:31
4,0,OLD,20263030,백룸,2026-05-27,167785510,11.8,-2114300,-1.2,9191884510,15969,-1773,-10.0,867325,710,1656,2026-06-11,2026-08-15 15:58:31
5,0,OLD,20261766,상자 속의 양,2026-06-10,49555410,3.5,-25569290,-34.0,232360910,5676,-3075,-35.1,25905,433,724,2026-06-11,2026-08-15 15:58:31
6,0,OLD,20259626,마이클,2026-05-13,45527630,3.2,4150540,10.0,17192058080,4530,194,4.5,1561969,372,504,2026-06-11,2026-08-15 15:58:31
7,1,OLD,20163018,싱 스트리트,2016-05-19,21175000,1.5,-4265600,-16.8,4621709872,2472,-617,-20.0,581159,123,158,2026-06-11,2026-08-15 15:58:31
8,2,OLD,20258236,만달로리안과 그로구,2026-05-27,18980200,1.3,1413410,8.0,2421585050,1742,-55,-3.1,199706,122,177,2026-06-11,2026-08-15 15:58:31
9,30,OLD,20258725,순례자들은 왜 돌아오지 않는가,2026-06-03,11305500,0.8,10600800,1504.3,72337650,1573,1494,1891.1,9645,45,47,2026-06-11,2026-08-15 15:58:31
10,0,NEW,20259781,토이 스토리 5,2026-06-17,23817000,1.7,23817000,100.0,23817000,1537,1537,100.0,1537,2,3,2026-06-11,2026-08-15 15:58:31
1,0,OLD,20252402,군체,2026-05-21,567820930,32.3,164309470,40.7,52517382360,54064,13445,33.1,4965876,1257,4410,2026-06-12,2026-08-15 15:58:30
2,0,OLD,20248252,와일드 씽,2026-06-03,360056200,20.5,111919430,45.1,6754336860,36326,9648,36.2,700950,964,2964,2026-06-12,2026-08-15 15:58:30
3,0,OLD,20250655,디스클로저 데이,2026-06-10,307814030,17.5,38721820,14.4,1173508220,27363,2007,7.9,109649,1016,2832,2026-06-12,2026-08-15 15:58:30
4,0,OLD,20263030,백룸,2026-05-27,242156280,13.8,74370770,44.3,9434040790,21808,5839,36.6,889133,748,1757,2026-06-12,2026-08-15 15:58:30
5,0,OLD,20261766,상자 속의 양,2026-06-10,42813580,2.4,-6741830,-13.6,275174490,4654,-1022,-18.0,30559,440,711,2026-06-12,2026-08-15 15:58:30
6,0,OLD,20259626,마이클,2026-05-13,46349000,2.6,821370,1.8,17238407080,4417,-113,-2.5,1566386,342,477,2026-06-12,2026-08-15 15:58:30
7,1,OLD,20258236,만달로리안과 그로구,2026-05-27,30573880,1.7,11593680,61.1,2452158930,2564,822,47.2,202270,143,206,2026-06-12,2026-08-15 15:58:30
8,-1,OLD,20163018,싱 스트리트,2016-05-19,17753850,1.0,-3421150,-16.2,4639463722,1792,-680,-27.5,582951,120,146,2026-06-12,2026-08-15 15:58:30
9,7,OLD,20263344,너바나 더 밴드 : 전설적 밴드 ‘너바나’와는 별 관련 없는 ‘너바나 더 밴드’의 콤비 맷과 제이. 어느 날 공연을 위해 타임머신을 만드는 황당한 작전을 세우고 처음 만났던 17년 전으로 돌,2026-05-20,16994050,1.0,6871800,67.9,734898850,1354,436,47.5,65804,60,63,2026-06-12,2026-08-15 15:58:30
10,10,OLD,20040734,노트북,2004-11-26,11485100,0.7,3421150,42.4,6551498190,956,241,33.7,844348,36,48,2026-06-12,2026-08-15 15:58:30
1,0,OLD,20252402,군체,2026-05-21,1363114990,34.3,795294060,140.1,53880497350,132016,77952,144.2,5097892,1331,4922,2026-06-13,2026-08-15 15:58:29
2,0,OLD,20248252,와일드 씽,2026-06-03,929136430,23.4,569080230,158.1,7683473290,92187,55861,153.8,793137,1112,3748,2026-06-13,2026-08-15 15:58:29
3,0,OLD,20250655,디스클로저 데이,2026-06-10,558180140,14.0,250366110,81.3,1731688360,49791,22428,82.0,159440,925,2753,2026-06-13,2026-08-15 15:58:29
4,0,OLD,20263030,백룸,2026-05-27,528292790,13.3,286136510,118.2,9962333580,48817,27009,123.8,937950,767,1989,2026-06-13,2026-08-15 15:58:29
5,1,OLD,20259626,마이클,2026-05-13,128981260,3.2,82632260,178.3,17367388340,11558,7141,161.7,1577944,395,589,2026-06-13,2026-08-15 15:58:29
6,5,OLD,20263512,이상한 과자 가게 전천당,2026-05-29,75751000,1.9,68751900,982.3,1357158680,8253,7463,944.7,149356,425,582,2026-06-13,2026-08-15 15:58:29
7,-2,OLD,20261766,상자 속의 양,2026-06-10,58393230,1.5,15579650,36.4,333567720,6090,1436,30.9,36649,444,606,2026-06-13,2026-08-15 15:58:29
8,-1,OLD,20258236,만달로리안과 그로구,2026-05-27,65204930,1.6,34631050,113.3,2517363860,5642,3078,120.0,207912,154,238,2026-06-13,2026-08-15 15:58:29
9,-1,OLD,20163018,싱 스트리트,2016-05-19,36927150,0.9,19173300,108.0,4676390872,3602,1810,101.0,586553,113,143,2026-06-13,2026-08-15 15:58:29
10,20,OLD,20259773,슈퍼 마리오 갤럭시,2026-04-29,19795500,0.5,18162900,1112.5,15857256250,1935,1760,1005.7,1633044,93,112,2026-06-13,2026-08-15 15:58:29
1,0,OLD,20252402,군체,2026-05-21,1194307160,35.9,-168807830,-12.4,55074804510,114961,-17055,-12.9,5212853,1322,4751,2026-06-14,2026-08-15 15:58:28
2,0,OLD,20248252,와일드 씽,2026-06-03,753951860,22.6,-175184570,-18.9,8437425150,76586,-15601,-16.9,869723,1105,3577,2026-06-14,2026-08-15 15:58:28
3,1,OLD,20263030,백룸,2026-05-27,410464720,12.3,-117828070,-22.3,10372798300,38107,-10710,-21.9,976057,776,1894,2026-06-14,2026-08-15 15:58:28
4,-1,OLD,20250655,디스클로저 데이,2026-06-10,391290760,11.7,-166889380,-29.9,2122979120,35230,-14561,-29.2,194670,887,2458,2026-06-14,2026-08-15 15:58:28
5,0,OLD,20259626,마이클,2026-05-13,119952020,3.6,-9029240,-7.0,17487340360,11088,-470,-4.1,1589032,401,571,2026-06-14,2026-08-15 15:58:28
6,0,OLD,20263512,이상한 과자 가게 전천당,2026-05-29,89187310,2.7,13436310,17.7,1446345990,9807,1554,18.8,159163,405,555,2026-06-14,2026-08-15 15:58:28
7,0,NEW,20264331,디어 마이 히어로, ,27500000,0.8,27500000,100.0,27500000,5500,5500,100.0,5500,120,328,2026-06-14,2026-08-15 15:58:28
8,-1,OLD,20261766,상자 속의 양,2026-06-10,48405860,1.5,-9987370,-17.1,381973580,5104,-986,-16.2,41753,418,553,2026-06-14,2026-08-15 15:58:28
9,-1,OLD,20258236,만달로리안과 그로구,2026-05-27,54168910,1.6,-11036020,-16.9,2571532770,4763,-879,-15.6,212675,153,220,2026-06-14,2026-08-15 15:58:28
10,-1,OLD,20163018,싱 스트리트,2016-05-19,30755600,0.9,-6171550,-16.7,4707146472,2887,-715,-19.9,589440,115,135,2026-06-14,2026-08-15 15:58:28
1,0,OLD,20252402,군체,2026-05-21,337376130,33.5,-856931030,-71.8,55412180640,33836,-81125,-70.6,5246689,1131,4040,2026-06-15,2026-08-15 15:58:28
2,0,OLD,20248252,와일드 씽,2026-06-03,225892920,22.4,-528058940,-70.0,8663318070,23666,-52920,-69.1,893389,893,2974,2026-06-15,2026-08-15 15:58:28
3,0,OLD,20263030,백룸,2026-05-27,127343160,12.6,-283121560,-69.0,10500141460,11897,-26210,-68.8,987954,639,1516,2026-06-15,2026-08-15 15:58:28
4,0,OLD,20250655,디스클로저 데이,2026-06-10,111210200,11.0,-280080560,-71.6,2234189320,10366,-24864,-70.6,205036,766,2050,2026-06-15,2026-08-15 15:58:28
5,0,OLD,20259626,마이클,2026-05-13,32892280,3.3,-87059740,-72.6,17520232640,3201,-7887,-71.1,1592233,357,501,2026-06-15,2026-08-15 15:58:28
6,0,NEW,20242402,눈동자,2026-06-24,28179000,2.8,28179000,100.0,30186000,2879,2879,100.0,3102,13,13,2026-06-15,2026-08-15 15:58:28
7,1,OLD,20261766,상자 속의 양,2026-06-10,20988620,2.1,-27417240,-56.6,402962200,2293,-2811,-55.1,44046,368,521,2026-06-15,2026-08-15 15:58:28
8,1,OLD,20258236,만달로리안과 그로구,2026-05-27,19988250,2.0,-34180660,-63.1,2591521020,1819,-2944,-61.8,214494,129,192,2026-06-15,2026-08-15 15:58:28
9,-2,OLD,20264331,디어 마이 히어로, ,8790000,0.9,-18710000,-68.0,36290000,1758,-3742,-68.0,7258,110,279,2026-06-15,2026-08-15 15:58:28
10,0,OLD,20163018,싱 스트리트,2016-05-19,12610400,1.3,-18145200,-59.0,4719756872,1274,-1613,-55.9,590714,111,142,2026-06-15,2026-08-15 15:58:28
1,0,OLD,20252402,군체,2026-05-21,324208640,31.8,-13167490,-3.9,55736389280,32022,-1814,-5.4,5278711,1146,3973,2026-06-16,2026-08-15 15:58:27
2,0,OLD,20248252,와일드 씽,2026-06-03,235796930,23.1,9904010,4.4,8899115000,24984,1318,5.6,918373,935,2990,2026-06-16,2026-08-15 15:58:27
3,0,OLD,20263030,백룸,2026-05-27,131852560,12.9,4509400,3.5,10631994020,12240,343,2.9,1000194,649,1510,2026-06-16,2026-08-15 15:58:27
4,0,OLD,20250655,디스클로저 데이,2026-06-10,105651700,10.4,-5558500,-5.0,2339841020,9976,-390,-3.8,215012,783,1998,2026-06-16,2026-08-15 15:58:27
5,0,OLD,20259626,마이클,2026-05-13,36973120,3.6,4080840,12.4,17557205760,3563,362,11.3,1595796,358,505,2026-06-16,2026-08-15 15:58:27
6,1,OLD,20261766,상자 속의 양,2026-06-10,27564820,2.7,6576200,31.3,430527020,3068,775,33.8,47114,389,561,2026-06-16,2026-08-15 15:58:27
7,1,OLD,20258236,만달로리안과 그로구,2026-05-27,22434930,2.2,2446680,12.2,2613955950,2071,252,13.9,216565,133,197,2026-06-16,2026-08-15 15:58:27
8,1,OLD,20264331,디어 마이 히어로, ,7305000,0.7,-1485000,-16.9,43595000,1461,-297,-16.9,8719,113,279,2026-06-16,2026-08-15 15:58:27
9,2,OLD,20263344,너바나 더 밴드 : 전설적 밴드 ‘너바나’와는 별 관련 없는 ‘너바나 더 밴드’의 콤비 맷과 제이. 어느 날 공연을 위해 타임머신을 만드는 황당한 작전을 세우고 처음 만났던 17년 전으로 돌,2026-05-20,11955700,1.2,5563500,87.0,778958200,1428,577,67.8,70506,56,64,2026-06-16,2026-08-15 15:58:27
10,0,NEW,20258945,너만 보이는 날,2026-06-24,11880000,1.2,11880000,100.0,30383000,1320,1320,100.0,3367,6,6,2026-06-16,2026-08-15 15:58:27
1,0,NEW,20259781,토이 스토리 5,2026-06-17,997525790,50.1,997525790,100.0,1021342790,94694,94694,100.0,96231,1538,6104,2026-06-17,2026-08-15 15:58:26
2,-1,OLD,20252402,군체,2026-05-21,308726760,15.5,-15481880,-4.8,56045116040,30906,-1116,-3.5,5309617,936,2808,2026-06-17,2026-08-15 15:58:26
3,-1,OLD,20248252,와일드 씽,2026-06-03,235659920,11.8,-137010,-0.1,9134774920,25267,283,1.1,943640,786,2312,2026-06-17,2026-08-15 15:58:26
4,-1,OLD,20263030,백룸,2026-05-27,106129420,5.3,-25723140,-19.5,10738123440,9898,-2342,-19.1,1010092,513,908,2026-06-17,2026-08-15 15:58:26
5,9,OLD,20248484,신사: 악귀의 속삭임,2026-06-17,66759450,3.4,58139450,674.5,86055450,7145,6507,1019.9,8897,207,403,2026-06-17,2026-08-15 15:58:26
6,-2,OLD,20250655,디스클로저 데이,2026-06-10,53877390,2.7,-51774310,-49.0,2393718410,5600,-4376,-43.9,220612,569,849,2026-06-17,2026-08-15 15:58:26
7,-1,OLD,20261766,상자 속의 양,2026-06-10,31614840,1.6,4050020,14.7,462141860,3661,593,19.3,50775,224,276,2026-06-17,2026-08-15 15:58:26
8,0,NEW,20149629,비긴 어게인,2014-08-13,34177750,1.7,34177750,100.0,29618610321,3115,3115,100.0,3716553,119,192,2026-06-17,2026-08-15 15:58:26
9,-4,OLD,20259626,마이클,2026-05-13,19571530,1.0,-17401590,-47.1,17576777290,1880,-1683,-47.2,1597676,207,246,2026-06-17,2026-08-15 15:58:26
10,1,OLD,20163018,싱 스트리트,2016-05-19,15871900,0.8,3426650,27.5,4748074022,1603,292,22.3,593628,78,96,2026-06-17,2026-08-15 15:58:26
1,0,OLD,20259781,토이 스토리 5,2026-06-17,663139770,40.4,-334386020,-33.5,1684482560,63122,-31572,-33.3,159353,1495,5801,2026-06-18,2026-08-15 15:58:15
2,0,OLD,20252402,군체,2026-05-21,296296190,18.1,-12430570,-4.0,56341412230,29223,-1683,-5.4,5338840,914,2752,2026-06-18,2026-08-15 15:58:15
3,0,OLD,20248252,와일드 씽,2026-06-03,220573200,13.4,-15086720,-6.4,9355348120,23360,-1907,-7.5,967000,786,2286,2026-06-18,2026-08-15 15:58:15
4,0,OLD,20263030,백룸,2026-05-27,116524030,7.1,10394610,9.8,10854647470,10760,862,8.7,1020852,495,876,2026-06-18,2026-08-15 15:58:15
5,31,OLD,20263948,에픽: 엘비스 프레슬리 콘서트,2026-07-01,34629000,2.1,33747000,3826.2,35511000,4947,4821,3826.2,5073,26,26,2026-06-18,2026-08-15 15:58:15
6,0,OLD,20250655,디스클로저 데이,2026-06-10,45830060,2.8,-8047330,-14.9,2439548470,4549,-1051,-18.8,225161,543,781,2026-06-18,2026-08-15 15:58:15
7,-2,OLD,20248484,신사: 악귀의 속삭임,2026-06-17,37817500,2.3,-28941950,-43.4,123872950,4213,-2932,-41.0,13110,209,366,2026-06-18,2026-08-15 15:58:15
8,-1,OLD,20261766,상자 속의 양,2026-06-10,31270400,1.9,-344440,-1.1,493412260,3636,-25,-0.7,54411,232,278,2026-06-18,2026-08-15 15:58:15
9,0,OLD,20259626,마이클,2026-05-13,28982150,1.8,9410620,48.1,17605759440,2693,813,43.2,1600369,213,255,2026-06-18,2026-08-15 15:58:15
10,-2,OLD,20149629,비긴 어게인,2014-08-13,24145300,1.5,-10032450,-29.4,29642755621,2180,-935,-30.0,3718733,115,188,2026-06-18,2026-08-15 15:58:15
1,0,OLD,20259781,토이 스토리 5,2026-06-17,973355600,45.9,310215830,46.8,2657838160,90267,27145,43.0,249620,1564,6209,2026-06-19,2026-08-15 15:58:15
2,0,OLD,20252402,군체,2026-05-21,408154250,19.2,111858060,37.8,56749566480,37964,8741,29.9,5376804,970,2896,2026-06-19,2026-08-15 15:58:15
3,0,OLD,20248252,와일드 씽,2026-06-03,252416210,11.9,31843010,14.4,9607764330,25202,1842,7.9,992202,820,2391,2026-06-19,2026-08-15 15:58:15
4,0,OLD,20263030,백룸,2026-05-27,170529910,8.0,54005880,46.3,11025177380,15036,4276,39.7,1035888,531,1005,2026-06-19,2026-08-15 15:58:15
5,1,OLD,20250655,디스클로저 데이,2026-06-10,48420390,2.3,2590330,5.7,2487968860,4478,-71,-1.6,229639,473,662,2026-06-19,2026-08-15 15:58:15
6,1,OLD,20248484,신사: 악귀의 속삭임,2026-06-17,38305400,1.8,487900,1.3,162178350,3734,-479,-11.4,16844,208,366,2026-06-19,2026-08-15 15:58:15
7,1,OLD,20261766,상자 속의 양,2026-06-10,30268850,1.4,-1001550,-3.2,523681110,3420,-216,-5.9,57831,224,264,2026-06-19,2026-08-15 15:58:15
8,2,OLD,20149629,비긴 어게인,2014-08-13,30885600,1.5,6740300,27.9,29673641221,2655,475,21.8,3721388,119,198,2026-06-19,2026-08-15 15:58:15
9,0,OLD,20259626,마이클,2026-05-13,23748900,1.1,-5233250,-18.1,17629508340,2142,-551,-20.5,1602511,200,249,2026-06-19,2026-08-15 15:58:15
10,1,OLD,19960126,비포 선라이즈,1996-03-30,12952200,0.6,-7191450,-35.7,831724806,1209,-723,-37.4,94778,91,126,2026-06-19,2026-08-15 15:58:15
1,0,OLD,20259781,토이 스토리 5,2026-06-17,3474897420,58.7,2501541820,257.0,6132735580,335726,245459,271.9,585346,1847,8510,2026-06-20,2026-08-15 15:58:08
2,0,OLD,20252402,군체,2026-05-21,919409470,15.5,511255220,125.3,57668975950,87583,49619,130.7,5464387,1004,3015,2026-06-20,2026-08-15 15:58:08
3,0,OLD,20248252,와일드 씽,2026-06-03,622960600,10.5,370544390,146.8,10230724930,62542,37340,148.2,1054744,829,2525,2026-06-20,2026-08-15 15:58:08
4,0,OLD,20263030,백룸,2026-05-27,311141800,5.3,140611890,82.5,11336319180,28414,13378,89.0,1064302,560,1054,2026-06-20,2026-08-15 15:58:08
5,1,OLD,20248484,신사: 악귀의 속삭임,2026-06-17,106269950,1.8,67964550,177.4,268448300,9601,5867,157.1,26445,224,373,2026-06-20,2026-08-15 15:58:08
6,-1,OLD,20250655,디스클로저 데이,2026-06-10,78552130,1.3,30131740,62.2,2566520990,7669,3191,71.3,237308,437,586,2026-06-20,2026-08-15 15:58:08
7,2,OLD,20259626,마이클,2026-05-13,54816810,0.9,31067910,130.8,17684325150,5030,2888,134.8,1607541,204,240,2026-06-20,2026-08-15 15:58:08
8,0,OLD,20149629,비긴 어게인,2014-08-13,59153500,1.0,28267900,91.5,29732794721,4766,2111,79.5,3726154,123,185,2026-06-20,2026-08-15 15:58:08
9,-2,OLD,20261766,상자 속의 양,2026-06-10,31434490,0.5,1165640,3.9,555115600,3301,-119,-3.5,61132,195,224,2026-06-20,2026-08-15 15:58:08
10,2,OLD,20258236,만달로리안과 그로구,2026-05-27,34181390,0.6,17984450,111.0,2681034030,2405,1292,116.1,221481,84,98,2026-06-20,2026-08-15 15:58:08
1,0,OLD,20259781,토이 스토리 5,2026-06-17,2945933060,61.6,-528964360,-15.2,9078668640,287035,-48691,-14.5,872381,1837,8198,2026-06-21,2026-08-15 15:58:08
2,0,OLD,20252402,군체,2026-05-21,652418230,13.6,-266991240,-29.0,58321394180,63119,-24464,-27.9,5527506,952,2837,2026-06-21,2026-08-15 15:58:08
3,0,OLD,20248252,와일드 씽,2026-06-03,453639610,9.5,-169320990,-27.2,10684364540,45799,-16743,-26.8,1100543,800,2360,2026-06-21,2026-08-15 15:58:08
4,0,OLD,20263030,백룸,2026-05-27,247341780,5.2,-63800020,-20.5,11583660960,22444,-5970,-21.0,1086746,554,988,2026-06-21,2026-08-15 15:58:08
5,0,OLD,20248484,신사: 악귀의 속삭임,2026-06-17,77449100,1.6,-28820850,-27.1,345897400,6973,-2628,-27.4,33418,217,347,2026-06-21,2026-08-15 15:58:08
6,0,OLD,20250655,디스클로저 데이,2026-06-10,60393110,1.3,-18159020,-23.1,2626914100,5946,-1723,-22.5,243254,436,577,2026-06-21,2026-08-15 15:58:08
7,0,OLD,20259626,마이클,2026-05-13,45799990,1.0,-9016820,-16.4,17730125140,4335,-695,-13.8,1611876,195,232,2026-06-21,2026-08-15 15:58:08
8,0,OLD,20149629,비긴 어게인,2014-08-13,37627100,0.8,-21526400,-36.4,29770421821,3242,-1524,-32.0,3729396,117,174,2026-06-21,2026-08-15 15:58:08
9,0,OLD,20261766,상자 속의 양,2026-06-10,24728500,0.5,-6705990,-21.3,579844100,2580,-721,-21.8,63712,198,223,2026-06-21,2026-08-15 15:58:08
10,3,OLD,20264331,디어 마이 히어로, ,12375000,0.3,4860000,64.7,78610000,2475,972,64.7,15722,153,185,2026-06-21,2026-08-15 15:58:08
1,0,OLD,20259781,토이 스토리 5,2026-06-17,624753060,44.8,-2321180000,-78.8,9703421700,59378,-227657,-79.3,931759,1399,5599,2026-06-22,2026-08-15 15:58:07
2,0,OLD,20252402,군체,2026-05-21,256198950,18.4,-396219280,-60.7,58577593130,25259,-37860,-60.0,5552765,867,2671,2026-06-22,2026-08-15 15:58:07
3,0,OLD,20248252,와일드 씽,2026-06-03,155070570,11.1,-298569040,-65.8,10839435110,16114,-29685,-64.8,1116657,714,2131,2026-06-22,2026-08-15 15:58:07
4,0,OLD,20263030,백룸,2026-05-27,121440000,8.7,-125901780,-50.9,11705100960,11277,-11167,-49.8,1098023,514,949,2026-06-22,2026-08-15 15:58:07
5,1,OLD,20250655,디스클로저 데이,2026-06-10,26499480,1.9,-33893630,-56.1,2653413580,2658,-3288,-55.3,245912,424,571,2026-06-22,2026-08-15 15:58:07
6,-1,OLD,20248484,신사: 악귀의 속삭임,2026-06-17,23123550,1.7,-54325550,-70.1,369020950,2332,-4641,-66.6,35750,196,320,2026-06-22,2026-08-15 15:58:07
7,2,OLD,20261766,상자 속의 양,2026-06-10,18763300,1.3,-5965200,-24.1,598607400,2158,-422,-16.4,65870,203,237,2026-06-22,2026-08-15 15:58:07
8,0,OLD,20149629,비긴 어게인,2014-08-13,22551900,1.6,-15075200,-40.1,29792973721,2025,-1217,-37.5,3731421,114,202,2026-06-22,2026-08-15 15:58:07
9,-2,OLD,20259626,마이클,2026-05-13,19384680,1.4,-26415310,-57.7,17749509820,1875,-2460,-56.7,1613751,201,264,2026-06-22,2026-08-15 15:58:07
10,3,OLD,19960126,비포 선라이즈,1996-03-30,11861400,0.8,-11854600,-50.0,892081006,1135,-768,-40.4,99870,100,130,2026-06-22,2026-08-15 15:58:07
1,0,OLD,20259781,토이 스토리 5,2026-06-17,627097930,44.9,2344870,0.4,10330519630,59813,435,0.7,991572,1441,5569,2026-06-23,2026-08-15 15:58:06
2,0,OLD,20252402,군체,2026-05-21,235565980,16.9,-20632970,-8.1,58813159110,23250,-2009,-8.0,5576015,885,2654,2026-06-23,2026-08-15 15:58:06
3,0,OLD,20248252,와일드 씽,2026-06-03,167352420,12.0,12281850,7.9,11006787530,17890,1776,11.0,1134547,760,2225,2026-06-23,2026-08-15 15:58:06
4,0,OLD,20263030,백룸,2026-05-27,113216720,8.1,-8223280,-6.8,11818317680,10439,-838,-7.4,1108462,503,937,2026-06-23,2026-08-15 15:58:06
5,0,OLD,20250655,디스클로저 데이,2026-06-10,33762550,2.4,7263070,27.4,2687176130,3424,766,28.8,249336,435,582,2026-06-23,2026-08-15 15:58:06
6,0,OLD,20248484,신사: 악귀의 속삭임,2026-06-17,20667950,1.5,-2455600,-10.6,389688900,2232,-100,-4.3,37982,201,323,2026-06-23,2026-08-15 15:58:06
7,2,OLD,20259626,마이클,2026-05-13,21471980,1.5,2087300,10.8,17770981800,2093,218,11.6,1615844,217,281,2026-06-23,2026-08-15 15:58:06
8,0,OLD,20149629,비긴 어게인,2014-08-13,22744350,1.6,192450,0.9,29815718071,2052,27,1.3,3733473,117,208,2026-06-23,2026-08-15 15:58:06
9,-2,OLD,20261766,상자 속의 양,2026-06-10,16686300,1.2,-2077000,-11.1,615293700,1931,-227,-10.5,67801,213,251,2026-06-23,2026-08-15 15:58:06
10,0,OLD,19960126,비포 선라이즈,1996-03-30,14042700,1.0,2181300,18.4,906123706,1295,160,14.1,101165,98,128,2026-06-23,2026-08-15 15:58:06
1,0,OLD,20259781,토이 스토리 5,2026-06-17,714100090,33.9,87002160,13.9,11044619720,75206,15393,25.7,1066778,1254,4315,2026-06-24,2026-08-15 15:58:06
2,11,OLD,20250489,슈퍼걸,2026-06-24,350517560,16.6,337797560,2655.6,363237560,34938,34122,4181.6,35754,883,2916,2026-06-24,2026-08-15 15:58:06
2,30,OLD,20242402,눈동자,2026-06-24,320060870,15.2,318377870,18917.3,353585870,34938,34751,18583.4,38411,789,2559,2026-06-24,2026-08-15 15:58:06
4,-2,OLD,20252402,군체,2026-05-21,234278960,11.1,-1287020,-0.5,59047438070,24627,1377,5.9,5600642,706,1809,2026-06-24,2026-08-15 15:58:06
5,-2,OLD,20248252,와일드 씽,2026-06-03,176013150,8.4,8660730,5.2,11182800680,19418,1528,8.5,1153965,651,1496,2026-06-24,2026-08-15 15:58:06
6,-2,OLD,20263030,백룸,2026-05-27,86090650,4.1,-27126070,-24.0,11904408330,8608,-1831,-17.5,1117070,339,503,2026-06-24,2026-08-15 15:58:06
7,0,NEW,20261524,짝사랑 세계,2026-06-24,25118980,1.2,25118980,100.0,29006980,3562,3562,100.0,3994,150,275,2026-06-24,2026-08-15 15:58:06
8,0,NEW,20258945,너만 보이는 날,2026-06-24,29351800,1.4,29351800,100.0,59734800,3337,3337,100.0,6704,158,201,2026-06-24,2026-08-15 15:58:06
9,0,NEW,20246318,해피엔드,2025-04-30,13473950,0.6,13473950,100.0,1342114950,1514,1514,100.0,136582,82,92,2026-06-24,2026-08-15 15:58:06
10,-5,OLD,20250655,디스클로저 데이,2026-06-10,14702400,0.7,-19060150,-56.5,2701878530,1506,-1918,-56.0,250842,105,113,2026-06-24,2026-08-15 15:58:06
1,0,OLD,20259781,토이 스토리 5,2026-06-17,484400580,31.6,-229699510,-32.2,11529020300,47610,-27596,-36.7,1114388,1193,4022,2026-06-25,2026-08-15 15:58:05
2,0,OLD,20242402,눈동자,2026-06-24,330394050,21.6,10333180,3.2,683979920,33866,-1072,-3.1,72277,764,2518,2026-06-25,2026-08-15 15:58:05
3,1,OLD,20252402,군체,2026-05-21,174642340,11.4,-59636620,-25.5,59222080410,17300,-7327,-29.8,5617942,677,1715,2026-06-25,2026-08-15 15:58:05
4,-2,OLD,20250489,슈퍼걸,2026-06-24,145238890,9.5,-205278670,-58.6,508476450,14329,-20609,-59.0,50083,830,2476,2026-06-25,2026-08-15 15:58:05
5,0,OLD,20248252,와일드 씽,2026-06-03,114056150,7.5,-61957000,-35.2,11296856830,12409,-7009,-36.1,1166374,607,1400,2026-06-25,2026-08-15 15:58:05
6,0,OLD,20263030,백룸,2026-05-27,69389540,4.5,-16701110,-19.4,11973797870,6360,-2248,-26.1,1123430,340,499,2026-06-25,2026-08-15 15:58:05
7,0,NEW,20263948,에픽: 엘비스 프레슬리 콘서트,2026-07-01,34426000,2.2,34426000,100.0,69937000,4918,4918,100.0,9991,25,25,2026-06-25,2026-08-15 15:58:05
8,0,OLD,20258945,너만 보이는 날,2026-06-24,16757050,1.1,-12594750,-42.9,76491850,1927,-1410,-42.3,8631,144,183,2026-06-25,2026-08-15 15:58:05
9,3,OLD,20263344,너바나 더 밴드 : 전설적 밴드 ‘너바나’와는 별 관련 없는 ‘너바나 더 밴드’의 콤비 맷과 제이. 어느 날 공연을 위해 타임머신을 만드는 황당한 작전을 세우고 처음 만났던 17년 전으로 돌,2026-05-20,10605250,0.7,1799400,20.4,873734950,1552,248,19.0,81338,39,42,2026-06-25,2026-08-15 15:58:05
10,-3,OLD,20261524,짝사랑 세계,2026-06-24,11259390,0.7,-13859590,-55.2,40266370,1495,-2067,-58.0,5489,135,226,2026-06-25,2026-08-15 15:58:05
1,0,OLD,20259781,토이 스토리 5,2026-06-17,784834740,34.8,300434160,62.0,12313855040,74934,27324,57.4,1189322,1308,4755,2026-06-26,2026-08-15 15:58:04
2,0,OLD,20242402,눈동자,2026-06-24,494979340,21.9,164585290,49.8,1178959260,48996,15130,44.7,121273,795,2711,2026-06-26,2026-08-15 15:58:04
3,0,OLD,20252402,군체,2026-05-21,226349250,10.0,51706910,29.6,59448429660,21635,4335,25.1,5639577,749,1955,2026-06-26,2026-08-15 15:58:04
4,1,OLD,20248252,와일드 씽,2026-06-03,156294380,6.9,42238230,37.0,11453151210,15950,3541,28.5,1182324,679,1585,2026-06-26,2026-08-15 15:58:04
5,-1,OLD,20250489,슈퍼걸,2026-06-24,167226470,7.4,21987580,15.1,675702920,15817,1488,10.4,65900,808,2523,2026-06-26,2026-08-15 15:58:04
6,0,OLD,20263030,백룸,2026-05-27,88865950,3.9,19476410,28.1,12062663820,7894,1534,24.1,1131324,387,602,2026-06-26,2026-08-15 15:58:04
7,0,NEW,20264241,정동원 팬콘서트 필름 : 다시 만나는 길,2026-06-26,83825000,3.7,83825000,100.0,83825000,3353,3353,100.0,3353,43,79,2026-06-26,2026-08-15 15:58:04
8,0,OLD,20258945,너만 보이는 날,2026-06-24,16897800,0.7,140750,0.8,93389650,1955,28,1.5,10586,139,175,2026-06-26,2026-08-15 15:58:04
9,2,OLD,20149629,비긴 어게인,2014-08-13,18913050,0.8,3369150,21.7,29865596771,1610,240,17.5,3737921,73,122,2026-06-26,2026-08-15 15:58:04
10,19,OLD,20242837,왕과 사는 남자,2026-02-04,11933600,0.5,10040250,530.3,163133708190,1597,1393,682.8,16904375,29,29,2026-06-26,2026-08-15 15:58:04
1,0,OLD,20259781,토이 스토리 5,2026-06-17,2319457890,47.7,1534623150,195.5,14633312930,226045,151111,201.7,1415367,1734,7142,2026-06-27,2026-08-15 15:58:03
2,0,OLD,20242402,눈동자,2026-06-24,977287800,20.1,482308460,97.4,2156247060,95028,46032,94.0,216301,921,2830,2026-06-27,2026-08-15 15:58:03
3,0,OLD,20252402,군체,2026-05-21,432716140,8.9,206366890,91.2,59881145800,41073,19438,89.8,5680650,818,1948,2026-06-27,2026-08-15 15:58:03
4,0,OLD,20248252,와일드 씽,2026-06-03,280984390,5.8,124690010,79.8,11734135600,28434,12484,78.3,1210758,717,1567,2026-06-27,2026-08-15 15:58:03
5,0,OLD,20250489,슈퍼걸,2026-06-24,282640680,5.8,115414210,69.0,958343600,26356,10539,66.6,92256,806,2087,2026-06-27,2026-08-15 15:58:03
6,0,OLD,20263030,백룸,2026-05-27,137040580,2.8,48174630,54.2,12199704400,12449,4555,57.7,1143773,361,574,2026-06-27,2026-08-15 15:58:03
7,7,OLD,20246318,해피엔드,2025-04-30,35462000,0.7,19932700,128.4,1401653300,2666,1408,111.9,141332,76,84,2026-06-27,2026-08-15 15:58:03
8,-1,OLD,20264241,정동원 팬콘서트 필름 : 다시 만나는 길,2026-06-26,65975000,1.4,-17850000,-21.3,149800000,2639,-714,-21.3,5992,42,74,2026-06-27,2026-08-15 15:58:03
9,6,OLD,20248484,신사: 악귀의 속삭임,2026-06-17,30848600,0.6,21982200,247.9,443769500,2570,1538,149.0,43273,111,138,2026-06-27,2026-08-15 15:58:03
10,1,OLD,20261524,짝사랑 세계,2026-06-24,21241660,0.4,8939240,72.7,73810450,2360,828,54.0,9381,133,218,2026-06-27,2026-08-15 15:58:03
1,0,OLD,20259781,토이 스토리 5,2026-06-17,2053814940,48.4,-265642950,-11.5,16687127870,201956,-24089,-10.7,1617323,1705,6806,2026-06-28,2026-08-15 15:58:03
2,0,OLD,20242402,눈동자,2026-06-24,922439440,21.7,-54848360,-5.6,3078686500,88921,-6107,-6.4,305222,955,2774,2026-06-28,2026-08-15 15:58:03
3,0,OLD,20252402,군체,2026-05-21,346105620,8.2,-86610520,-20.0,60227251420,33363,-7710,-18.8,5714013,799,1837,2026-06-28,2026-08-15 15:58:03
4,0,OLD,20248252,와일드 씽,2026-06-03,227928600,5.4,-53055790,-18.9,11962064200,23281,-5153,-18.1,1234039,704,1483,2026-06-28,2026-08-15 15:58:03
5,0,OLD,20250489,슈퍼걸,2026-06-24,204673270,4.8,-77967410,-27.6,1163016870,19591,-6765,-25.7,111847,773,1864,2026-06-28,2026-08-15 15:58:03
6,0,OLD,20263030,백룸,2026-05-27,112966220,2.7,-24074360,-17.6,12312670620,10180,-2269,-18.2,1153953,370,566,2026-06-28,2026-08-15 15:58:03
7,0,OLD,20246318,해피엔드,2025-04-30,33665900,0.8,-1796100,-5.1,1435319200,2546,-120,-4.5,143878,71,82,2026-06-28,2026-08-15 15:58:03
8,1,OLD,20248484,신사: 악귀의 속삭임,2026-06-17,29405100,0.7,-1443500,-4.7,473174600,2438,-132,-5.1,45711,102,129,2026-06-28,2026-08-15 15:58:03
9,-1,OLD,20264241,정동원 팬콘서트 필름 : 다시 만나는 길,2026-06-26,57575000,1.4,-8400000,-12.7,207375000,2303,-336,-12.7,8295,42,60,2026-06-28,2026-08-15 15:58:03
10,0,OLD,20261524,짝사랑 세계,2026-06-24,20461520,0.5,-780140,-3.7,94271970,2225,-135,-5.7,11606,131,201,2026-06-28,2026-08-15 15:58:03
1,0,OLD,20259781,토이 스토리 5,2026-06-17,419863690,31.3,-1633951250,-79.6,17106991560,40699,-161257,-79.8,1658022,1127,4197,2026-06-29,2026-08-15 15:58:02
2,0,OLD,20242402,눈동자,2026-06-24,393099650,29.3,-529339790,-57.4,3471786150,38498,-50423,-56.7,343720,809,2716,2026-06-29,2026-08-15 15:58:02
3,0,OLD,20252402,군체,2026-05-21,143828720,10.7,-202276900,-58.4,60371080140,14403,-18960,-56.8,5728416,672,1759,2026-06-29,2026-08-15 15:58:02
4,0,OLD,20248252,와일드 씽,2026-06-03,88137260,6.6,-139791340,-61.3,12050201460,9414,-13867,-59.6,1243453,610,1418,2026-06-29,2026-08-15 15:58:02
5,0,OLD,20250489,슈퍼걸,2026-06-24,61707460,4.6,-142965810,-69.9,1224724330,6281,-13310,-67.9,118128,670,1615,2026-06-29,2026-08-15 15:58:02
6,0,OLD,20263030,백룸,2026-05-27,56365620,4.2,-56600600,-50.1,12369036240,5213,-4967,-48.8,1159166,343,563,2026-06-29,2026-08-15 15:58:02
7,43,OLD,20242837,왕과 사는 남자,2026-02-04,8472500,0.6,7567100,835.8,163145836140,1203,1111,1207.6,16905949,32,32,2026-06-29,2026-08-15 15:58:02
8,2,OLD,20261524,짝사랑 세계,2026-06-24,9472200,0.7,-10989320,-53.7,103744170,1164,-1061,-47.7,12770,132,238,2026-06-29,2026-08-15 15:58:02
9,7,OLD,20149629,비긴 어게인,2014-08-13,11374250,0.8,-2552800,-18.3,29906443671,1037,-182,-14.9,3741513,77,110,2026-06-29,2026-08-15 15:58:02
10,-1,OLD,20264241,정동원 팬콘서트 필름 : 다시 만나는 길,2026-06-26,25675000,1.9,-31900000,-55.4,233050000,1027,-1276,-55.4,9322,39,56,2026-06-29,2026-08-15 15:58:02
1,0,OLD,20259781,토이 스토리 5,2026-06-17,422576670,30.7,2712980,0.6,17529568230,42008,1309,3.2,1700030,1156,4210,2026-06-30,2026-08-15 15:58:01
2,0,OLD,20242402,눈동자,2026-06-24,396451100,28.8,3351450,0.9,3868237250,39317,819,2.1,383037,832,2790,2026-06-30,2026-08-15 15:58:01
3,0,OLD,20252402,군체,2026-05-21,152933800,11.1,9105080,6.3,60524013940,15821,1418,9.8,5744237,687,1781,2026-06-30,2026-08-15 15:58:01
4,0,OLD,20248252,와일드 씽,2026-06-03,93477950,6.8,5340690,6.1,12143679410,10151,737,7.8,1253604,641,1469,2026-06-30,2026-08-15 15:58:01
5,0,OLD,20250489,슈퍼걸,2026-06-24,57685420,4.2,-4022040,-6.5,1282409750,6075,-206,-3.3,124203,678,1578,2026-06-30,2026-08-15 15:58:01
6,0,OLD,20263030,백룸,2026-05-27,54460000,4.0,-1905620,-3.4,12423496240,5129,-84,-1.6,1164295,343,568,2026-06-30,2026-08-15 15:58:01
7,1,OLD,20261524,짝사랑 세계,2026-06-24,10015880,0.7,543680,5.7,113760050,1422,258,22.2,14192,128,231,2026-06-30,2026-08-15 15:58:01
8,3,OLD,20258945,너만 보이는 날,2026-06-24,10961300,0.8,3417400,45.3,140667800,1363,492,56.5,15968,135,162,2026-06-30,2026-08-15 15:58:01
9,0,OLD,20149629,비긴 어게인,2014-08-13,12156000,0.9,781750,6.9,29918599671,1116,79,7.6,3742629,77,111,2026-06-30,2026-08-15 15:58:01
10,0,OLD,20264241,정동원 팬콘서트 필름 : 다시 만나는 길,2026-06-26,24850000,1.8,-825000,-3.2,257900000,994,-33,-3.2,10316,40,54,2026-06-30,2026-08-15 15:58:01
1,1,OLD,20242402,눈동자,2026-06-24,484253960,27.6,87802860,22.1,4352491210,49098,9781,24.9,432135,872,2804,2026-07-01,2026-08-15 15:58:01
2,-1,OLD,20259781,토이 스토리 5,2026-06-17,432151920,24.6,9575250,2.3,17961720150,44064,2056,4.9,1744094,1030,3444,2026-07-01,2026-08-15 15:58:01
3,27,OLD,20263530,마티 슈프림,2026-07-01,193904300,11.0,190905300,6365.6,217160300,19984,19764,8983.6,21401,738,1625,2026-07-01,2026-08-15 15:58:01
4,-1,OLD,20252402,군체,2026-05-21,141312050,8.0,-11621750,-7.6,60665325990,13988,-1833,-11.6,5758225,666,1485,2026-07-01,2026-08-15 15:58:01
5,0,NEW,20264056,그린랜드 2: 마이그레이션,2026-07-01,75379040,4.3,75379040,100.0,80077390,8165,8165,100.0,8583,378,733,2026-07-01,2026-08-15 15:58:01
6,-2,OLD,20248252,와일드 씽,2026-06-03,71287470,4.1,-22190480,-23.7,12214966880,7779,-2372,-23.4,1261383,589,991,2026-07-01,2026-08-15 15:58:01
7,0,NEW,20264027,극장판 도라에몽: 신 진구의 해저비밀성,2026-07-01,55607700,3.2,55607700,100.0,66426700,6619,6619,100.0,7521,141,538,2026-07-01,2026-08-15 15:58:01
8,0,NEW,20264427,극장판 암살교실 모두의 시간,2026-07-01,51645800,2.9,51645800,100.0,51645800,4845,4845,100.0,4845,143,214,2026-07-01,2026-08-15 15:58:01
9,-3,OLD,20263030,백룸,2026-05-27,40111700,2.3,-14348300,-26.3,12463607940,3866,-1263,-24.6,1168161,229,310,2026-07-01,2026-08-15 15:58:01
10,-5,OLD,20250489,슈퍼걸,2026-06-24,30624140,1.7,-27061280,-46.9,1313033890,3193,-2882,-47.4,127396,507,706,2026-07-01,2026-08-15 15:58:01
1,0,OLD,20242402,눈동자,2026-06-24,502105750,31.5,17851790,3.7,4854596960,50720,1622,3.3,482855,894,2870,2026-07-02,2026-08-15 15:58:00
2,0,OLD,20259781,토이 스토리 5,2026-06-17,445949430,28.0,13797510,3.2,18407669580,45353,1289,2.9,1789447,1043,3434,2026-07-02,2026-08-15 15:58:00
3,1,OLD,20252402,군체,2026-05-21,130457230,8.2,-10854820,-7.7,60795783220,13009,-979,-7.0,5771234,667,1465,2026-07-02,2026-08-15 15:58:00
4,-1,OLD,20263530,마티 슈프림,2026-07-01,103410000,6.5,-90494300,-46.7,320570300,10360,-9624,-48.2,31761,686,1464,2026-07-02,2026-08-15 15:58:00
5,1,OLD,20248252,와일드 씽,2026-06-03,64777100,4.1,-6510370,-9.1,12279743980,6987,-792,-10.2,1268370,576,965,2026-07-02,2026-08-15 15:58:00
6,-1,OLD,20264056,그린랜드 2: 마이그레이션,2026-07-01,56349380,3.5,-19029660,-25.2,136426770,6288,-1877,-23.0,14871,374,709,2026-07-02,2026-08-15 15:58:00
7,2,OLD,20263030,백룸,2026-05-27,40302970,2.5,191270,0.5,12503910910,3843,-23,-0.6,1172004,237,312,2026-07-02,2026-08-15 15:58:00
8,-1,OLD,20264027,극장판 도라에몽: 신 진구의 해저비밀성,2026-07-01,28634200,1.8,-26973500,-48.5,95060900,3157,-3462,-52.3,10678,143,495,2026-07-02,2026-08-15 15:58:00
9,-1,OLD,20264427,극장판 암살교실 모두의 시간,2026-07-01,28552350,1.8,-23093450,-44.7,80198150,2680,-2165,-44.7,7525,145,210,2026-07-02,2026-08-15 15:58:00
10,0,OLD,20250489,슈퍼걸,2026-06-24,24055970,1.5,-6568170,-21.4,1337089860,2567,-626,-19.6,129963,471,619,2026-07-02,2026-08-15 15:58:00
1,0,OLD,20242402,눈동자,2026-06-24,941041030,37.7,438935280,87.4,5795637990,91438,40718,80.3,574293,1032,3483,2026-07-03,2026-08-15 15:57:59
2,0,OLD,20259781,토이 스토리 5,2026-06-17,745467220,29.9,299517790,67.2,19153136800,72727,27374,60.4,1862174,1160,4089,2026-07-03,2026-08-15 15:57:59
3,0,OLD,20252402,군체,2026-05-21,197652810,7.9,67195580,51.5,60993436030,19053,6044,46.5,5790287,682,1452,2026-07-03,2026-08-15 15:57:59
4,0,OLD,20263530,마티 슈프림,2026-07-01,112328290,4.5,8918290,8.6,432898590,10570,210,2.0,42331,656,1391,2026-07-03,2026-08-15 15:57:59
5,0,OLD,20248252,와일드 씽,2026-06-03,88140490,3.5,23363390,36.1,12367884470,8944,1957,28.0,1277314,606,1006,2026-07-03,2026-08-15 15:57:59
6,1,OLD,20263030,백룸,2026-05-27,66459970,2.7,26157000,64.9,12570370880,6085,2242,58.3,1178089,262,363,2026-07-03,2026-08-15 15:57:59
7,-1,OLD,20264056,그린랜드 2: 마이그레이션,2026-07-01,54036780,2.2,-2312600,-4.1,190463550,5656,-632,-10.1,20527,370,660,2026-07-03,2026-08-15 15:57:59
8,0,OLD,20264027,극장판 도라에몽: 신 진구의 해저비밀성,2026-07-01,45713650,1.8,17079450,59.6,140774550,5371,2214,70.1,16049,148,543,2026-07-03,2026-08-15 15:57:59
9,1,OLD,20250489,슈퍼걸,2026-06-24,24436400,1.0,380430,1.6,1361526260,2555,-12,-0.5,132518,412,516,2026-07-03,2026-08-15 15:57:59
10,-1,OLD,20264427,극장판 암살교실 모두의 시간,2026-07-01,26992200,1.1,-1560150,-5.5,107190350,2496,-184,-6.9,10021,137,201,2026-07-03,2026-08-15 15:57:59
1,1,OLD,20259781,토이 스토리 5,2026-06-17,1868070190,40.7,1122602970,150.6,21021206990,183905,111178,152.9,2046079,1496,6058,2026-07-04,2026-08-15 15:57:58
2,-1,OLD,20242402,눈동자,2026-06-24,1440932480,31.4,499891450,53.1,7236570470,141257,49819,54.5,715550,1177,4257,2026-07-04,2026-08-15 15:57:58
3,0,OLD,20252402,군체,2026-05-21,284293410,6.2,86640600,43.8,61277729440,27477,8424,44.2,5817764,711,1306,2026-07-04,2026-08-15 15:57:58
4,0,OLD,20263530,마티 슈프림,2026-07-01,165139780,3.6,52811490,47.0,598038370,15083,4513,42.7,57414,656,1143,2026-07-04,2026-08-15 15:57:58
5,0,OLD,20248252,와일드 씽,2026-06-03,140215530,3.1,52075040,59.1,12508100000,14047,5103,57.1,1291361,557,917,2026-07-04,2026-08-15 15:57:58
6,2,OLD,20264027,극장판 도라에몽: 신 진구의 해저비밀성,2026-07-01,114869150,2.5,69155500,151.3,255643700,12650,7279,135.5,28699,194,616,2026-07-04,2026-08-15 15:57:58
7,0,OLD,20264056,그린랜드 2: 마이그레이션,2026-07-01,78780490,1.7,24743710,45.8,269244040,7954,2298,40.6,28481,353,562,2026-07-04,2026-08-15 15:57:58
8,-2,OLD,20263030,백룸,2026-05-27,81337670,1.8,14877700,22.4,12651708550,7607,1522,25.0,1185696,240,347,2026-07-04,2026-08-15 15:57:58
9,1,OLD,20264427,극장판 암살교실 모두의 시간,2026-07-01,39270300,0.9,12278100,45.5,146460650,3746,1250,50.1,13767,133,185,2026-07-04,2026-08-15 15:57:58
10,-1,OLD,20250489,슈퍼걸,2026-06-24,31833920,0.7,7397520,30.3,1393360180,3280,725,28.4,135798,365,484,2026-07-04,2026-08-15 15:57:58
1,0,OLD,20259781,토이 스토리 5,2026-06-17,1739730750,41.5,-128339440,-6.9,22760937740,172402,-11503,-6.3,2218481,1463,5799,2026-07-05,2026-08-15 15:57:58
2,0,OLD,20242402,눈동자,2026-06-24,1307395760,31.2,-133536720,-9.3,8543966230,127134,-14123,-10.0,842684,1157,4082,2026-07-05,2026-08-15 15:57:58
3,0,OLD,20252402,군체,2026-05-21,252991750,6.0,-31301660,-11.0,61530721190,24538,-2939,-10.7,5842302,680,1241,2026-07-05,2026-08-15 15:57:58
4,0,OLD,20263530,마티 슈프림,2026-07-01,142326980,3.4,-22812800,-13.8,740365350,12848,-2235,-14.8,70262,627,1065,2026-07-05,2026-08-15 15:57:58
5,0,OLD,20248252,와일드 씽,2026-06-03,119173390,2.8,-21042140,-15.0,12627273390,12250,-1797,-12.8,1303611,554,865,2026-07-05,2026-08-15 15:57:58
6,0,OLD,20264027,극장판 도라에몽: 신 진구의 해저비밀성,2026-07-01,108132600,2.6,-6736550,-5.9,363776300,11358,-1292,-10.2,40057,194,592,2026-07-05,2026-08-15 15:57:58
7,0,OLD,20264056,그린랜드 2: 마이그레이션,2026-07-01,70569240,1.7,-8211250,-10.4,339813280,7092,-862,-10.8,35573,349,550,2026-07-05,2026-08-15 15:57:58
8,0,OLD,20263030,백룸,2026-05-27,68131960,1.6,-13205710,-16.2,12719840510,6387,-1220,-16.0,1192083,235,325,2026-07-05,2026-08-15 15:57:58
9,2,OLD,20262902,다윗,2026-07-10,41267600,1.0,13840600,50.5,139459600,4968,1797,56.7,16159,87,87,2026-07-05,2026-08-15 15:57:58
10,-1,OLD,20264427,극장판 암살교실 모두의 시간,2026-07-01,36534950,0.9,-2735350,-7.0,182995600,3453,-293,-7.8,17220,132,180,2026-07-05,2026-08-15 15:57:58
1,1,OLD,20242402,눈동자,2026-06-24,439220960,36.7,-868174800,-66.4,8983187190,43648,-83486,-65.7,886332,994,3534,2026-07-06,2026-08-15 15:57:57
2,-1,OLD,20259781,토이 스토리 5,2026-06-17,310925150,26.0,-1428805600,-82.1,23071862890,30951,-141451,-82.0,2249432,987,3305,2026-07-06,2026-08-15 15:57:57
3,0,OLD,20252402,군체,2026-05-21,100448800,8.4,-152542950,-60.3,61631169990,9642,-14896,-60.7,5851944,624,1416,2026-07-06,2026-08-15 15:57:57
4,0,OLD,20263530,마티 슈프림,2026-07-01,57034710,4.8,-85292270,-59.9,797400060,5506,-7342,-57.1,75768,553,1020,2026-07-06,2026-08-15 15:57:57
5,0,OLD,20248252,와일드 씽,2026-06-03,44918750,3.8,-74254640,-62.3,12672192140,4806,-7444,-60.8,1308417,491,831,2026-07-06,2026-08-15 15:57:57
6,2,OLD,20263030,백룸,2026-05-27,29473300,2.5,-38658660,-56.7,12749313810,2775,-3612,-56.6,1194858,229,314,2026-07-06,2026-08-15 15:57:57
7,0,OLD,20264056,그린랜드 2: 마이그레이션,2026-07-01,24681370,2.1,-45887870,-65.0,364494650,2587,-4505,-63.5,38160,327,525,2026-07-06,2026-08-15 15:57:57
8,-2,OLD,20264027,극장판 도라에몽: 신 진구의 해저비밀성,2026-07-01,16379400,1.4,-91753200,-84.9,380155700,1604,-9754,-85.9,41661,132,387,2026-07-06,2026-08-15 15:57:57
9,1,OLD,20264427,극장판 암살교실 모두의 시간,2026-07-01,14055050,1.2,-22479900,-61.5,197050650,1313,-2140,-62.0,18533,125,175,2026-07-06,2026-08-15 15:57:57
10,9,OLD,20264352,앤팀 브이알 콘서트 : 바운드리스,2026-06-26,37383000,3.1,10191000,37.5,309282000,1041,284,37.5,8609,1,8,2026-07-06,2026-08-15 15:57:57
1,0,OLD,20242402,눈동자,2026-06-24,443146330,36.0,3925370,0.9,9426333520,44464,816,1.9,930796,1002,3536,2026-07-07,2026-08-15 15:57:56
2,0,OLD,20259781,토이 스토리 5,2026-06-17,333113730,27.1,22188580,7.1,23404976620,33386,2435,7.9,2282818,1026,3360,2026-07-07,2026-08-15 15:57:56
3,0,OLD,20252402,군체,2026-05-21,96531700,7.8,-3917100,-3.9,61727701690,9370,-272,-2.8,5861314,608,1379,2026-07-07,2026-08-15 15:57:56
4,0,OLD,20263530,마티 슈프림,2026-07-01,56279800,4.6,-754910,-1.3,853679860,5542,36,0.7,81310,562,1025,2026-07-07,2026-08-15 15:57:56
5,0,OLD,20248252,와일드 씽,2026-06-03,43375100,3.5,-1543650,-3.4,12715567240,4631,-175,-3.6,1313048,501,821,2026-07-07,2026-08-15 15:57:56
6,1,OLD,20264056,그린랜드 2: 마이그레이션,2026-07-01,28259500,2.3,3578130,14.5,392754150,3039,452,17.5,41199,337,540,2026-07-07,2026-08-15 15:57:56
7,-1,OLD,20263030,백룸,2026-05-27,29173800,2.4,-299500,-1.0,12778487610,2736,-39,-1.4,1197594,229,314,2026-07-07,2026-08-15 15:57:56
8,5,OLD,20261524,짝사랑 세계,2026-06-24,11382000,0.9,5552600,95.3,183745680,1671,951,132.1,23203,109,153,2026-07-07,2026-08-15 15:57:56
9,-1,OLD,20264027,극장판 도라에몽: 신 진구의 해저비밀성,2026-07-01,15022200,1.2,-1357200,-8.3,395177900,1482,-122,-7.6,43143,126,366,2026-07-07,2026-08-15 15:57:56
10,-1,OLD,20264427,극장판 암살교실 모두의 시간,2026-07-01,14370000,1.2,314950,2.2,211420650,1344,31,2.4,19877,124,171,2026-07-07,2026-08-15 15:57:56
1,14,OLD,20259946,모아나,2026-07-08,669874810,36.1,659266810,6214.8,680482810,67025,66401,10641.2,67649,1374,5260,2026-07-08,2026-08-15 15:57:55
2,-1,OLD,20242402,눈동자,2026-06-24,473954840,25.5,30808510,7.0,9900288360,50512,6048,13.6,981308,982,3538,2026-07-08,2026-08-15 15:57:55
3,-1,OLD,20259781,토이 스토리 5,2026-06-17,317517550,17.1,-15596180,-4.7,23722494170,34341,955,2.9,2317159,756,2284,2026-07-08,2026-08-15 15:57:55
4,-1,OLD,20252402,군체,2026-05-21,83813500,4.5,-12718200,-13.2,61811515190,8621,-749,-8.0,5869935,524,889,2026-07-08,2026-08-15 15:57:55
5,0,OLD,20248252,와일드 씽,2026-06-03,35945850,1.9,-7429250,-17.1,12751513090,4218,-413,-8.9,1317266,332,480,2026-07-08,2026-08-15 15:57:55
6,-2,OLD,20263530,마티 슈프림,2026-07-01,36736850,2.0,-19542950,-34.7,890416710,3757,-1785,-32.2,85067,200,239,2026-07-08,2026-08-15 15:57:55
7,0,NEW,20262651,하나 코리아,2026-07-08,21131850,1.1,21131850,100.0,39891750,2500,2500,100.0,4129,170,228,2026-07-08,2026-08-15 15:57:55
8,-1,OLD,20263030,백룸,2026-05-27,19573500,1.1,-9600300,-32.9,12798061110,1963,-773,-28.3,1199557,108,145,2026-07-08,2026-08-15 15:57:55
9,0,NEW,20261410,키퍼,2026-07-08,13428900,0.7,13428900,100.0,13428900,1948,1948,100.0,1948,119,194,2026-07-08,2026-08-15 15:57:55
10,0,NEW,20261467,시크릿 에이전트,2026-07-08,16242150,0.9,16242150,100.0,27253420,1742,1742,100.0,2779,83,93,2026-07-08,2026-08-15 15:57:55
1,0,OLD,20259946,모아나,2026-07-08,439641000,30.0,-230233810,-34.4,1120123810,39887,-27138,-40.5,107536,1349,4937,2026-07-09,2026-08-15 15:57:55
2,0,OLD,20242402,눈동자,2026-06-24,397856450,27.2,-76098390,-16.1,10298144810,38125,-12387,-24.5,1019433,960,3499,2026-07-09,2026-08-15 15:57:55
3,0,OLD,20259781,토이 스토리 5,2026-06-17,254272790,17.4,-63244760,-19.9,23976766960,24625,-9716,-28.3,2341784,756,2288,2026-07-09,2026-08-15 15:57:55
4,0,OLD,20252402,군체,2026-05-21,77814590,5.3,-5998910,-7.2,61889329780,7381,-1240,-14.4,5877316,530,895,2026-07-09,2026-08-15 15:57:55
5,0,OLD,20248252,와일드 씽,2026-06-03,30304300,2.1,-5641550,-15.7,12781817390,3641,-577,-13.7,1320907,345,495,2026-07-09,2026-08-15 15:57:55
6,6,OLD,20264056,그린랜드 2: 마이그레이션,2026-07-01,26526200,1.8,12023800,82.9,433782750,3012,1511,100.7,45712,154,200,2026-07-09,2026-08-15 15:57:55
7,-1,OLD,20263530,마티 슈프림,2026-07-01,30434700,2.1,-6302150,-17.2,920851410,2737,-1020,-27.1,87804,204,235,2026-07-09,2026-08-15 15:57:55
8,-1,OLD,20262651,하나 코리아,2026-07-08,17812050,1.2,-3319800,-15.7,57703800,2136,-364,-14.6,6265,146,204,2026-07-09,2026-08-15 15:57:55
9,0,OLD,20261410,키퍼,2026-07-08,10121950,0.7,-3306950,-24.6,23550850,1491,-457,-23.5,3439,99,175,2026-07-09,2026-08-15 15:57:55
10,-2,OLD,20263030,백룸,2026-05-27,15213850,1.0,-4359650,-22.3,12813274960,1319,-644,-32.8,1200876,107,142,2026-07-09,2026-08-15 15:57:55
1,0,OLD,20259946,모아나,2026-07-08,677949060,31.7,238308060,54.2,1798072870,58817,18930,47.5,166353,1329,5091,2026-07-10,2026-08-15 15:57:54
2,0,OLD,20242402,눈동자,2026-06-24,556516060,26.0,158659610,39.9,10854660870,50730,12605,33.1,1070163,956,3476,2026-07-10,2026-08-15 15:57:54
3,0,OLD,20259781,토이 스토리 5,2026-06-17,382208530,17.9,127935740,50.3,24358975490,36305,11680,47.4,2378089,745,2290,2026-07-10,2026-08-15 15:57:54
4,11,OLD,20262902,다윗,2026-07-10,81992220,3.8,75514220,1165.7,235386620,7840,7094,950.9,25634,547,1191,2026-07-10,2026-08-15 15:57:54
5,-1,OLD,20252402,군체,2026-05-21,87793600,4.1,9979010,12.8,61977123380,7837,456,6.2,5885153,501,789,2026-07-10,2026-08-15 15:57:54
6,-1,OLD,20248252,와일드 씽,2026-06-03,33009550,1.5,2705250,8.9,12814826940,3787,146,4.0,1324694,318,434,2026-07-10,2026-08-15 15:57:54
7,0,OLD,20263530,마티 슈프림,2026-07-01,39670100,1.9,9235400,30.3,960521510,3526,789,28.8,91330,202,231,2026-07-10,2026-08-15 15:57:54
8,-2,OLD,20264056,그린랜드 2: 마이그레이션,2026-07-01,25785900,1.2,-740300,-2.8,459568650,2819,-193,-6.4,48531,136,162,2026-07-10,2026-08-15 15:57:54
9,-1,OLD,20262651,하나 코리아,2026-07-08,19328800,0.9,1516750,8.5,77032600,2139,3,0.1,8404,140,192,2026-07-10,2026-08-15 15:57:54
10,0,OLD,20263030,백룸,2026-05-27,22060900,1.0,6847050,45.0,12835335860,1807,488,37.0,1202683,126,154,2026-07-10,2026-08-15 15:57:54
1,0,OLD,20259946,모아나,2026-07-08,2016796640,37.5,1338847580,197.5,3814869510,180176,121359,206.3,346529,1449,6004,2026-07-11,2026-08-15 15:57:54
2,0,OLD,20242402,눈동자,2026-06-24,1215565510,22.6,659049450,118.4,12070226380,111498,60768,119.8,1181661,1026,3833,2026-07-11,2026-08-15 15:57:54
3,0,OLD,20259781,토이 스토리 5,2026-06-17,1126596760,20.9,744388230,194.8,25485572250,103545,67240,185.2,2481634,994,3128,2026-07-11,2026-08-15 15:57:54
4,0,OLD,20262902,다윗,2026-07-10,235651590,4.4,153659370,187.4,471038210,23132,15292,195.1,48766,649,1343,2026-07-11,2026-08-15 15:57:54
5,0,OLD,20252402,군체,2026-05-21,175498700,3.3,87705100,99.9,62152622080,15644,7807,99.6,5900797,517,777,2026-07-11,2026-08-15 15:57:54
6,1,OLD,20263530,마티 슈프림,2026-07-01,71051950,1.3,31381850,79.1,1031573460,5870,2344,66.5,97200,195,214,2026-07-11,2026-08-15 15:57:54
7,5,OLD,20264027,극장판 도라에몽: 신 진구의 해저비밀성,2026-07-01,58551550,1.1,45328050,342.8,490319400,5580,4376,363.5,52270,199,347,2026-07-11,2026-08-15 15:57:54
8,0,NEW,20233219,호프,2026-07-15,76440000,1.4,76440000,100.0,84426000,5096,5096,100.0,5630,27,27,2026-07-11,2026-08-15 15:57:54
9,-3,OLD,20248252,와일드 씽,2026-06-03,42988250,0.8,9978700,30.2,12857815190,4813,1026,27.1,1329507,301,379,2026-07-11,2026-08-15 15:57:54
10,0,OLD,20263030,백룸,2026-05-27,42134300,0.8,20073400,91.0,12877470160,3479,1672,92.5,1206162,119,154,2026-07-11,2026-08-15 15:57:54
1,0,OLD,20259946,모아나,2026-07-08,1824374270,37.6,-192422370,-9.5,5639243780,164927,-15249,-8.5,511456,1435,5749,2026-07-12,2026-08-15 15:57:53
2,1,OLD,20259781,토이 스토리 5,2026-06-17,1060338000,21.8,-66258760,-5.9,26545910250,98662,-4883,-4.7,2580296,1012,3094,2026-07-12,2026-08-15 15:57:53
3,-1,OLD,20242402,눈동자,2026-06-24,1039009150,21.4,-176556360,-14.5,13109235530,95577,-15921,-14.3,1277238,1035,3626,2026-07-12,2026-08-15 15:57:53
4,0,OLD,20262902,다윗,2026-07-10,269567020,5.6,33915430,14.4,740605230,26703,3571,15.4,75469,669,1249,2026-07-12,2026-08-15 15:57:53
5,0,OLD,20252402,군체,2026-05-21,150602370,3.1,-24896330,-14.2,62303224450,13527,-2117,-13.5,5914324,501,736,2026-07-12,2026-08-15 15:57:53
6,2,OLD,20233219,호프,2026-07-15,75750000,1.6,-690000,-0.9,160176000,5050,-46,-0.9,10680,27,27,2026-07-12,2026-08-15 15:57:53
7,-1,OLD,20263530,마티 슈프림,2026-07-01,54726100,1.1,-16325850,-23.0,1086299560,4890,-980,-16.7,102090,187,209,2026-07-12,2026-08-15 15:57:53
8,-1,OLD,20264027,극장판 도라에몽: 신 진구의 해저비밀성,2026-07-01,51602950,1.1,-6948600,-11.9,541922350,4880,-700,-12.5,57150,188,323,2026-07-12,2026-08-15 15:57:53
9,0,OLD,20248252,와일드 씽,2026-06-03,32698100,0.7,-10290150,-23.9,12890513290,3721,-1092,-22.7,1333228,269,329,2026-07-12,2026-08-15 15:57:53
10,0,OLD,20263030,백룸,2026-05-27,34311950,0.7,-7822350,-18.6,12911782110,2901,-578,-16.6,1209063,111,148,2026-07-12,2026-08-15 15:57:53
1,0,OLD,20259946,모아나,2026-07-08,322845250,28.1,-1501529020,-82.3,5962089030,29084,-135843,-82.4,540540,1127,4097,2026-07-13,2026-08-15 15:57:52
2,1,OLD,20242402,눈동자,2026-06-24,287804770,25.0,-751204380,-72.3,13397040300,26897,-68680,-71.9,1304135,898,3214,2026-07-13,2026-08-15 15:57:52
3,-1,OLD,20259781,토이 스토리 5,2026-06-17,184909200,16.1,-875428800,-82.6,26730819450,17731,-80931,-82.0,2598027,697,2082,2026-07-13,2026-08-15 15:57:52
4,1,OLD,20252402,군체,2026-05-21,64586700,5.6,-86015670,-57.1,62367811150,6106,-7421,-54.9,5920430,493,788,2026-07-13,2026-08-15 15:57:52
5,-1,OLD,20262902,다윗,2026-07-10,55746350,4.9,-213820670,-79.3,796351580,5314,-21389,-80.1,80783,455,922,2026-07-13,2026-08-15 15:57:52
6,0,OLD,20233219,호프,2026-07-15,42309000,3.7,-33441000,-44.1,202485000,4365,-685,-13.6,15045,17,17,2026-07-13,2026-08-15 15:57:52
7,0,OLD,20263530,마티 슈프림,2026-07-01,33420950,2.9,-21305150,-38.9,1119720510,2961,-1929,-39.4,105051,185,211,2026-07-13,2026-08-15 15:57:52
8,1,OLD,20248252,와일드 씽,2026-06-03,16734300,1.5,-15963800,-48.8,12907247590,1947,-1774,-47.7,1335175,272,337,2026-07-13,2026-08-15 15:57:52
9,3,OLD,20264056,그린랜드 2: 마이그레이션,2026-07-01,13169800,1.1,-4914550,-27.2,514545200,1346,-389,-22.4,53889,130,160,2026-07-13,2026-08-15 15:57:52
10,0,OLD,20263030,백룸,2026-05-27,15534050,1.4,-18777900,-54.7,12927316160,1325,-1576,-54.3,1210388,105,139,2026-07-13,2026-08-15 15:57:52
1,0,OLD,20259946,모아나,2026-07-08,282484450,26.4,-40360800,-12.5,6244573480,25966,-3118,-10.7,566506,1155,3922,2026-07-14,2026-08-15 15:57:52
2,0,OLD,20242402,눈동자,2026-06-24,245576930,23.0,-42227840,-14.7,13642617230,22901,-3996,-14.9,1327036,890,3096,2026-07-14,2026-08-15 15:57:52
3,0,OLD,20259781,토이 스토리 5,2026-06-17,175798050,16.5,-9111150,-4.9,26906617500,17149,-582,-3.3,2615176,700,2072,2026-07-14,2026-08-15 15:57:52
4,0,OLD,20252402,군체,2026-05-21,61387200,5.7,-3199500,-5.0,62429198350,5977,-129,-2.1,5926407,502,791,2026-07-14,2026-08-15 15:57:52
5,0,OLD,20262902,다윗,2026-07-10,58185850,5.4,2439500,4.4,854537430,5797,483,9.1,86580,483,900,2026-07-14,2026-08-15 15:57:52
6,1,OLD,20263530,마티 슈프림,2026-07-01,34668400,3.2,1247450,3.7,1154388910,3118,157,5.3,108169,195,227,2026-07-14,2026-08-15 15:57:52
7,1,OLD,20248252,와일드 씽,2026-06-03,22360800,2.1,5626500,33.6,12929608390,2427,480,24.7,1337602,288,369,2026-07-14,2026-08-15 15:57:52
8,-2,OLD,20233219,호프,2026-07-15,33223000,3.1,-9086000,-21.5,235708000,2313,-2052,-47.0,17358,7,7,2026-07-14,2026-08-15 15:57:52
9,1,OLD,20263030,백룸,2026-05-27,13637750,1.3,-1896300,-12.2,12940953910,1158,-167,-12.6,1211546,101,129,2026-07-14,2026-08-15 15:57:52
10,3,OLD,20262651,하나 코리아,2026-07-08,9248250,0.9,2576200,38.6,119943450,993,263,36.0,12896,131,167,2026-07-14,2026-08-15 15:57:52
1,7,OLD,20233219,호프,2026-07-15,3668205360,81.3,3634982360,10941.2,3903913360,333886,331573,14335.2,351244,2403,8343,2026-07-15,2026-08-15 15:57:51
2,0,NEW,20261784,미니언즈 & 몬스터즈,2026-07-15,328214270,7.3,328214270,100.0,362105030,31725,31725,100.0,35562,851,2448,2026-07-15,2026-08-15 15:57:51
3,-2,OLD,20259946,모아나,2026-07-08,134229500,3.0,-148254950,-52.5,6378802980,13018,-12948,-49.9,579524,657,1142,2026-07-15,2026-08-15 15:57:51
4,-2,OLD,20242402,눈동자,2026-06-24,122870500,2.7,-122706430,-50.0,13765487730,11859,-11042,-48.2,1338895,579,913,2026-07-15,2026-08-15 15:57:51
5,-2,OLD,20259781,토이 스토리 5,2026-06-17,82932620,1.8,-92865430,-52.8,26989550120,8518,-8631,-50.3,2623694,440,584,2026-07-15,2026-08-15 15:57:51
6,-1,OLD,20262902,다윗,2026-07-10,35281350,0.8,-22904500,-39.4,889818780,3976,-1821,-31.4,90556,312,368,2026-07-15,2026-08-15 15:57:51
7,-1,OLD,20263530,마티 슈프림,2026-07-01,17953900,0.4,-16714500,-48.2,1172342810,1386,-1732,-55.5,109555,66,70,2026-07-15,2026-08-15 15:57:51
8,-1,OLD,20248252,와일드 씽,2026-06-03,10023350,0.2,-12337450,-55.2,12939631740,1205,-1222,-50.4,1338807,46,48,2026-07-15,2026-08-15 15:57:51
9,-5,OLD,20252402,군체,2026-05-21,11343050,0.3,-50044150,-81.5,62440541400,1122,-4855,-81.2,5927529,126,144,2026-07-15,2026-08-15 15:57:51
10,0,NEW,20261421,나무의 노래, ,9297000,0.2,9297000,100.0,36505000,1033,1033,100.0,4185,6,6,2026-07-15,2026-08-15 15:57:51
1,0,OLD,20233219,호프,2026-07-15,3000925120,75.5,-667280240,-18.2,6904838480,274440,-59446,-17.8,625684,2424,8592,2026-07-16,2026-08-15 15:57:49
2,0,OLD,20261784,미니언즈 & 몬스터즈,2026-07-15,307914930,7.7,-20299340,-6.2,670019960,30647,-1078,-3.4,66209,893,2425,2026-07-16,2026-08-15 15:57:49
3,0,OLD,20259946,모아나,2026-07-08,191877660,4.8,57648160,42.9,6570680640,19016,5998,46.1,598540,709,1244,2026-07-16,2026-08-15 15:57:49
4,0,OLD,20242402,눈동자,2026-06-24,171895100,4.3,49024600,39.9,13937382830,16755,4896,41.3,1355650,626,989,2026-07-16,2026-08-15 15:57:49
5,0,OLD,20259781,토이 스토리 5,2026-06-17,116927250,2.9,33994630,41.0,27106477370,11751,3233,38.0,2635445,498,691,2026-07-16,2026-08-15 15:57:49
6,0,OLD,20262902,다윗,2026-07-10,42834450,1.1,7553100,21.4,932653230,4642,666,16.8,95198,321,372,2026-07-16,2026-08-15 15:57:49
7,2,OLD,20252402,군체,2026-05-21,20607100,0.5,9264050,81.7,62461148500,2069,947,84.4,5929598,142,164,2026-07-16,2026-08-15 15:57:49
8,-1,OLD,20263530,마티 슈프림,2026-07-01,17750400,0.4,-203500,-1.1,1190093210,1678,292,21.1,111233,60,67,2026-07-16,2026-08-15 15:57:49
9,8,OLD,20242837,왕과 사는 남자,2026-02-04,4391500,0.1,1595500,57.1,163192265340,662,229,52.9,16912665,14,14,2026-07-16,2026-08-15 15:57:49
10,4,OLD,20259551,파리의 사생활,2026-07-15,5229450,0.1,-1188300,-18.5,13285700,590,-81,-12.1,1391,30,32,2026-07-16,2026-08-15 15:57:49
1,0,OLD,20233219,호프,2026-07-15,6683752260,66.8,3682827140,122.7,13588590740,594768,320328,116.7,1220452,2386,8997,2026-07-17,2026-08-15 15:57:48
2,0,OLD,20261784,미니언즈 & 몬스터즈,2026-07-15,1319042570,13.2,1011127640,328.4,1989062530,126338,95691,312.2,192547,1043,3098,2026-07-17,2026-08-15 15:57:48
3,0,OLD,20259946,모아나,2026-07-08,708200360,7.1,516322700,269.1,7278881000,67550,48534,255.2,666090,774,1462,2026-07-17,2026-08-15 15:57:48
4,1,OLD,20259781,토이 스토리 5,2026-06-17,458698460,4.6,341771210,292.3,27565175830,42786,31035,264.1,2678231,566,847,2026-07-17,2026-08-15 15:57:48
5,-1,OLD,20242402,눈동자,2026-06-24,331535670,3.3,159640570,92.9,14268918500,30840,14085,84.1,1386490,614,946,2026-07-17,2026-08-15 15:57:48
6,0,OLD,20262902,다윗,2026-07-10,227917890,2.3,185083440,432.1,1160571120,22707,18065,389.2,117905,362,441,2026-07-17,2026-08-15 15:57:48
7,0,OLD,20252402,군체,2026-05-21,82266100,0.8,61659000,299.2,62543414600,6738,4669,225.7,5936336,131,159,2026-07-17,2026-08-15 15:57:48
8,9,OLD,20264027,극장판 도라에몽: 신 진구의 해저비밀성,2026-07-01,22827200,0.2,19008750,497.8,587525600,2288,1926,532.0,61600,78,85,2026-07-17,2026-08-15 15:57:48
9,-1,OLD,20263530,마티 슈프림,2026-07-01,22218970,0.2,4468570,25.2,1212312180,2034,356,21.2,113267,75,78,2026-07-17,2026-08-15 15:57:48
10,0,NEW,20264718,블리치 천년혈전 편 : 화진담,2026-07-04,16840000,0.2,16840000,100.0,158249000,1302,1302,100.0,11791,10,12,2026-07-17,2026-08-15 15:57:48
1,0,OLD,20233219,호프,2026-07-15,5741108520,67.9,-942643740,-14.1,19329699260,512174,-82594,-13.9,1732626,2376,8919,2026-07-18,2026-08-15 15:57:47
2,0,OLD,20261784,미니언즈 & 몬스터즈,2026-07-15,1008976360,11.9,-310066210,-23.5,2998038890,96184,-30154,-23.9,288731,1034,3003,2026-07-18,2026-08-15 15:57:47
3,0,OLD,20259946,모아나,2026-07-08,587196400,6.9,-121003960,-17.1,7866077400,56032,-11518,-17.1,722122,823,1533,2026-07-18,2026-08-15 15:57:47
4,0,OLD,20259781,토이 스토리 5,2026-06-17,404654280,4.8,-54044180,-11.8,27969830110,37157,-5629,-13.2,2715388,605,923,2026-07-18,2026-08-15 15:57:47
5,0,OLD,20242402,눈동자,2026-06-24,269537300,3.2,-61998370,-18.7,14538455800,24828,-6012,-19.5,1411318,598,901,2026-07-18,2026-08-15 15:57:47
6,0,OLD,20262902,다윗,2026-07-10,202855250,2.4,-25062640,-11.0,1363426370,20276,-2431,-10.7,138181,399,500,2026-07-18,2026-08-15 15:57:47
7,0,OLD,20252402,군체,2026-05-21,33374400,0.4,-48891700,-59.4,62576789000,2950,-3788,-56.2,5939286,121,142,2026-07-18,2026-08-15 15:57:47
8,0,OLD,20264027,극장판 도라에몽: 신 진구의 해저비밀성,2026-07-01,22477250,0.3,-349950,-1.5,610002850,2457,169,7.4,64057,88,108,2026-07-18,2026-08-15 15:57:47
9,0,OLD,20263530,마티 슈프림,2026-07-01,28178650,0.3,5959680,26.8,1240490830,2086,52,2.6,115353,67,73,2026-07-18,2026-08-15 15:57:47
10,0,OLD,20264718,블리치 천년혈전 편 : 화진담,2026-07-04,15972000,0.2,-868000,-5.2,174221000,1212,-90,-6.9,13003,11,12,2026-07-18,2026-08-15 15:57:47
1,0,OLD,20233219,호프,2026-07-15,4405144440,64.7,-1335964080,-23.3,23734843700,397003,-115171,-22.5,2129629,2334,8399,2026-07-19,2026-08-15 15:57:47
2,0,OLD,20261784,미니언즈 & 몬스터즈,2026-07-15,891152580,13.1,-117823780,-11.7,3889191470,85957,-10227,-10.6,374688,1039,2902,2026-07-19,2026-08-15 15:57:47
3,0,OLD,20259946,모아나,2026-07-08,518125570,7.6,-69070830,-11.8,8384202970,49965,-6067,-10.8,772087,846,1503,2026-07-19,2026-08-15 15:57:47
4,0,OLD,20259781,토이 스토리 5,2026-06-17,370677140,5.4,-33977140,-8.4,28340507250,34777,-2380,-6.4,2750165,596,926,2026-07-19,2026-08-15 15:57:47
5,1,OLD,20262902,다윗,2026-07-10,214691500,3.2,11836250,5.8,1578117870,21569,1293,6.4,159750,418,521,2026-07-19,2026-08-15 15:57:47
6,-1,OLD,20242402,눈동자,2026-06-24,215820980,3.2,-53716320,-19.9,14754276780,19890,-4938,-19.9,1431208,577,858,2026-07-19,2026-08-15 15:57:47
7,0,OLD,20252402,군체,2026-05-21,20615900,0.3,-12758500,-38.2,62597404900,1846,-1104,-37.4,5941132,113,124,2026-07-19,2026-08-15 15:57:47
8,1,OLD,20263530,마티 슈프림,2026-07-01,21355450,0.3,-6823200,-24.2,1261846280,1730,-356,-17.1,117083,69,76,2026-07-19,2026-08-15 15:57:47
9,-1,OLD,20264027,극장판 도라에몽: 신 진구의 해저비밀성,2026-07-01,16829600,0.2,-5647650,-25.1,626832450,1679,-778,-31.7,65736,83,100,2026-07-19,2026-08-15 15:57:47
10,0,OLD,20264718,블리치 천년혈전 편 : 화진담,2026-07-04,12498000,0.2,-3474000,-21.8,186719000,977,-235,-19.4,13980,9,10,2026-07-19,2026-08-15 15:57:47
1,0,OLD,20233219,호프,2026-07-15,1522232140,72.0,-2882912300,-65.4,25257075840,143061,-253942,-64.0,2272690,2209,7657,2026-07-20,2026-08-15 15:57:46
2,0,OLD,20261784,미니언즈 & 몬스터즈,2026-07-15,171812230,8.1,-719340350,-80.7,4061003700,16807,-69150,-80.4,391495,765,1938,2026-07-20,2026-08-15 15:57:46
3,0,OLD,20259946,모아나,2026-07-08,115022350,5.4,-403103220,-77.8,8499225320,11094,-38871,-77.8,783181,649,1216,2026-07-20,2026-08-15 15:57:46
4,2,OLD,20242402,눈동자,2026-06-24,108068050,5.1,-107752930,-49.9,14862344830,10217,-9673,-48.6,1441425,597,1007,2026-07-20,2026-08-15 15:57:46
5,-1,OLD,20259781,토이 스토리 5,2026-06-17,77806850,3.7,-292870290,-79.0,28418314100,7510,-27267,-78.4,2757675,486,706,2026-07-20,2026-08-15 15:57:46
6,-1,OLD,20262902,다윗,2026-07-10,31584200,1.5,-183107300,-85.3,1609702070,3242,-18327,-85.0,162992,298,367,2026-07-20,2026-08-15 15:57:46
7,0,OLD,20252402,군체,2026-05-21,11895350,0.6,-8720550,-42.3,62609300250,1125,-721,-39.1,5942257,137,162,2026-07-20,2026-08-15 15:57:46
8,0,OLD,20263530,마티 슈프림,2026-07-01,9671350,0.5,-11684100,-54.7,1271517630,881,-849,-49.1,117964,57,67,2026-07-20,2026-08-15 15:57:46
9,6,OLD,20264665,드림 애니멀즈: 더무비,2026-07-24,5886000,0.3,-553800,-8.6,76514800,654,190,40.9,8355,5,5,2026-07-20,2026-08-15 15:57:46
10,4,OLD,20259551,파리의 사생활,2026-07-15,3178250,0.2,-2088150,-39.7,36963200,352,-174,-33.1,3736,26,27,2026-07-20,2026-08-15 15:57:46
1,0,OLD,20233219,호프,2026-07-15,1344281460,66.9,-177950680,-11.7,26601357300,128899,-14162,-9.9,2401589,2224,7696,2026-07-21,2026-08-15 15:57:45
2,0,OLD,20261784,미니언즈 & 몬스터즈,2026-07-15,185873530,9.2,14061300,8.2,4246877230,18765,1958,11.6,410260,822,2003,2026-07-21,2026-08-15 15:57:45
3,0,OLD,20259946,모아나,2026-07-08,126872070,6.3,11849720,10.3,8626097390,12634,1540,13.9,795815,667,1266,2026-07-21,2026-08-15 15:57:45
4,0,OLD,20242402,눈동자,2026-06-24,126423600,6.3,18355550,17.0,14988768430,12341,2124,20.8,1453766,621,1030,2026-07-21,2026-08-15 15:57:45
5,0,OLD,20259781,토이 스토리 5,2026-06-17,84155290,4.2,6348440,8.2,28502469390,8400,890,11.9,2766075,503,741,2026-07-21,2026-08-15 15:57:45
6,0,OLD,20262902,다윗,2026-07-10,32834750,1.6,1250550,4.0,1642536820,3362,120,3.7,166354,306,369,2026-07-21,2026-08-15 15:57:45
7,0,OLD,20252402,군체,2026-05-21,13139400,0.7,1244050,10.5,62622439650,1252,127,11.3,5943509,134,160,2026-07-21,2026-08-15 15:57:45
8,0,NEW,20262381,사랑의 하츄핑: 고래보석의 전설,2026-08-05,7866000,0.4,7866000,100.0,7866000,874,874,100.0,874,4,4,2026-07-21,2026-08-15 15:57:45
9,-1,OLD,20263530,마티 슈프림,2026-07-01,8463100,0.4,-1208250,-12.5,1279980730,815,-66,-7.5,118779,51,61,2026-07-21,2026-08-15 15:57:45
10,10,OLD,20248252,와일드 씽,2026-06-03,6654950,0.3,4904950,280.3,12964695040,713,510,251.2,1341798,39,42,2026-07-21,2026-08-15 15:57:45
1,0,OLD,20233219,호프,2026-07-15,1346667560,66.2,2386100,0.2,27948024860,131739,2840,2.2,2533328,2230,7678,2026-07-22,2026-08-15 15:57:45
2,0,OLD,20261784,미니언즈 & 몬스터즈,2026-07-15,175919190,8.6,-9954340,-5.4,4422796420,18075,-690,-3.7,428335,759,1891,2026-07-22,2026-08-15 15:57:45
3,0,OLD,20259946,모아나,2026-07-08,132122460,6.5,5250390,4.1,8758219850,13159,525,4.2,808974,709,1378,2026-07-22,2026-08-15 15:57:45
4,0,OLD,20242402,눈동자,2026-06-24,114971420,5.7,-11452180,-9.1,15103739850,11292,-1049,-8.5,1465058,610,1092,2026-07-22,2026-08-15 15:57:45
5,0,OLD,20259781,토이 스토리 5,2026-06-17,88939870,4.4,4784580,5.7,28591409260,9028,628,7.5,2775103,517,792,2026-07-22,2026-08-15 15:57:45
6,0,OLD,20262902,다윗,2026-07-10,28969150,1.4,-3865600,-11.8,1671505970,3002,-360,-10.7,169356,305,376,2026-07-22,2026-08-15 15:57:45
7,0,NEW,20264753,호컴,2026-07-22,17871200,0.9,17871200,100.0,27511200,2032,2032,100.0,3142,124,192,2026-07-22,2026-08-15 15:57:45
8,0,NEW,20236493,지느러미,2026-07-22,14895450,0.7,14895450,100.0,25387750,1543,1543,100.0,2542,54,70,2026-07-22,2026-08-15 15:57:45
9,-2,OLD,20252402,군체,2026-05-21,15012200,0.7,1872800,14.3,62637451850,1414,162,12.9,5944923,145,174,2026-07-22,2026-08-15 15:57:45
10,-1,OLD,20263530,마티 슈프림,2026-07-01,12745350,0.6,4282250,50.6,1292726080,1216,401,49.2,119995,58,71,2026-07-22,2026-08-15 15:57:45
1,0,OLD,20233219,호프,2026-07-15,1174720200,64.8,-171947360,-12.8,29122745060,114997,-16742,-12.7,2648325,2222,7628,2026-07-23,2026-08-15 15:57:44
2,0,OLD,20261784,미니언즈 & 몬스터즈,2026-07-15,158052140,8.7,-17867050,-10.2,4580848560,16713,-1362,-7.5,445048,766,1884,2026-07-23,2026-08-15 15:57:44
3,0,OLD,20259946,모아나,2026-07-08,130141970,7.2,-1980490,-1.5,8888361820,13261,102,0.8,822235,699,1365,2026-07-23,2026-08-15 15:57:44
4,0,OLD,20242402,눈동자,2026-06-24,96438570,5.3,-18532850,-16.1,15200178420,9417,-1875,-16.6,1474475,611,1071,2026-07-23,2026-08-15 15:57:44
5,0,OLD,20259781,토이 스토리 5,2026-06-17,78656050,4.3,-10283820,-11.6,28670065310,8043,-985,-10.9,2783146,520,800,2026-07-23,2026-08-15 15:57:44
6,0,OLD,20262902,다윗,2026-07-10,41817500,2.3,12848350,44.4,1713323470,4502,1500,50.0,173858,310,393,2026-07-23,2026-08-15 15:57:44
7,0,OLD,20264753,호컴,2026-07-22,13348300,0.7,-4522900,-25.3,40859500,1508,-524,-25.8,4650,122,186,2026-07-23,2026-08-15 15:57:44
8,1,OLD,20252402,군체,2026-05-21,13167200,0.7,-1845000,-12.3,62650619050,1281,-133,-9.4,5946204,153,178,2026-07-23,2026-08-15 15:57:44
9,1,OLD,20263530,마티 슈프림,2026-07-01,9189650,0.5,-3555700,-27.9,1301915730,910,-306,-25.2,120905,53,68,2026-07-23,2026-08-15 15:57:44
10,0,NEW,20250654,오디세이,2026-08-05,10608000,0.6,10608000,100.0,10608000,624,624,100.0,624,1,1,2026-07-23,2026-08-15 15:57:44
1,0,OLD,20233219,호프,2026-07-15,1658248600,68.4,483528400,41.2,30780993660,153910,38913,33.8,2802235,2256,8064,2026-07-24,2026-08-15 15:57:43
2,0,OLD,20261784,미니언즈 & 몬스터즈,2026-07-15,196090780,8.1,38038640,24.1,4776939340,19957,3244,19.4,465005,794,1848,2026-07-24,2026-08-15 15:57:43
3,0,OLD,20259946,모아나,2026-07-08,160572600,6.6,30430630,23.4,9048934420,16041,2780,21.0,838276,743,1414,2026-07-24,2026-08-15 15:57:43
4,0,OLD,20242402,눈동자,2026-06-24,102241700,4.2,5803130,6.0,15302420120,9531,114,1.2,1484006,603,1035,2026-07-24,2026-08-15 15:57:43
5,0,OLD,20259781,토이 스토리 5,2026-06-17,97058920,4.0,18402870,23.4,28767124230,9456,1413,17.6,2792602,526,791,2026-07-24,2026-08-15 15:57:43
6,0,OLD,20262902,다윗,2026-07-10,50414700,2.1,8597200,20.6,1763738170,5347,845,18.8,179205,318,393,2026-07-24,2026-08-15 15:57:43
7,8,OLD,20264665,드림 애니멀즈: 더무비,2026-07-24,27319050,1.1,24338050,816.4,109862850,3368,2989,788.7,12472,305,389,2026-07-24,2026-08-15 15:57:43
8,-1,OLD,20264753,호컴,2026-07-22,14102200,0.6,753900,5.6,54961700,1540,32,2.1,6190,123,179,2026-07-24,2026-08-15 15:57:43
9,-1,OLD,20252402,군체,2026-05-21,13232820,0.5,65620,0.5,62663851870,1199,-82,-6.4,5947403,131,156,2026-07-24,2026-08-15 15:57:43
10,10,OLD,20248252,와일드 씽,2026-06-03,8107200,0.3,5547250,216.7,12981378590,1112,792,247.5,1344042,41,44,2026-07-24,2026-08-15 15:57:43
1,0,OLD,20233219,호프,2026-07-15,3478833330,67.7,1820584730,109.8,34259826990,327565,173655,112.8,3129800,2258,8412,2026-07-25,2026-08-15 15:57:42
2,0,OLD,20261784,미니언즈 & 몬스터즈,2026-07-15,491546840,9.6,295456060,150.7,5268486180,49512,29555,148.1,514517,1004,2391,2026-07-25,2026-08-15 15:57:42
3,0,OLD,20259946,모아나,2026-07-08,364078680,7.1,203506080,126.7,9413013100,36157,20116,125.4,874433,843,1653,2026-07-25,2026-08-15 15:57:42
4,1,OLD,20259781,토이 스토리 5,2026-06-17,227164930,4.4,130106010,134.0,28994289160,22032,12576,133.0,2814634,640,1013,2026-07-25,2026-08-15 15:57:42
5,1,OLD,20262902,다윗,2026-07-10,193831670,3.8,143416970,284.5,1957569840,20331,14984,280.2,199536,460,581,2026-07-25,2026-08-15 15:57:42
6,-2,OLD,20242402,눈동자,2026-06-24,154391050,3.0,52149350,51.0,15456811170,14534,5003,52.5,1498540,563,906,2026-07-25,2026-08-15 15:57:42
7,0,OLD,20264665,드림 애니멀즈: 더무비,2026-07-24,51606640,1.0,24287590,88.9,161469490,5690,2322,68.9,18162,378,518,2026-07-25,2026-08-15 15:57:42
8,3,OLD,20263530,마티 슈프림,2026-07-01,20402700,0.4,10282600,101.6,1332438530,1579,633,66.9,123430,58,66,2026-07-25,2026-08-15 15:57:42
9,0,NEW,20262381,사랑의 하츄핑: 고래보석의 전설,2026-08-05,17138000,0.3,17138000,100.0,29963000,1558,1558,100.0,2983,6,6,2026-07-25,2026-08-15 15:57:42
10,-1,OLD,20252402,군체,2026-05-21,15958770,0.3,2725950,20.6,62679810640,1447,248,20.7,5948850,112,127,2026-07-25,2026-08-15 15:57:42
1,0,OLD,20233219,호프,2026-07-15,3001077110,65.0,-477756220,-13.7,37260904100,285870,-41695,-12.7,3415670,2245,8010,2026-07-26,2026-08-15 15:57:42
2,0,OLD,20261784,미니언즈 & 몬스터즈,2026-07-15,477803500,10.3,-13743340,-2.8,5746289680,48445,-1067,-2.2,562962,981,2307,2026-07-26,2026-08-15 15:57:42
3,0,OLD,20259946,모아나,2026-07-08,346767280,7.5,-17311400,-4.8,9759780380,34802,-1355,-3.7,909235,860,1607,2026-07-26,2026-08-15 15:57:42
4,0,OLD,20259781,토이 스토리 5,2026-06-17,229075600,5.0,1910670,0.8,29223364760,22487,455,2.1,2837121,622,987,2026-07-26,2026-08-15 15:57:42
5,0,OLD,20262902,다윗,2026-07-10,200143340,4.3,6311670,3.3,2157713180,20815,484,2.4,220351,441,542,2026-07-26,2026-08-15 15:57:42
6,0,OLD,20242402,눈동자,2026-06-24,138652370,3.0,-15738680,-10.2,15595463540,13074,-1460,-10.0,1511614,521,823,2026-07-26,2026-08-15 15:57:42
7,0,OLD,20264665,드림 애니멀즈: 더무비,2026-07-24,57326820,1.2,5720180,11.1,218796310,6242,552,9.7,24404,378,509,2026-07-26,2026-08-15 15:57:42
8,0,OLD,20263530,마티 슈프림,2026-07-01,24763550,0.5,4360850,21.4,1357202080,1877,298,18.9,125307,67,76,2026-07-26,2026-08-15 15:57:42
9,1,OLD,20252402,군체,2026-05-21,11759500,0.3,-4199270,-26.3,62691570140,1131,-316,-21.8,5949981,104,119,2026-07-26,2026-08-15 15:57:42
10,2,OLD,20264027,극장판 도라에몽: 신 진구의 해저비밀성,2026-07-01,9367150,0.2,1441050,18.2,663780000,979,139,16.5,69574,70,80,2026-07-26,2026-08-15 15:57:42
1,0,OLD,20233219,호프,2026-07-15,1057545480,59.5,-1943531630,-64.8,38318449580,103402,-182468,-63.8,3519072,2096,7272,2026-07-27,2026-08-15 15:57:37
2,0,OLD,20261784,미니언즈 & 몬스터즈,2026-07-15,202780900,11.4,-275022600,-57.6,5949070580,21401,-27044,-55.8,584363,774,1856,2026-07-27,2026-08-15 15:57:37
3,0,OLD,20259946,모아나,2026-07-08,145849290,8.2,-200917990,-57.9,9905629670,15049,-19753,-56.8,924284,704,1403,2026-07-27,2026-08-15 15:57:37
4,0,OLD,20259781,토이 스토리 5,2026-06-17,112255100,6.3,-116820500,-51.0,29335619860,11521,-10966,-48.8,2848642,522,854,2026-07-27,2026-08-15 15:57:37
5,1,OLD,20242402,눈동자,2026-06-24,68698000,3.9,-69954370,-50.5,15664161540,6698,-6376,-48.8,1518312,545,885,2026-07-27,2026-08-15 15:57:37
6,-1,OLD,20262902,다윗,2026-07-10,47140850,2.7,-153002490,-76.4,2204854030,5037,-15778,-75.8,225388,307,379,2026-07-27,2026-08-15 15:57:37
7,0,OLD,20264665,드림 애니멀즈: 더무비,2026-07-24,33524130,1.9,-23802690,-41.5,252320440,3741,-2501,-40.1,28145,337,431,2026-07-27,2026-08-15 15:57:37
8,0,NEW,20255484,오케이 마담2,2026-08-12,26952000,1.5,26952000,100.0,29553000,2952,2952,100.0,3241,12,15,2026-07-27,2026-08-15 15:57:37
9,0,OLD,20252402,군체,2026-05-21,8301600,0.5,-3457900,-29.4,62699871740,812,-319,-28.2,5950793,126,143,2026-07-27,2026-08-15 15:57:37
10,-2,OLD,20263530,마티 슈프림,2026-07-01,7342100,0.4,-17421450,-70.4,1364544180,704,-1173,-62.5,126011,53,61,2026-07-27,2026-08-15 15:57:37
1,0,OLD,20233219,호프,2026-07-15,1023915630,58.5,-33629850,-3.2,39342365210,100147,-3255,-3.1,3619219,2108,7258,2026-07-28,2026-08-15 15:57:37
2,0,OLD,20261784,미니언즈 & 몬스터즈,2026-07-15,204455520,11.7,1674620,0.8,6153526100,22067,666,3.1,606430,806,1886,2026-07-28,2026-08-15 15:57:37
3,0,OLD,20259946,모아나,2026-07-08,148364140,8.5,2514850,1.7,10053993810,15557,508,3.4,939841,724,1441,2026-07-28,2026-08-15 15:57:37
4,0,OLD,20259781,토이 스토리 5,2026-06-17,119482840,6.8,7227740,6.4,29455102700,12498,977,8.5,2861140,536,884,2026-07-28,2026-08-15 15:57:37
5,0,OLD,20242402,눈동자,2026-06-24,67535250,3.9,-1162750,-1.7,15731696790,6533,-165,-2.5,1524845,525,881,2026-07-28,2026-08-15 15:57:37
6,0,OLD,20262902,다윗,2026-07-10,49701550,2.8,2560700,5.4,2254555580,5472,435,8.6,230860,315,388,2026-07-28,2026-08-15 15:57:37
7,0,OLD,20264665,드림 애니멀즈: 더무비,2026-07-24,28063810,1.6,-5460320,-16.3,280384250,3166,-575,-15.4,31311,323,414,2026-07-28,2026-08-15 15:57:37
8,0,NEW,20262770,스파이더맨: 브랜드 뉴 데이,2026-07-29,17586000,1.0,17586000,100.0,17586000,1254,1254,100.0,1254,3,5,2026-07-28,2026-08-15 15:57:37
9,0,OLD,20252402,군체,2026-05-21,9713100,0.6,1411500,17.0,62709584840,967,155,19.1,5951760,128,149,2026-07-28,2026-08-15 15:57:37
10,2,OLD,20262381,사랑의 하츄핑: 고래보석의 전설,2026-08-05,8649000,0.5,4149000,92.2,48689000,961,461,92.2,4951,5,5,2026-07-28,2026-08-15 15:57:37
1,7,OLD,20262770,스파이더맨: 브랜드 뉴 데이,2026-07-29,6915956640,83.2,6898370640,39226.5,6933542640,690979,689725,55002.0,692233,2304,9082,2026-07-29,2026-08-15 15:57:26
2,-1,OLD,20233219,호프,2026-07-15,831949150,10.0,-191966480,-18.7,40174314360,87892,-12255,-12.2,3707111,1023,2901,2026-07-29,2026-08-15 15:57:26
3,-1,OLD,20261784,미니언즈 & 몬스터즈,2026-07-15,192333300,2.3,-12122220,-5.9,6345859400,21655,-412,-1.9,628085,692,1065,2026-07-29,2026-08-15 15:57:26
4,-1,OLD,20259946,모아나,2026-07-08,100993520,1.2,-47370620,-31.9,10154987330,11102,-4455,-28.6,950943,471,656,2026-07-29,2026-08-15 15:57:26
5,-1,OLD,20259781,토이 스토리 5,2026-06-17,84644220,1.0,-34838620,-29.2,29539746920,9231,-3267,-26.1,2870371,320,385,2026-07-29,2026-08-15 15:57:26
6,0,NEW,20264148,어떻게 해야 했을까?,2026-07-29,35015300,0.4,35015300,100.0,37759300,3694,3694,100.0,4086,61,77,2026-07-29,2026-08-15 15:57:26
7,-1,OLD,20262902,다윗,2026-07-10,33863540,0.4,-15838010,-31.9,2288419120,3669,-1803,-32.9,234529,139,157,2026-07-29,2026-08-15 15:57:26
8,-1,OLD,20264665,드림 애니멀즈: 더무비,2026-07-24,22357400,0.3,-5706410,-20.3,302741650,2522,-644,-20.3,33833,224,231,2026-07-29,2026-08-15 15:57:26
9,-4,OLD,20242402,눈동자,2026-06-24,24170260,0.3,-43364990,-64.2,15755867050,2488,-4045,-61.9,1527333,199,232,2026-07-29,2026-08-15 15:57:26
10,5,OLD,20242837,왕과 사는 남자,2026-02-04,6874000,0.1,3505000,104.0,163215573840,1004,503,100.4,16916280,12,12,2026-07-29,2026-08-15 15:57:26
1,0,OLD,20262770,스파이더맨: 브랜드 뉴 데이,2026-07-29,4654882550,78.8,-2261074090,-32.7,11588425190,441844,-249135,-36.1,1134077,2222,8848,2026-07-30,2026-08-15 15:57:22
2,0,OLD,20233219,호프,2026-07-15,664603620,11.2,-167345530,-20.1,40838917980,67623,-20269,-23.1,3774734,1026,2954,2026-07-30,2026-08-15 15:57:22
3,0,OLD,20261784,미니언즈 & 몬스터즈,2026-07-15,187808260,3.2,-4525040,-2.4,6533667660,20610,-1045,-4.8,648695,690,1067,2026-07-30,2026-08-15 15:57:22
4,0,OLD,20259946,모아나,2026-07-08,110939350,1.9,9945830,9.8,10265926680,11882,780,7.0,962825,486,707,2026-07-30,2026-08-15 15:57:22
5,0,OLD,20259781,토이 스토리 5,2026-06-17,94315820,1.6,9671600,11.4,29634062740,9967,736,8.0,2880338,358,435,2026-07-30,2026-08-15 15:57:22
6,0,OLD,20264148,어떻게 해야 했을까?,2026-07-29,39247920,0.7,4232620,12.1,77007220,3913,219,5.9,7999,52,80,2026-07-30,2026-08-15 15:57:22
7,0,OLD,20262902,다윗,2026-07-10,36130800,0.6,2267260,6.7,2324549920,3836,167,4.6,238365,150,166,2026-07-30,2026-08-15 15:57:22
8,0,OLD,20264665,드림 애니멀즈: 더무비,2026-07-24,29428220,0.5,7070820,31.6,332169870,3444,922,36.6,37277,238,250,2026-07-30,2026-08-15 15:57:22
9,0,OLD,20242402,눈동자,2026-06-24,26754600,0.5,2584340,10.7,15782621650,2680,192,7.7,1530013,220,261,2026-07-30,2026-08-15 15:57:22
10,1,OLD,20257100,산양들,2026-07-29,9096050,0.2,1267050,16.2,24172050,1118,230,25.9,2827,39,51,2026-07-30,2026-08-15 15:57:22
1,0,OLD,20262770,스파이더맨: 브랜드 뉴 데이,2026-07-29,5796801450,79.4,1141918900,24.5,17385226640,526328,84484,19.1,1660405,2275,9373,2026-07-31,2026-08-15 15:57:21
2,0,OLD,20233219,호프,2026-07-15,835666800,11.4,171063180,25.7,41674584780,81496,13873,20.5,3856230,1005,2980,2026-07-31,2026-08-15 15:57:21
3,0,OLD,20261784,미니언즈 & 몬스터즈,2026-07-15,190218930,2.6,2410670,1.3,6723886590,20042,-568,-2.8,668737,726,1110,2026-07-31,2026-08-15 15:57:21
4,0,OLD,20259946,모아나,2026-07-08,112605600,1.5,1666250,1.5,10378532280,11630,-252,-2.1,974455,480,705,2026-07-31,2026-08-15 15:57:21
5,0,OLD,20259781,토이 스토리 5,2026-06-17,102040720,1.4,7724900,8.2,29736103460,10380,413,4.1,2890718,395,472,2026-07-31,2026-08-15 15:57:21
6,1,OLD,20262902,다윗,2026-07-10,59424000,0.8,23293200,64.5,2383973920,6272,2436,63.5,244637,186,207,2026-07-31,2026-08-15 15:57:21
7,-1,OLD,20264148,어떻게 해야 했을까?,2026-07-29,45668700,0.6,6420780,16.4,122675920,4351,438,11.2,12350,61,94,2026-07-31,2026-08-15 15:57:21
8,1,OLD,20242402,눈동자,2026-06-24,25475350,0.3,-1279250,-4.8,15808097000,2375,-305,-11.4,1532388,200,246,2026-07-31,2026-08-15 15:57:21
9,-1,OLD,20264665,드림 애니멀즈: 더무비,2026-07-24,17893270,0.2,-11534950,-39.2,350063140,1943,-1501,-43.6,39220,173,178,2026-07-31,2026-08-15 15:57:21
10,0,NEW,20265254,투모로우바이투게더 브이알 콘서트 : 엔드리스 라이드,2026-07-31,52001000,0.7,52001000,100.0,52001000,1469,1469,100.0,1469,2,14,2026-07-31,2026-08-15 15:57:21
1,0,OLD,20262770,스파이더맨: 브랜드 뉴 데이,2026-07-29,9697305810,80.9,3900504360,67.3,27082532450,901580,375252,71.3,2561985,2409,10152,2026-08-01,2026-08-15 15:57:03
2,0,OLD,20233219,호프,2026-07-15,1403288900,11.7,567622100,67.9,43077873680,136417,54921,67.4,3992647,957,2724,2026-08-01,2026-08-15 15:57:03
3,0,OLD,20261784,미니언즈 & 몬스터즈,2026-07-15,211438510,1.8,21219580,11.2,6935325100,22173,2131,10.6,690910,715,1091,2026-08-01,2026-08-15 15:57:03
4,0,OLD,20259946,모아나,2026-07-08,124129850,1.0,11524250,10.2,10502662130,12729,1099,9.4,987184,465,626,2026-08-01,2026-08-15 15:57:03
5,0,NEW,20262381,사랑의 하츄핑: 고래보석의 전설,2026-08-05,127985600,1.1,127985600,100.0,181687600,10681,10681,100.0,16189,76,91,2026-08-01,2026-08-15 15:57:03
6,-1,OLD,20259781,토이 스토리 5,2026-06-17,100129740,0.8,-1910980,-1.9,29836233200,9940,-440,-4.2,2900658,367,455,2026-08-01,2026-08-15 15:57:03
7,-1,OLD,20262902,다윗,2026-07-10,85172890,0.7,25748890,43.3,2469146810,8795,2523,40.2,253432,253,285,2026-08-01,2026-08-15 15:57:03
8,-1,OLD,20264148,어떻게 해야 했을까?,2026-07-29,64192100,0.5,18523400,40.6,186868020,6224,1873,43.0,18574,67,110,2026-08-01,2026-08-15 15:57:03
9,-1,OLD,20242402,눈동자,2026-06-24,28513200,0.2,3037850,11.9,15836610200,2646,271,11.4,1535034,160,187,2026-08-01,2026-08-15 15:57:03
10,-1,OLD,20264665,드림 애니멀즈: 더무비,2026-07-24,12517310,0.1,-5375960,-30.0,362580450,1365,-578,-29.7,40585,130,134,2026-08-01,2026-08-15 15:57:03
1,0,OLD,20262770,스파이더맨: 브랜드 뉴 데이,2026-07-29,8780336600,80.9,-916969210,-9.5,35862869050,826335,-75245,-8.3,3388320,2382,9784,2026-08-02,2026-08-15 15:57:03
2,0,OLD,20233219,호프,2026-07-15,1200381570,11.1,-202907330,-14.5,44278255250,117897,-18520,-13.6,4110544,965,2620,2026-08-02,2026-08-15 15:57:03
3,0,OLD,20261784,미니언즈 & 몬스터즈,2026-07-15,218408190,2.0,6969680,3.3,7153733290,23030,857,3.9,713940,716,1089,2026-08-02,2026-08-15 15:57:03
4,0,OLD,20259946,모아나,2026-07-08,124095400,1.1,-34450,0.0,10626757530,12763,34,0.3,999947,452,580,2026-08-02,2026-08-15 15:57:03
5,1,OLD,20259781,토이 스토리 5,2026-06-17,115375580,1.1,15245840,15.2,29951608780,11554,1614,16.2,2912212,375,472,2026-08-02,2026-08-15 15:57:03
6,-1,OLD,20262381,사랑의 하츄핑: 고래보석의 전설,2026-08-05,125351720,1.2,-2633880,-2.1,307039320,10305,-376,-3.5,26494,75,85,2026-08-02,2026-08-15 15:57:03
7,0,OLD,20262902,다윗,2026-07-10,94622950,0.9,9450060,11.1,2563769760,9917,1122,12.8,263349,243,276,2026-08-02,2026-08-15 15:57:03
8,0,OLD,20264148,어떻게 해야 했을까?,2026-07-29,56577800,0.5,-7614300,-11.9,243445820,5434,-790,-12.7,24008,63,107,2026-08-02,2026-08-15 15:57:03
9,0,OLD,20242402,눈동자,2026-06-24,25049300,0.2,-3463900,-12.1,15861659500,2341,-305,-11.5,1537375,151,176,2026-08-02,2026-08-15 15:57:03
10,0,OLD,20264665,드림 애니멀즈: 더무비,2026-07-24,12786500,0.1,269190,2.2,375366950,1411,46,3.4,41996,126,130,2026-08-02,2026-08-15 15:57:03
1,0,OLD,20262770,스파이더맨: 브랜드 뉴 데이,2026-07-29,4174462150,80.5,-4605874450,-52.5,40037331200,401780,-424555,-51.4,3790100,2178,8774,2026-08-03,2026-08-15 15:57:02
2,0,OLD,20233219,호프,2026-07-15,618271300,11.9,-582110270,-48.5,44896526550,63927,-53970,-45.8,4174471,901,2658,2026-08-03,2026-08-15 15:57:02
3,0,OLD,20261784,미니언즈 & 몬스터즈,2026-07-15,113041800,2.2,-105366390,-48.2,7266775090,12454,-10576,-45.9,726394,672,1050,2026-08-03,2026-08-15 15:57:02
4,1,OLD,20259781,토이 스토리 5,2026-06-17,71227390,1.4,-44148190,-38.3,30022836170,7454,-4100,-35.5,2919666,384,487,2026-08-03,2026-08-15 15:57:02
5,-1,OLD,20259946,모아나,2026-07-08,65168340,1.3,-58927060,-47.5,10691925870,6986,-5777,-45.3,1006933,437,580,2026-08-03,2026-08-15 15:57:02
6,2,OLD,20264148,어떻게 해야 했을까?,2026-07-29,31604660,0.6,-24973140,-44.1,275050480,3147,-2287,-42.1,27155,59,103,2026-08-03,2026-08-15 15:57:02
7,0,OLD,20262902,다윗,2026-07-10,29609230,0.6,-65013720,-68.7,2593378990,3085,-6832,-68.9,266434,171,199,2026-08-03,2026-08-15 15:57:02
8,1,OLD,20242402,눈동자,2026-06-24,15303850,0.3,-9745450,-38.9,15876963350,1489,-852,-36.4,1538864,164,185,2026-08-03,2026-08-15 15:57:02
9,1,OLD,20264665,드림 애니멀즈: 더무비,2026-07-24,7537100,0.1,-5249400,-41.1,382904050,845,-566,-40.1,42841,112,112,2026-08-03,2026-08-15 15:57:02
10,0,NEW,20250654,오디세이,2026-08-05,6102000,0.1,6102000,100.0,16710000,678,678,100.0,1302,2,2,2026-08-03,2026-08-15 15:57:02
1,0,OLD,20262770,스파이더맨: 브랜드 뉴 데이,2026-07-29,3631229270,78.5,-543232880,-13.0,43668560470,348287,-53493,-13.3,4138387,2214,8852,2026-08-04,2026-08-15 15:57:02
2,0,OLD,20233219,호프,2026-07-15,582035140,12.6,-36236160,-5.9,45478561690,61234,-2693,-4.2,4235705,919,2690,2026-08-04,2026-08-15 15:57:02
3,0,OLD,20261784,미니언즈 & 몬스터즈,2026-07-15,110412150,2.4,-2629650,-2.3,7377187240,12337,-117,-0.9,738731,668,1029,2026-08-04,2026-08-15 15:57:02
4,0,OLD,20259781,토이 스토리 5,2026-06-17,73375740,1.6,2148350,3.0,30096211910,7890,436,5.8,2927556,385,488,2026-08-04,2026-08-15 15:57:02
5,0,OLD,20259946,모아나,2026-07-08,63546500,1.4,-1621840,-2.5,10755472370,6864,-122,-1.7,1013797,444,603,2026-08-04,2026-08-15 15:57:02
6,1,OLD,20262902,다윗,2026-07-10,28581200,0.6,-1028030,-3.5,2621960190,3059,-26,-0.8,269493,178,204,2026-08-04,2026-08-15 15:57:02
7,-1,OLD,20264148,어떻게 해야 했을까?,2026-07-29,29506850,0.6,-2097810,-6.6,304557330,2991,-156,-5.0,30146,56,104,2026-08-04,2026-08-15 15:57:02
8,0,OLD,20242402,눈동자,2026-06-24,13952100,0.3,-1351750,-8.8,15890915450,1369,-120,-8.1,1540233,168,189,2026-08-04,2026-08-15 15:57:02
9,1,OLD,20250654,오디세이,2026-08-05,12681000,0.3,6579000,107.8,29391000,1065,387,57.1,2367,3,3,2026-08-04,2026-08-15 15:57:02
10,0,NEW,20262381,사랑의 하츄핑: 고래보석의 전설,2026-08-05,10966800,0.2,10966800,100.0,318006120,916,916,100.0,27410,3,6,2026-08-04,2026-08-15 15:57:02
1,8,OLD,20250654,오디세이,2026-08-05,3136533240,44.7,3123852240,24634.1,3165924240,292706,291641,27384.1,295073,1682,5036,2026-08-05,2026-08-15 15:57:01
2,-1,OLD,20262770,스파이더맨: 브랜드 뉴 데이,2026-07-29,2725260730,38.9,-905968540,-24.9,46393821200,275167,-73120,-21.0,4413554,1666,5657,2026-08-05,2026-08-15 15:57:01
3,7,OLD,20262381,사랑의 하츄핑: 고래보석의 전설,2026-08-05,659585480,9.4,648618680,5914.4,977591600,73165,72249,7887.4,100575,824,1751,2026-08-05,2026-08-15 15:57:01
4,-2,OLD,20233219,호프,2026-07-15,290926170,4.1,-291108970,-50.0,45769487860,30066,-31168,-50.9,4265771,690,1164,2026-08-05,2026-08-15 15:57:01
5,-2,OLD,20261784,미니언즈 & 몬스터즈,2026-07-15,45915250,0.7,-64496900,-58.4,7423102490,5297,-7040,-57.1,744028,302,340,2026-08-05,2026-08-15 15:57:01
6,1,OLD,20264148,어떻게 해야 했을까?,2026-07-29,39024770,0.6,9517920,32.3,343582100,4132,1141,38.1,34278,74,140,2026-08-05,2026-08-15 15:57:01
7,-3,OLD,20259781,토이 스토리 5,2026-06-17,25988750,0.4,-47386990,-64.6,30122200660,2768,-5122,-64.9,2930324,150,162,2026-08-05,2026-08-15 15:57:01
8,-3,OLD,20259946,모아나,2026-07-08,19959260,0.3,-43587240,-68.6,10775431630,2325,-4539,-66.1,1016122,119,127,2026-08-05,2026-08-15 15:57:01
9,-3,OLD,20262902,다윗,2026-07-10,12720600,0.2,-15860600,-55.5,2634680790,1390,-1669,-54.6,270883,70,74,2026-08-05,2026-08-15 15:57:01
10,0,NEW,20262945,퍼피 구조대: 더 다이노 무비,2026-08-13,6714000,0.1,6714000,100.0,6714000,746,746,100.0,746,3,3,2026-08-05,2026-08-15 15:57:01
1,0,OLD,20250654,오디세이,2026-08-05,2672164870,45.2,-464368370,-14.8,5838089110,246219,-46487,-15.9,541292,1660,4912,2026-08-06,2026-08-15 15:57:00
2,0,OLD,20262770,스파이더맨: 브랜드 뉴 데이,2026-07-29,2367884110,40.1,-357376620,-13.1,48761705310,238066,-37101,-13.5,4651620,1694,5675,2026-08-06,2026-08-15 15:57:00
3,0,OLD,20262381,사랑의 하츄핑: 고래보석의 전설,2026-08-05,386345380,6.5,-273240100,-41.4,1363936980,43768,-29397,-40.2,144343,801,1698,2026-08-06,2026-08-15 15:57:00
4,0,OLD,20233219,호프,2026-07-15,261929550,4.4,-28996620,-10.0,46031417410,27200,-2866,-9.5,4292971,688,1163,2026-08-06,2026-08-15 15:57:00
5,0,OLD,20261784,미니언즈 & 몬스터즈,2026-07-15,38688200,0.7,-7227050,-15.7,7461790690,4646,-651,-12.3,748674,284,313,2026-08-06,2026-08-15 15:57:00
6,0,NEW,20255484,오케이 마담2,2026-08-12,40203000,0.7,40203000,100.0,71416000,4467,4467,100.0,7874,25,25,2026-08-06,2026-08-15 15:57:00
7,-1,OLD,20264148,어떻게 해야 했을까?,2026-07-29,33483050,0.6,-5541720,-14.2,377065150,3420,-712,-17.2,37698,78,143,2026-08-06,2026-08-15 15:57:00
8,-1,OLD,20259781,토이 스토리 5,2026-06-17,24128200,0.4,-1860550,-7.2,30146328860,2665,-103,-3.7,2932989,148,154,2026-08-06,2026-08-15 15:57:00
9,0,OLD,20262902,다윗,2026-07-10,14737500,0.2,2016900,15.9,2649418290,1607,217,15.6,272490,77,81,2026-08-06,2026-08-15 15:57:00
10,-2,OLD,20259946,모아나,2026-07-08,13807550,0.2,-6151710,-30.8,10789239180,1536,-789,-33.9,1017658,106,113,2026-08-06,2026-08-15 15:57:00
1,0,OLD,20250654,오디세이,2026-08-05,3490658270,47.2,818493400,30.6,9328747380,310288,64069,26.0,851580,1633,5012,2026-08-07,2026-08-15 15:57:00
2,0,OLD,20262770,스파이더맨: 브랜드 뉴 데이,2026-07-29,2995154840,40.5,627270730,26.5,51756860150,286709,48643,20.4,4938329,1751,6084,2026-08-07,2026-08-15 15:57:00
3,0,OLD,20262381,사랑의 하츄핑: 고래보석의 전설,2026-08-05,384140750,5.2,-2204630,-0.6,1748077730,41708,-2060,-4.7,186051,822,1798,2026-08-07,2026-08-15 15:57:00
4,0,OLD,20233219,호프,2026-07-15,323269460,4.4,61339910,23.4,46354686870,30831,3631,13.3,4323802,658,1135,2026-08-07,2026-08-15 15:57:00
5,0,OLD,20261784,미니언즈 & 몬스터즈,2026-07-15,40089750,0.5,1401550,3.6,7501880440,4525,-121,-2.6,753199,260,281,2026-08-07,2026-08-15 15:57:00
6,1,OLD,20264148,어떻게 해야 했을까?,2026-07-29,36250000,0.5,2766950,8.3,413315150,3505,85,2.5,41203,81,145,2026-08-07,2026-08-15 15:57:00
7,2,OLD,20262902,다윗,2026-07-10,25396950,0.3,10659450,72.3,2674815240,2671,1064,66.2,275161,75,79,2026-08-07,2026-08-15 15:57:00
8,0,OLD,20259781,토이 스토리 5,2026-06-17,23252890,0.3,-875310,-3.6,30169581750,2415,-250,-9.4,2935404,141,149,2026-08-07,2026-08-15 15:57:00
9,1,OLD,20259946,모아나,2026-07-08,15306450,0.2,1498900,10.9,10804545630,1570,34,2.2,1019228,91,97,2026-08-07,2026-08-15 15:57:00
10,5,OLD,20265254,투모로우바이투게더 브이알 콘서트 : 엔드리스 라이드,2026-07-31,16091000,0.2,4986000,44.9,195756000,454,140,44.6,5528,2,16,2026-08-07,2026-08-15 15:57:00
1,0,OLD,20250654,오디세이,2026-08-05,5748501340,44.1,2257843070,64.7,15077248720,525640,215352,69.4,1377220,1745,5187,2026-08-08,2026-08-15 15:56:57
2,0,OLD,20262770,스파이더맨: 브랜드 뉴 데이,2026-07-29,5341934920,41.0,2346780080,78.4,57098795070,514125,227416,79.3,5452454,1802,6440,2026-08-08,2026-08-15 15:56:57
3,0,OLD,20262381,사랑의 하츄핑: 고래보석의 전설,2026-08-05,1182377140,9.1,798236390,207.8,2930454870,124186,82478,197.8,310237,958,2216,2026-08-08,2026-08-15 15:56:57
4,0,OLD,20233219,호프,2026-07-15,399903800,3.1,76634340,23.7,46754590670,37846,7015,22.8,4361648,553,868,2026-08-08,2026-08-15 15:56:57
5,2,OLD,20262902,다윗,2026-07-10,54209890,0.4,28812940,113.5,2729025130,5847,3176,118.9,281008,125,134,2026-08-08,2026-08-15 15:56:57
6,-1,OLD,20261784,미니언즈 & 몬스터즈,2026-07-15,45893200,0.4,5803450,14.5,7547773640,5077,552,12.2,758276,227,240,2026-08-08,2026-08-15 15:56:57
7,-1,OLD,20264148,어떻게 해야 했을까?,2026-07-29,46435150,0.4,10185150,28.1,459750300,4547,1042,29.7,45750,76,140,2026-08-08,2026-08-15 15:56:57
8,0,NEW,20264635,명탐정 코난: 하이웨이의 타천사,2026-08-12,55751450,0.4,55751450,100.0,55751450,4355,4355,100.0,4355,36,37,2026-08-08,2026-08-15 15:56:57
9,-1,OLD,20259781,토이 스토리 5,2026-06-17,20228640,0.2,-3024250,-13.0,30189810390,2067,-348,-14.4,2937471,109,112,2026-08-08,2026-08-15 15:56:57
10,0,NEW,20255484,오케이 마담2,2026-08-12,18623700,0.1,18623700,100.0,90039700,1527,1527,100.0,9401,12,16,2026-08-08,2026-08-15 15:56:57
1,0,OLD,20250654,오디세이,2026-08-05,5421019260,44.9,-327482080,-5.7,20498267980,497543,-28097,-5.3,1874763,1798,5118,2026-08-09,2026-08-15 15:56:56
2,0,OLD,20262770,스파이더맨: 브랜드 뉴 데이,2026-07-29,4782381970,39.6,-559552950,-10.5,61881177040,463909,-50216,-9.8,5916363,1763,6052,2026-08-09,2026-08-15 15:56:56
3,0,OLD,20262381,사랑의 하츄핑: 고래보석의 전설,2026-08-05,1172012190,9.7,-10364950,-0.9,4102467060,123565,-621,-0.5,433802,941,2164,2026-08-09,2026-08-15 15:56:56
4,0,OLD,20233219,호프,2026-07-15,336395020,2.8,-63508780,-15.9,47090985690,32223,-5623,-14.9,4393871,548,832,2026-08-09,2026-08-15 15:56:56
5,0,OLD,20262902,다윗,2026-07-10,78274050,0.6,24064160,44.4,2807299180,8342,2495,42.7,289350,145,154,2026-08-09,2026-08-15 15:56:56
6,0,OLD,20261784,미니언즈 & 몬스터즈,2026-07-15,45056680,0.4,-836520,-1.8,7592830320,5014,-63,-1.2,763290,227,243,2026-08-09,2026-08-15 15:56:56
7,1,OLD,20264635,명탐정 코난: 하이웨이의 타천사,2026-08-12,57231270,0.5,1479820,2.7,112982720,4473,118,2.7,8828,37,38,2026-08-09,2026-08-15 15:56:56
8,-1,OLD,20264148,어떻게 해야 했을까?,2026-07-29,40423200,0.3,-6011950,-12.9,500173500,3978,-569,-12.5,49728,79,137,2026-08-09,2026-08-15 15:56:56
9,1,OLD,20255484,오케이 마담2,2026-08-12,25903900,0.2,7280200,39.1,115943600,2382,855,56.0,11783,12,14,2026-08-09,2026-08-15 15:56:56
10,-1,OLD,20259781,토이 스토리 5,2026-06-17,18777850,0.2,-1450790,-7.2,30208588240,1907,-160,-7.7,2939378,99,102,2026-08-09,2026-08-15 15:56:56
1,0,OLD,20250654,오디세이,2026-08-05,2827960070,56.2,-2593059190,-47.8,23326228050,257612,-239931,-48.2,2132375,1647,4991,2026-08-10,2026-08-15 15:56:55
2,0,OLD,20262770,스파이더맨: 브랜드 뉴 데이,2026-07-29,1773505300,35.2,-3008876670,-62.9,63654682340,174611,-289298,-62.4,6090974,1590,5518,2026-08-10,2026-08-15 15:56:55
3,0,OLD,20262381,사랑의 하츄핑: 고래보석의 전설,2026-08-05,174337210,3.5,-997674980,-85.1,4276804270,19410,-104155,-84.3,453212,726,1509,2026-08-10,2026-08-15 15:56:55
4,0,OLD,20233219,호프,2026-07-15,146372870,2.9,-190022150,-56.5,47237358560,14523,-17700,-54.9,4408394,562,949,2026-08-10,2026-08-15 15:56:55
5,3,OLD,20264148,어떻게 해야 했을까?,2026-07-29,22904150,0.5,-17519050,-43.3,523077650,2317,-1661,-41.8,52045,70,132,2026-08-10,2026-08-15 15:56:55
6,0,OLD,20261784,미니언즈 & 몬스터즈,2026-07-15,19237500,0.4,-25819180,-57.3,7612067820,2193,-2821,-56.3,765483,208,217,2026-08-10,2026-08-15 15:56:55
7,3,OLD,20259781,토이 스토리 5,2026-06-17,10804150,0.2,-7973700,-42.5,30219392390,1112,-795,-41.7,2940490,109,112,2026-08-10,2026-08-15 15:56:55
8,-3,OLD,20262902,다윗,2026-07-10,9168150,0.2,-69105900,-88.3,2816467330,958,-7384,-88.5,290308,65,69,2026-08-10,2026-08-15 15:56:55
9,3,OLD,20259946,모아나,2026-07-08,7290500,0.1,748300,11.4,10828515930,826,149,22.0,1021759,67,70,2026-08-10,2026-08-15 15:56:55
10,5,OLD,20263530,마티 슈프림,2026-07-01,2896500,0.1,-2994350,-50.8,1426494680,290,-107,-27.0,131844,18,18,2026-08-10,2026-08-15 15:56:55
1,0,OLD,20250654,오디세이,2026-08-05,2613336770,56.6,-214623300,-7.6,25939564820,236219,-21393,-8.3,2368594,1697,5075,2026-08-11,2026-08-15 15:56:54
2,0,OLD,20262770,스파이더맨: 브랜드 뉴 데이,2026-07-29,1538527900,33.3,-234977400,-13.2,65193210240,151901,-22710,-13.0,6242875,1618,5552,2026-08-11,2026-08-15 15:56:54
3,0,OLD,20262381,사랑의 하츄핑: 고래보석의 전설,2026-08-05,169298340,3.7,-5038870,-2.9,4446102610,19207,-203,-1.0,472419,755,1509,2026-08-11,2026-08-15 15:56:54
4,0,OLD,20233219,호프,2026-07-15,142342040,3.1,-4030830,-2.8,47379700600,14078,-445,-3.1,4422472,580,977,2026-08-11,2026-08-15 15:56:54
5,0,OLD,20264148,어떻게 해야 했을까?,2026-07-29,26766300,0.6,3862150,16.9,549843950,2696,379,16.4,54741,70,127,2026-08-11,2026-08-15 15:56:54
6,0,OLD,20261784,미니언즈 & 몬스터즈,2026-07-15,23066750,0.5,3829250,19.9,7635134570,2689,496,22.6,768172,222,233,2026-08-11,2026-08-15 15:56:54
7,0,OLD,20259781,토이 스토리 5,2026-06-17,17324500,0.4,6520350,60.4,30236716890,1862,750,67.4,2942352,121,127,2026-08-11,2026-08-15 15:56:54
8,6,OLD,20264879,청년 조용기,2026-09-11,11560000,0.3,9643000,503.0,20036000,1193,980,460.1,2055,6,10,2026-08-11,2026-08-15 15:56:54
9,0,OLD,20259946,모아나,2026-07-08,10258450,0.2,2967950,40.7,10838774380,1172,346,41.9,1022931,64,67,2026-08-11,2026-08-15 15:56:54
10,-2,OLD,20262902,다윗,2026-07-10,8774150,0.2,-394000,-4.3,2825241480,964,6,0.6,291272,64,67,2026-08-11,2026-08-15 15:56:54
1,0,OLD,20250654,오디세이,2026-08-05,2637499190,49.3,24162420,0.9,28577064010,247318,11099,4.7,2615912,1727,4730,2026-08-12,2026-08-15 15:56:54
2,0,OLD,20262770,스파이더맨: 브랜드 뉴 데이,2026-07-29,1387059150,25.9,-151468750,-9.8,66580269390,147198,-4703,-3.1,6390073,1443,4208,2026-08-12,2026-08-15 15:56:54
3,0,NEW,20264635,명탐정 코난: 하이웨이의 타천사,2026-08-12,635246320,11.9,635246320,100.0,748229040,67964,67964,100.0,76792,809,1794,2026-08-12,2026-08-15 15:56:54
4,18,OLD,20255484,오케이 마담2,2026-08-12,362666260,6.8,360965260,21220.8,480616860,42926,42737,22612.2,54932,925,2514,2026-08-12,2026-08-15 15:56:54
5,-2,OLD,20262381,사랑의 하츄핑: 고래보석의 전설,2026-08-05,132244160,2.5,-37054180,-21.9,4578346770,14977,-4230,-22.0,487396,564,793,2026-08-12,2026-08-15 15:56:54
6,-2,OLD,20233219,호프,2026-07-15,75037550,1.4,-67304490,-47.3,47454738150,7631,-6447,-45.8,4430103,307,406,2026-08-12,2026-08-15 15:56:54
7,-2,OLD,20264148,어떻게 해야 했을까?,2026-07-29,23871450,0.4,-2894850,-10.8,573715400,2734,38,1.4,57475,51,93,2026-08-12,2026-08-15 15:56:54
8,-2,OLD,20261784,미니언즈 & 몬스터즈,2026-07-15,10252400,0.2,-12814350,-55.6,7645386970,1232,-1457,-54.2,769404,48,50,2026-08-12,2026-08-15 15:56:54
9,0,NEW,20185485,보헤미안 랩소디,2018-10-31,12068450,0.2,12068450,100.0,86293044235,1230,1230,100.0,9949616,54,171,2026-08-12,2026-08-15 15:56:54
10,0,NEW,19940067,애정만세,1995-06-17,10385850,0.2,10385850,100.0,28904450,1201,1201,100.0,3211,48,52,2026-08-12,2026-08-15 15:56:54
1,0,OLD,20250654,오디세이,2026-08-05,2619237760,54.8,-18261430,-0.7,31196301770,234829,-12489,-5.0,2850741,1726,4879,2026-08-13,2026-08-15 15:56:49
2,0,OLD,20262770,스파이더맨: 브랜드 뉴 데이,2026-07-29,1228315890,25.7,-158743260,-11.4,67808585280,121466,-25732,-17.5,6511539,1369,4118,2026-08-13,2026-08-15 15:56:49
3,0,OLD,20264635,명탐정 코난: 하이웨이의 타천사,2026-08-12,317151170,6.6,-318095150,-50.1,1065380210,32715,-35249,-51.9,109507,717,1541,2026-08-13,2026-08-15 15:56:49
4,0,OLD,20255484,오케이 마담2,2026-08-12,246023500,5.1,-116642760,-32.2,726640360,28054,-14872,-34.6,82986,857,2345,2026-08-13,2026-08-15 15:56:49
5,0,OLD,20262381,사랑의 하츄핑: 고래보석의 전설,2026-08-05,106874540,2.2,-25369620,-19.2,4685221310,12203,-2774,-18.5,499599,545,754,2026-08-13,2026-08-15 15:56:49
6,0,OLD,20233219,호프,2026-07-15,69280720,1.4,-5756830,-7.7,47524018870,6750,-881,-11.5,4436853,317,418,2026-08-13,2026-08-15 15:56:49
7,0,NEW,20262945,퍼피 구조대: 더 다이노 무비,2026-08-13,39257900,0.8,39257900,100.0,82410900,4240,4240,100.0,7986,289,314,2026-08-13,2026-08-15 15:56:49
8,0,NEW,20247458,경주기행,2026-08-26,28264000,0.6,28264000,100.0,28264000,3112,3112,100.0,3112,13,14,2026-08-13,2026-08-15 15:56:49
9,-2,OLD,20264148,어떻게 해야 했을까?,2026-07-29,22455950,0.5,-1415500,-5.9,596171350,2338,-396,-14.5,59813,53,94,2026-08-13,2026-08-15 15:56:49
10,2,OLD,20264879,청년 조용기,2026-09-11,13881000,0.3,7765000,127.0,40033000,1403,770,121.6,4091,5,13,2026-08-13,2026-08-15 15:56:49
1,0,OLD,20250654,오디세이,2026-08-05,3773930780,59.1,1154693020,44.1,34970232550,329049,94220,40.1,3179790,1876,5485,2026-08-14,2026-08-15 15:56:48
2,0,OLD,20262770,스파이더맨: 브랜드 뉴 데이,2026-07-29,1649304980,25.8,420989090,34.3,69457890260,154950,33484,27.6,6666489,1380,4175,2026-08-14,2026-08-15 15:56:48
3,0,OLD,20264635,명탐정 코난: 하이웨이의 타천사,2026-08-12,296085500,4.6,-21065670,-6.6,1361465710,28804,-3911,-12.0,138311,752,1498,2026-08-14,2026-08-15 15:56:48
4,0,OLD,20255484,오케이 마담2,2026-08-12,246894300,3.9,870800,0.4,973534660,26242,-1812,-6.5,109228,844,2160,2026-08-14,2026-08-15 15:56:48
5,0,OLD,20262381,사랑의 하츄핑: 고래보석의 전설,2026-08-05,134219450,2.1,27344910,25.6,4819440760,14427,2224,18.2,514026,582,790,2026-08-14,2026-08-15 15:56:48
6,0,OLD,20233219,호프,2026-07-15,96355870,1.5,27075150,39.1,47620374740,9171,2421,35.9,4446024,324,480,2026-08-14,2026-08-15 15:56:48
7,0,OLD,20262945,퍼피 구조대: 더 다이노 무비,2026-08-13,32858950,0.5,-6398950,-16.3,115269850,3507,-733,-17.3,11493,274,296,2026-08-14,2026-08-15 15:56:48
8,1,OLD,20264148,어떻게 해야 했을까?,2026-07-29,25341900,0.4,2885950,12.9,621513250,2465,127,5.4,62278,56,104,2026-08-14,2026-08-15 15:56:48
9,3,OLD,20185485,보헤미안 랩소디,2018-10-31,23478750,0.4,14149100,151.7,86325852635,2111,1203,132.5,9952635,60,166,2026-08-14,2026-08-15 15:56:48
10,1,OLD,20261784,미니언즈 & 몬스터즈,2026-07-15,11059550,0.2,2994600,37.1,7664511470,1460,385,35.8,771939,39,39,2026-08-14,2026-08-15 15:56:48
